
> n8n-monorepo@2.0.0 build /Users/joaolucashilgert/Development/Docker/n8n8
> turbo run build

turbo 2.5.4

• Packages in scope: @n8n/ai-workflow-builder, @n8n/api-types, @n8n/backend-common, @n8n/backend-test-utils, @n8n/chat, @n8n/client-oauth2, @n8n/codemirror-lang, @n8n/codemirror-lang-sql, @n8n/composables, @n8n/config, @n8n/constants, @n8n/create-node, @n8n/db, @n8n/decorators, @n8n/design-system, @n8n/di, @n8n/errors, @n8n/eslint-config, @n8n/eslint-plugin-community-nodes, @n8n/extension-sdk, @n8n/i18n, @n8n/imap, @n8n/json-schema-to-zod, @n8n/n8n-benchmark, @n8n/n8n-extension-insights, @n8n/n8n-nodes-langchain, @n8n/node-cli, @n8n/permissions, @n8n/rest-api-client, @n8n/scan-community-package, @n8n/stores, @n8n/storybook, @n8n/stylelint-config, @n8n/task-runner, @n8n/typescript-config, @n8n/utils, @n8n/vitest-config, n8n, n8n-containers, n8n-core, n8n-editor-ui, n8n-node-dev, n8n-nodes-base, n8n-playwright, n8n-workflow
• Running build in 45 packages
• Remote caching disabled
@n8n/vitest-config:build: cache hit, replaying logs df4b355ca9035d08
@n8n/vitest-config:build: 
@n8n/vitest-config:build: > @n8n/vitest-config@1.5.0 build /Users/joaolucashilgert/Development/Docker/n8n8/packages/@n8n/vitest-config
@n8n/vitest-config:build: > tsc -p tsconfig.build.json
@n8n/vitest-config:build: 
@n8n/errors:build: cache hit, replaying logs 06afef9e3e659bad
@n8n/errors:build: 
@n8n/errors:build: > @n8n/errors@0.5.0 build /Users/joaolucashilgert/Development/Docker/n8n8/packages/@n8n/errors
@n8n/errors:build: > tsc -p tsconfig.build.json
@n8n/errors:build: 
@n8n/codemirror-lang:build: cache hit, replaying logs 3f034a2f269646bd
@n8n/di:build: cache hit, replaying logs 1ed6c095229bc59e
@n8n/di:build: 
@n8n/di:build: > @n8n/di@0.10.0 build /Users/joaolucashilgert/Development/Docker/n8n8/packages/@n8n/di
@n8n/di:build: > tsc -p tsconfig.build.json
@n8n/di:build: 
@n8n/codemirror-lang:build: 
@n8n/codemirror-lang:build: > @n8n/codemirror-lang@0.3.0 build /Users/joaolucashilgert/Development/Docker/n8n8/packages/@n8n/codemirror-lang
@n8n/codemirror-lang:build: > tsc -p tsconfig.build.json
@n8n/codemirror-lang:build: 
@n8n/constants:build: cache hit, replaying logs 9f356a9f74f25fb3
@n8n/constants:build: 
@n8n/constants:build: > @n8n/constants@0.14.0 build /Users/joaolucashilgert/Development/Docker/n8n8/packages/@n8n/constants
@n8n/constants:build: > tsc -p tsconfig.build.json
@n8n/constants:build: 
@n8n/stylelint-config:build: cache hit, replaying logs 28bafe2aeb686d43
@n8n/stylelint-config:build: 
@n8n/stylelint-config:build: > @n8n/stylelint-config@0.0.1 build /Users/joaolucashilgert/Development/Docker/n8n8/packages/@n8n/stylelint-config
@n8n/stylelint-config:build: > tsc
@n8n/stylelint-config:build: 
@n8n/client-oauth2:build: cache hit, replaying logs e55f87f55c902722
@n8n/client-oauth2:build: 
@n8n/client-oauth2:build: > @n8n/client-oauth2@1.0.0-rc.0 build /Users/joaolucashilgert/Development/Docker/n8n8/packages/@n8n/client-oauth2
@n8n/client-oauth2:build: > tsc -p tsconfig.build.json
@n8n/client-oauth2:build: 
@n8n/extension-sdk:build: cache hit, replaying logs 26a8508bca98eaa4
@n8n/extension-sdk:build: 
@n8n/extension-sdk:build: > @n8n/extension-sdk@0.9.0 build /Users/joaolucashilgert/Development/Docker/n8n8/packages/@n8n/extension-sdk
@n8n/extension-sdk:build: > pnpm "/^typecheck:.+/" && pnpm clean && tsdown && pnpm create-json-schema
@n8n/extension-sdk:build: 
@n8n/extension-sdk:build: 
@n8n/extension-sdk:build: > @n8n/extension-sdk@0.9.0 clean /Users/joaolucashilgert/Development/Docker/n8n8/packages/@n8n/extension-sdk
@n8n/extension-sdk:build: > rimraf dist
@n8n/extension-sdk:build: 
@n8n/extension-sdk:build: [34mℹ[39m tsdown [2mv0.16.8[22m powered by rolldown [2mv1.0.0-beta.52[22m
@n8n/extension-sdk:build: [34mℹ[39m Using tsdown config: [4m/Users/joaolucashilgert/Development/Docker/n8n8/packages/@n8n/extension-sdk/tsdown.config.ts[24m
@n8n/extension-sdk:build: [34mℹ[39m entry: [34msrc/index.ts, src/schema.ts[39m
@n8n/extension-sdk:build: [34mℹ[39m entry: [34msrc/backend/define.ts, src/backend/index.ts, src/backend/types.ts[39m
@n8n/extension-sdk:build: [34mℹ[39m entry: [34msrc/frontend/define.ts, src/frontend/index.ts, src/frontend/types.ts[39m
@n8n/extension-sdk:build: [34mℹ[39m tsconfig: [34mtsconfig.common.json[39m
@n8n/extension-sdk:build: [34mℹ[39m tsconfig: [34mtsconfig.backend.json[39m
@n8n/extension-sdk:build: [34mℹ[39m tsconfig: [34mtsconfig.frontend.json[39m
@n8n/extension-sdk:build: [34mℹ[39m Build start
@n8n/extension-sdk:build: [34mℹ[39m [33m[CJS][39m [2mdist/[22m[1mindex.cjs[22m        [2m0.12 kB[22m [2m│ gzip: 0.09 kB[22m
@n8n/extension-sdk:build: [34mℹ[39m [33m[CJS][39m [2mdist/[22m[1mschema.cjs[22m       [2m0.12 kB[22m [2m│ gzip: 0.09 kB[22m
@n8n/extension-sdk:build: [34mℹ[39m [33m[CJS][39m [2mdist/[22mschema2.cjs.map  [2m2.62 kB[22m [2m│ gzip: 0.86 kB[22m
@n8n/extension-sdk:build: [34mℹ[39m [33m[CJS][39m [2mdist/[22mschema2.cjs      [2m0.90 kB[22m [2m│ gzip: 0.39 kB[22m
@n8n/extension-sdk:build: [34mℹ[39m [33m[CJS][39m 4 files, total: 3.76 kB
@n8n/extension-sdk:build: [34mℹ[39m [33m[CJS][39m [2mdist/backend/[22m[1mdefine.cjs[22m       [2m0.12 kB[22m [2m│ gzip: 0.09 kB[22m
@n8n/extension-sdk:build: [34mℹ[39m [33m[CJS][39m [2mdist/backend/[22m[1mindex.cjs[22m        [2m0.12 kB[22m [2m│ gzip: 0.09 kB[22m
@n8n/extension-sdk:build: [34mℹ[39m [33m[CJS][39m [2mdist/backend/[22m[1mtypes.cjs[22m        [2m0.00 kB[22m [2m│ gzip: 0.02 kB[22m
@n8n/extension-sdk:build: [34mℹ[39m [33m[CJS][39m [2mdist/backend/[22mdefine2.cjs.map  [2m0.33 kB[22m [2m│ gzip: 0.23 kB[22m
@n8n/extension-sdk:build: [34mℹ[39m [33m[CJS][39m [2mdist/backend/[22mdefine2.cjs      [2m0.29 kB[22m [2m│ gzip: 0.20 kB[22m
@n8n/extension-sdk:build: [34mℹ[39m [33m[CJS][39m 5 files, total: 0.86 kB
@n8n/extension-sdk:build: [34mℹ[39m [33m[CJS][39m [2mdist/frontend/[22m[1mdefine.cjs[22m       [2m0.12 kB[22m [2m│ gzip: 0.09 kB[22m
@n8n/extension-sdk:build: [34mℹ[39m [33m[CJS][39m [2mdist/frontend/[22m[1mindex.cjs[22m        [2m0.12 kB[22m [2m│ gzip: 0.09 kB[22m
@n8n/extension-sdk:build: [34mℹ[39m [33m[CJS][39m [2mdist/frontend/[22m[1mtypes.cjs[22m        [2m0.00 kB[22m [2m│ gzip: 0.02 kB[22m
@n8n/extension-sdk:build: [34mℹ[39m [33m[CJS][39m [2mdist/frontend/[22mdefine2.cjs.map  [2m0.33 kB[22m [2m│ gzip: 0.23 kB[22m
@n8n/extension-sdk:build: [34mℹ[39m [33m[CJS][39m [2mdist/frontend/[22mdefine2.cjs      [2m0.30 kB[22m [2m│ gzip: 0.20 kB[22m
@n8n/extension-sdk:build: [34mℹ[39m [33m[CJS][39m 5 files, total: 0.87 kB
@n8n/extension-sdk:build: [34mℹ[39m [34m[ESM][39m [2mdist/[22m[1mindex.mjs[22m        [2m0.10 kB[22m [2m│ gzip: 0.09 kB[22m
@n8n/extension-sdk:build: [34mℹ[39m [34m[ESM][39m [2mdist/[22m[1mschema.mjs[22m       [2m0.10 kB[22m [2m│ gzip: 0.09 kB[22m
@n8n/extension-sdk:build: [34mℹ[39m [34m[ESM][39m [2mdist/[22mschema2.mjs.map  [2m2.59 kB[22m [2m│ gzip: 0.86 kB[22m
@n8n/extension-sdk:build: [34mℹ[39m [34m[ESM][39m [2mdist/[22mschema2.mjs      [2m0.70 kB[22m [2m│ gzip: 0.33 kB[22m
@n8n/extension-sdk:build: [34mℹ[39m [34m[ESM][39m [2mdist/[22m[32m[1mindex.d.mts[22m[39m      [2m0.14 kB[22m [2m│ gzip: 0.10 kB[22m
@n8n/extension-sdk:build: [34mℹ[39m [34m[ESM][39m [2mdist/[22m[32m[1mschema.d.mts[22m[39m     [2m0.14 kB[22m [2m│ gzip: 0.10 kB[22m
@n8n/extension-sdk:build: [34mℹ[39m [34m[ESM][39m [2mdist/[22m[32mschema2.d.mts[39m    [2m2.37 kB[22m [2m│ gzip: 0.49 kB[22m
@n8n/extension-sdk:build: [34mℹ[39m [34m[ESM][39m 7 files, total: 6.13 kB
@n8n/extension-sdk:build: [34mℹ[39m [33m[CJS][39m [2mdist/[22m[32m[1mindex.d.cts[22m[39m    [2m0.14 kB[22m [2m│ gzip: 0.10 kB[22m
@n8n/extension-sdk:build: [34mℹ[39m [33m[CJS][39m [2mdist/[22m[32m[1mschema.d.cts[22m[39m   [2m0.14 kB[22m [2m│ gzip: 0.10 kB[22m
@n8n/extension-sdk:build: [34mℹ[39m [33m[CJS][39m [2mdist/[22m[32mschema2.d.cts[39m  [2m2.37 kB[22m [2m│ gzip: 0.49 kB[22m
@n8n/extension-sdk:build: [34mℹ[39m [33m[CJS][39m 3 files, total: 2.65 kB
@n8n/extension-sdk:build: [32m✔[39m Build complete in [32m4705ms[39m
@n8n/extension-sdk:build: [34mℹ[39m [33m[CJS][39m [2mdist/backend/[22m[32m[1mindex.d.cts[22m[39m    [2m0.28 kB[22m [2m│ gzip: 0.13 kB[22m
@n8n/extension-sdk:build: [34mℹ[39m [33m[CJS][39m [2mdist/backend/[22m[32m[1mtypes.d.cts[22m[39m    [2m0.19 kB[22m [2m│ gzip: 0.11 kB[22m
@n8n/extension-sdk:build: [34mℹ[39m [33m[CJS][39m [2mdist/backend/[22m[32m[1mdefine.d.cts[22m[39m   [2m0.12 kB[22m [2m│ gzip: 0.10 kB[22m
@n8n/extension-sdk:build: [34mℹ[39m [33m[CJS][39m [2mdist/backend/[22m[32mtypes2.d.cts[39m   [2m0.36 kB[22m [2m│ gzip: 0.20 kB[22m
@n8n/extension-sdk:build: [34mℹ[39m [33m[CJS][39m [2mdist/backend/[22m[32mdefine2.d.cts[39m  [2m0.27 kB[22m [2m│ gzip: 0.18 kB[22m
@n8n/extension-sdk:build: [34mℹ[39m [33m[CJS][39m 5 files, total: 1.22 kB
@n8n/extension-sdk:build: [34mℹ[39m [34m[ESM][39m [2mdist/backend/[22m[1mdefine.mjs[22m       [2m0.10 kB[22m [2m│ gzip: 0.09 kB[22m
@n8n/extension-sdk:build: [34mℹ[39m [34m[ESM][39m [2mdist/backend/[22m[1mindex.mjs[22m        [2m0.10 kB[22m [2m│ gzip: 0.09 kB[22m
@n8n/extension-sdk:build: [34mℹ[39m [34m[ESM][39m [2mdist/backend/[22m[1mtypes.mjs[22m        [2m0.01 kB[22m [2m│ gzip: 0.03 kB[22m
@n8n/extension-sdk:build: [34mℹ[39m [34m[ESM][39m [2mdist/backend/[22mdefine2.mjs.map  [2m0.33 kB[22m [2m│ gzip: 0.23 kB[22m
@n8n/extension-sdk:build: [34mℹ[39m [34m[ESM][39m [2mdist/backend/[22mdefine2.mjs      [2m0.19 kB[22m [2m│ gzip: 0.15 kB[22m
@n8n/extension-sdk:build: [34mℹ[39m [34m[ESM][39m [2mdist/backend/[22m[32m[1mindex.d.mts[22m[39m      [2m0.28 kB[22m [2m│ gzip: 0.13 kB[22m
@n8n/extension-sdk:build: [34mℹ[39m [34m[ESM][39m [2mdist/backend/[22m[32m[1mtypes.d.mts[22m[39m      [2m0.19 kB[22m [2m│ gzip: 0.11 kB[22m
@n8n/extension-sdk:build: [34mℹ[39m [34m[ESM][39m [2mdist/backend/[22m[32m[1mdefine.d.mts[22m[39m     [2m0.12 kB[22m [2m│ gzip: 0.10 kB[22m
@n8n/extension-sdk:build: [34mℹ[39m [34m[ESM][39m [2mdist/backend/[22m[32mtypes2.d.mts[39m     [2m0.36 kB[22m [2m│ gzip: 0.20 kB[22m
@n8n/extension-sdk:build: [34mℹ[39m [34m[ESM][39m [2mdist/backend/[22m[32mdefine2.d.mts[39m    [2m0.27 kB[22m [2m│ gzip: 0.17 kB[22m
@n8n/extension-sdk:build: [34mℹ[39m [34m[ESM][39m 10 files, total: 1.94 kB
@n8n/extension-sdk:build: [32m✔[39m Build complete in [32m4706ms[39m
@n8n/extension-sdk:build: [34mℹ[39m [34m[ESM][39m [2mdist/frontend/[22m[1mdefine.mjs[22m       [2m0.10 kB[22m [2m│ gzip: 0.09 kB[22m
@n8n/extension-sdk:build: [34mℹ[39m [34m[ESM][39m [2mdist/frontend/[22m[1mindex.mjs[22m        [2m0.10 kB[22m [2m│ gzip: 0.09 kB[22m
@n8n/extension-sdk:build: [34mℹ[39m [34m[ESM][39m [2mdist/frontend/[22m[1mtypes.mjs[22m        [2m0.01 kB[22m [2m│ gzip: 0.03 kB[22m
@n8n/extension-sdk:build: [34mℹ[39m [34m[ESM][39m [2mdist/frontend/[22mdefine2.mjs.map  [2m0.33 kB[22m [2m│ gzip: 0.23 kB[22m
@n8n/extension-sdk:build: [34mℹ[39m [34m[ESM][39m [2mdist/frontend/[22mdefine2.mjs      [2m0.19 kB[22m [2m│ gzip: 0.15 kB[22m
@n8n/extension-sdk:build: [34mℹ[39m [34m[ESM][39m [2mdist/frontend/[22m[32m[1mindex.d.mts[22m[39m      [2m0.28 kB[22m [2m│ gzip: 0.13 kB[22m
@n8n/extension-sdk:build: [34mℹ[39m [34m[ESM][39m [2mdist/frontend/[22m[32m[1mtypes.d.mts[22m[39m      [2m0.20 kB[22m [2m│ gzip: 0.11 kB[22m
@n8n/extension-sdk:build: [34mℹ[39m [34m[ESM][39m [2mdist/frontend/[22m[32m[1mdefine.d.mts[22m[39m     [2m0.12 kB[22m [2m│ gzip: 0.10 kB[22m
@n8n/extension-sdk:build: [34mℹ[39m [34m[ESM][39m [2mdist/frontend/[22m[32mtypes2.d.mts[39m     [2m0.57 kB[22m [2m│ gzip: 0.28 kB[22m
@n8n/extension-sdk:build: [34mℹ[39m [34m[ESM][39m [2mdist/frontend/[22m[32mdefine2.d.mts[39m    [2m0.27 kB[22m [2m│ gzip: 0.18 kB[22m
@n8n/extension-sdk:build: [34mℹ[39m [34m[ESM][39m 10 files, total: 2.18 kB
@n8n/extension-sdk:build: [34mℹ[39m [33m[CJS][39m [2mdist/frontend/[22m[32m[1mindex.d.cts[22m[39m    [2m0.28 kB[22m [2m│ gzip: 0.13 kB[22m
@n8n/extension-sdk:build: [34mℹ[39m [33m[CJS][39m [2mdist/frontend/[22m[32m[1mtypes.d.cts[22m[39m    [2m0.20 kB[22m [2m│ gzip: 0.11 kB[22m
@n8n/extension-sdk:build: [34mℹ[39m [33m[CJS][39m [2mdist/frontend/[22m[32m[1mdefine.d.cts[22m[39m   [2m0.12 kB[22m [2m│ gzip: 0.10 kB[22m
@n8n/extension-sdk:build: [34mℹ[39m [33m[CJS][39m [2mdist/frontend/[22m[32mtypes2.d.cts[39m   [2m0.57 kB[22m [2m│ gzip: 0.28 kB[22m
@n8n/extension-sdk:build: [34mℹ[39m [33m[CJS][39m [2mdist/frontend/[22m[32mdefine2.d.cts[39m  [2m0.27 kB[22m [2m│ gzip: 0.18 kB[22m
@n8n/extension-sdk:build: [34mℹ[39m [33m[CJS][39m 5 files, total: 1.45 kB
@n8n/extension-sdk:build: [32m✔[39m Build complete in [32m4706ms[39m
@n8n/extension-sdk:build: 
@n8n/extension-sdk:build: > @n8n/extension-sdk@0.9.0 create-json-schema /Users/joaolucashilgert/Development/Docker/n8n8/packages/@n8n/extension-sdk
@n8n/extension-sdk:build: > tsx scripts/create-json-schema.ts
@n8n/extension-sdk:build: 
@n8n/imap:build: cache hit, replaying logs bc1b13df61ef653e
@n8n/imap:build: 
@n8n/imap:build: > @n8n/imap@0.16.0 build /Users/joaolucashilgert/Development/Docker/n8n8/packages/@n8n/imap
@n8n/imap:build: > tsc -p tsconfig.build.json
@n8n/imap:build: 
@n8n/permissions:build: cache hit, replaying logs cbd033529acb1a04
@n8n/permissions:build: 
@n8n/permissions:build: > @n8n/permissions@0.43.0 build /Users/joaolucashilgert/Development/Docker/n8n8/packages/@n8n/permissions
@n8n/permissions:build: > tsc -p tsconfig.build.json
@n8n/permissions:build: 
@n8n/n8n-benchmark:build: cache hit, replaying logs 8549bf79ff1c93f7
@n8n/n8n-benchmark:build: 
@n8n/n8n-benchmark:build: > @n8n/n8n-benchmark@2.0.0-rc.0 build /Users/joaolucashilgert/Development/Docker/n8n8/packages/@n8n/benchmark
@n8n/n8n-benchmark:build: > tsc -p tsconfig.build.json && tsc-alias -p tsconfig.build.json
@n8n/n8n-benchmark:build: 
@n8n/json-schema-to-zod:build: cache hit, replaying logs 544be2c454e114dc
@n8n/json-schema-to-zod:build: 
@n8n/json-schema-to-zod:build: > @n8n/json-schema-to-zod@1.6.0 build /Users/joaolucashilgert/Development/Docker/n8n8/packages/@n8n/json-schema-to-zod
@n8n/json-schema-to-zod:build: > rimraf ./dist && pnpm run build:types && pnpm run build:cjs && pnpm run build:esm
@n8n/json-schema-to-zod:build: 
@n8n/json-schema-to-zod:build: 
@n8n/json-schema-to-zod:build: > @n8n/json-schema-to-zod@1.6.0 build:types /Users/joaolucashilgert/Development/Docker/n8n8/packages/@n8n/json-schema-to-zod
@n8n/json-schema-to-zod:build: > tsc -p tsconfig.types.json
@n8n/json-schema-to-zod:build: 
@n8n/json-schema-to-zod:build: 
@n8n/json-schema-to-zod:build: > @n8n/json-schema-to-zod@1.6.0 build:cjs /Users/joaolucashilgert/Development/Docker/n8n8/packages/@n8n/json-schema-to-zod
@n8n/json-schema-to-zod:build: > tsc -p tsconfig.cjs.json && node postcjs.cjs
@n8n/json-schema-to-zod:build: 
@n8n/json-schema-to-zod:build: 
@n8n/json-schema-to-zod:build: > @n8n/json-schema-to-zod@1.6.0 build:esm /Users/joaolucashilgert/Development/Docker/n8n8/packages/@n8n/json-schema-to-zod
@n8n/json-schema-to-zod:build: > tsc -p tsconfig.esm.json && node postesm.cjs
@n8n/json-schema-to-zod:build: 
@n8n/codemirror-lang-sql:build: cache hit, replaying logs c208dda042689520
@n8n/codemirror-lang-sql:build: 
@n8n/codemirror-lang-sql:build: > @n8n/codemirror-lang-sql@1.3.0 build /Users/joaolucashilgert/Development/Docker/n8n8/packages/@n8n/codemirror-lang-sql
@n8n/codemirror-lang-sql:build: > tsc -p tsconfig.build.json
@n8n/codemirror-lang-sql:build: 
@n8n/n8n-extension-insights:build: cache hit, replaying logs 0638b47b41fb1d1f
@n8n/n8n-extension-insights:build: 
@n8n/n8n-extension-insights:build: > @n8n/n8n-extension-insights@0.11.0 build /Users/joaolucashilgert/Development/Docker/n8n8/packages/extensions/insights
@n8n/n8n-extension-insights:build: > pnpm cleanup && pnpm run "/^build:.*/"
@n8n/n8n-extension-insights:build: 
@n8n/n8n-extension-insights:build: 
@n8n/n8n-extension-insights:build: > @n8n/n8n-extension-insights@0.11.0 cleanup /Users/joaolucashilgert/Development/Docker/n8n8/packages/extensions/insights
@n8n/n8n-extension-insights:build: > rimraf dist
@n8n/n8n-extension-insights:build: 
@n8n/eslint-plugin-community-nodes:build: cache hit, replaying logs 25e37aed35f41cb0
@n8n/eslint-plugin-community-nodes:build: 
@n8n/eslint-plugin-community-nodes:build: > @n8n/eslint-plugin-community-nodes@0.7.0 build /Users/joaolucashilgert/Development/Docker/n8n8/packages/@n8n/eslint-plugin-community-nodes
@n8n/eslint-plugin-community-nodes:build: > tsc --project tsconfig.build.json
@n8n/eslint-plugin-community-nodes:build: 
@n8n/eslint-config:build: cache hit, replaying logs 2a606ce066746784
@n8n/eslint-config:build: 
@n8n/eslint-config:build: > @n8n/eslint-config@0.0.1 build /Users/joaolucashilgert/Development/Docker/n8n8/packages/@n8n/eslint-config
@n8n/eslint-config:build: > tsc
@n8n/eslint-config:build: 
@n8n/composables:build: cache hit, replaying logs 23eb5fac47bf0e62
@n8n/composables:build: 
@n8n/composables:build: > @n8n/composables@1.13.0 build /Users/joaolucashilgert/Development/Docker/n8n8/packages/frontend/@n8n/composables
@n8n/composables:build: > tsdown
@n8n/composables:build: 
@n8n/composables:build: [34mℹ[39m tsdown [2mv0.16.8[22m powered by rolldown [2mv1.0.0-beta.52[22m
@n8n/composables:build: [34mℹ[39m Using tsdown config: [4m/Users/joaolucashilgert/Development/Docker/n8n8/packages/frontend/@n8n/composables/tsdown.config.ts[24m
@n8n/composables:build: [34mℹ[39m entry: [34msrc/useDeviceSupport.ts, src/useShortKeyPress.ts, src/useThrottleWithReactiveDelay.ts[39m
@n8n/composables:build: [34mℹ[39m tsconfig: [34mtsconfig.json[39m
@n8n/composables:build: [34mℹ[39m Build start
@n8n/composables:build: [34mℹ[39m Cleaning 18 files
@n8n/composables:build: [34mℹ[39m [33m[CJS][39m [2mdist/[22m[1museDeviceSupport.cjs[22m                  [2m1.76 kB[22m [2m│ gzip: 0.70 kB[22m
@n8n/composables:build: [34mℹ[39m [33m[CJS][39m [2mdist/[22m[1museShortKeyPress.cjs[22m                  [2m0.64 kB[22m [2m│ gzip: 0.33 kB[22m
@n8n/composables:build: [34mℹ[39m [33m[CJS][39m [2mdist/[22m[1museThrottleWithReactiveDelay.cjs[22m      [2m0.61 kB[22m [2m│ gzip: 0.33 kB[22m
@n8n/composables:build: [34mℹ[39m [33m[CJS][39m [2mdist/[22museDeviceSupport.cjs.map              [2m2.58 kB[22m [2m│ gzip: 1.07 kB[22m
@n8n/composables:build: [34mℹ[39m [33m[CJS][39m [2mdist/[22museShortKeyPress.cjs.map              [2m1.26 kB[22m [2m│ gzip: 0.64 kB[22m
@n8n/composables:build: [34mℹ[39m [33m[CJS][39m [2mdist/[22museThrottleWithReactiveDelay.cjs.map  [2m0.88 kB[22m [2m│ gzip: 0.49 kB[22m
@n8n/composables:build: [34mℹ[39m [33m[CJS][39m 6 files, total: 7.73 kB
@n8n/composables:build: [34mℹ[39m [34m[ESM][39m [2mdist/[22m[1museDeviceSupport.mjs[22m                  [2m1.68 kB[22m [2m│ gzip: 0.69 kB[22m
@n8n/composables:build: [34mℹ[39m [34m[ESM][39m [2mdist/[22m[1museShortKeyPress.mjs[22m                  [2m0.57 kB[22m [2m│ gzip: 0.32 kB[22m
@n8n/composables:build: [34mℹ[39m [34m[ESM][39m [2mdist/[22m[1museThrottleWithReactiveDelay.mjs[22m      [2m0.56 kB[22m [2m│ gzip: 0.31 kB[22m
@n8n/composables:build: [34mℹ[39m [34m[ESM][39m [2mdist/[22museDeviceSupport.mjs.map              [2m2.62 kB[22m [2m│ gzip: 1.07 kB[22m
@n8n/composables:build: [34mℹ[39m [34m[ESM][39m [2mdist/[22museShortKeyPress.mjs.map              [2m1.27 kB[22m [2m│ gzip: 0.64 kB[22m
@n8n/composables:build: [34mℹ[39m [34m[ESM][39m [2mdist/[22museThrottleWithReactiveDelay.mjs.map  [2m0.89 kB[22m [2m│ gzip: 0.48 kB[22m
@n8n/composables:build: [34mℹ[39m [34m[ESM][39m [2mdist/[22m[32m[1museDeviceSupport.d.mts[22m[39m                [2m0.47 kB[22m [2m│ gzip: 0.29 kB[22m
@n8n/composables:build: [34mℹ[39m [34m[ESM][39m [2mdist/[22m[32m[1museShortKeyPress.d.mts[22m[39m                [2m0.41 kB[22m [2m│ gzip: 0.25 kB[22m
@n8n/composables:build: [34mℹ[39m [34m[ESM][39m [2mdist/[22m[32m[1museThrottleWithReactiveDelay.d.mts[22m[39m    [2m0.30 kB[22m [2m│ gzip: 0.19 kB[22m
@n8n/composables:build: [34mℹ[39m [34m[ESM][39m 9 files, total: 8.78 kB
@n8n/composables:build: [34mℹ[39m [33m[CJS][39m [2mdist/[22m[32m[1museDeviceSupport.d.cts[22m[39m              [2m0.47 kB[22m [2m│ gzip: 0.29 kB[22m
@n8n/composables:build: [34mℹ[39m [33m[CJS][39m [2mdist/[22m[32m[1museShortKeyPress.d.cts[22m[39m              [2m0.41 kB[22m [2m│ gzip: 0.25 kB[22m
@n8n/composables:build: [34mℹ[39m [33m[CJS][39m [2mdist/[22m[32m[1museThrottleWithReactiveDelay.d.cts[22m[39m  [2m0.30 kB[22m [2m│ gzip: 0.19 kB[22m
@n8n/composables:build: [34mℹ[39m [33m[CJS][39m 3 files, total: 1.18 kB
@n8n/composables:build: [32m✔[39m Build complete in [32m2749ms[39m
@n8n/config:build: cache hit, replaying logs c0b30bc7037a37d4
@n8n/config:build: 
@n8n/config:build: > @n8n/config@2.0.0-rc.1 build /Users/joaolucashilgert/Development/Docker/n8n8/packages/@n8n/config
@n8n/config:build: > tsc -p tsconfig.build.json
@n8n/config:build: 
@n8n/utils:build: cache hit, replaying logs ae9671b9b43bc19a
@n8n/utils:build: 
@n8n/utils:build: > @n8n/utils@1.20.0 build /Users/joaolucashilgert/Development/Docker/n8n8/packages/@n8n/utils
@n8n/utils:build: > tsdown
@n8n/utils:build: 
@n8n/utils:build: [34mℹ[39m tsdown [2mv0.16.8[22m powered by rolldown [2mv1.0.0-beta.52[22m
@n8n/utils:build: [34mℹ[39m Using tsdown config: [4m/Users/joaolucashilgert/Development/Docker/n8n8/packages/@n8n/utils/tsdown.config.ts[24m
@n8n/utils:build: [34mℹ[39m entry: [34msrc/assert.ts, src/event-bus.ts, src/event-queue.ts, src/index.ts, src/retry.ts, src/number/smartDecimal.ts, src/files/sanitize.ts, src/search/reRankSearchResults.ts, src/search/sublimeSearch.ts, src/string/truncate.ts, src/sort/sortByProperty.ts[39m
@n8n/utils:build: [34mℹ[39m tsconfig: [34mtsconfig.json[39m
@n8n/utils:build: [34mℹ[39m Build start
@n8n/utils:build: [34mℹ[39m Cleaning 109 files
@n8n/utils:build: [34mℹ[39m [33m[CJS][39m [2mdist/[22m[1mindex.cjs[22m                       [2m 1.27 kB[22m [2m│ gzip: 0.33 kB[22m
@n8n/utils:build: [34mℹ[39m [33m[CJS][39m [2mdist/[22m[1msearch/sublimeSearch.cjs[22m        [2m 0.18 kB[22m [2m│ gzip: 0.10 kB[22m
@n8n/utils:build: [34mℹ[39m [33m[CJS][39m [2mdist/[22m[1mstring/truncate.cjs[22m             [2m 0.17 kB[22m [2m│ gzip: 0.09 kB[22m
@n8n/utils:build: [34mℹ[39m [33m[CJS][39m [2mdist/[22m[1msearch/reRankSearchResults.cjs[22m  [2m 0.15 kB[22m [2m│ gzip: 0.09 kB[22m
@n8n/utils:build: [34mℹ[39m [33m[CJS][39m [2mdist/[22m[1msort/sortByProperty.cjs[22m         [2m 0.13 kB[22m [2m│ gzip: 0.08 kB[22m
@n8n/utils:build: [34mℹ[39m [33m[CJS][39m [2mdist/[22m[1mevent-queue.cjs[22m                 [2m 0.12 kB[22m [2m│ gzip: 0.09 kB[22m
@n8n/utils:build: [34mℹ[39m [33m[CJS][39m [2mdist/[22m[1mnumber/smartDecimal.cjs[22m         [2m 0.12 kB[22m [2m│ gzip: 0.08 kB[22m
@n8n/utils:build: [34mℹ[39m [33m[CJS][39m [2mdist/[22m[1mfiles/sanitize.cjs[22m              [2m 0.12 kB[22m [2m│ gzip: 0.09 kB[22m
@n8n/utils:build: [34mℹ[39m [33m[CJS][39m [2mdist/[22m[1mevent-bus.cjs[22m                   [2m 0.11 kB[22m [2m│ gzip: 0.09 kB[22m
@n8n/utils:build: [34mℹ[39m [33m[CJS][39m [2mdist/[22m[1massert.cjs[22m                      [2m 0.09 kB[22m [2m│ gzip: 0.07 kB[22m
@n8n/utils:build: [34mℹ[39m [33m[CJS][39m [2mdist/[22m[1mretry.cjs[22m                       [2m 0.08 kB[22m [2m│ gzip: 0.07 kB[22m
@n8n/utils:build: [34mℹ[39m [33m[CJS][39m [2mdist/[22msublimeSearch.cjs.map           [2m11.66 kB[22m [2m│ gzip: 3.92 kB[22m
@n8n/utils:build: [34mℹ[39m [33m[CJS][39m [2mdist/[22msublimeSearch.cjs               [2m 5.53 kB[22m [2m│ gzip: 1.80 kB[22m
@n8n/utils:build: [34mℹ[39m [33m[CJS][39m [2mdist/[22mevent-bus2.cjs.map              [2m 2.93 kB[22m [2m│ gzip: 0.99 kB[22m
@n8n/utils:build: [34mℹ[39m [33m[CJS][39m [2mdist/[22msanitize.cjs.map                [2m 2.91 kB[22m [2m│ gzip: 1.25 kB[22m
@n8n/utils:build: [34mℹ[39m [33m[CJS][39m [2mdist/[22mretry2.cjs.map                  [2m 2.35 kB[22m [2m│ gzip: 1.05 kB[22m
@n8n/utils:build: [34mℹ[39m [33m[CJS][39m [2mdist/[22mtruncate.cjs.map                [2m 2.33 kB[22m [2m│ gzip: 1.00 kB[22m
@n8n/utils:build: [34mℹ[39m [33m[CJS][39m [2mdist/[22msanitize.cjs                    [2m 1.91 kB[22m [2m│ gzip: 0.90 kB[22m
@n8n/utils:build: [34mℹ[39m [33m[CJS][39m [2mdist/[22mevent-queue2.cjs.map            [2m 1.75 kB[22m [2m│ gzip: 0.83 kB[22m
@n8n/utils:build: [34mℹ[39m [33m[CJS][39m [2mdist/[22mtruncate.cjs                    [2m 1.54 kB[22m [2m│ gzip: 0.68 kB[22m
@n8n/utils:build: [34mℹ[39m [33m[CJS][39m [2mdist/[22mretry2.cjs                      [2m 1.54 kB[22m [2m│ gzip: 0.71 kB[22m
@n8n/utils:build: [34mℹ[39m [33m[CJS][39m [2mdist/[22mreRankSearchResults.cjs.map     [2m 1.27 kB[22m [2m│ gzip: 0.63 kB[22m
@n8n/utils:build: [34mℹ[39m [33m[CJS][39m [2mdist/[22mevent-bus2.cjs                  [2m 1.11 kB[22m [2m│ gzip: 0.52 kB[22m
@n8n/utils:build: [34mℹ[39m [33m[CJS][39m [2mdist/[22mevent-queue2.cjs                [2m 1.10 kB[22m [2m│ gzip: 0.53 kB[22m
@n8n/utils:build: [34mℹ[39m [33m[CJS][39m [2mdist/[22msortByProperty.cjs.map          [2m 0.67 kB[22m [2m│ gzip: 0.41 kB[22m
@n8n/utils:build: [34mℹ[39m [33m[CJS][39m [2mdist/[22mreRankSearchResults.cjs         [2m 0.65 kB[22m [2m│ gzip: 0.34 kB[22m
@n8n/utils:build: [34mℹ[39m [33m[CJS][39m [2mdist/[22msmartDecimal.cjs.map            [2m 0.63 kB[22m [2m│ gzip: 0.37 kB[22m
@n8n/utils:build: [34mℹ[39m [33m[CJS][39m [2mdist/[22msortByProperty.cjs              [2m 0.47 kB[22m [2m│ gzip: 0.30 kB[22m
@n8n/utils:build: [34mℹ[39m [33m[CJS][39m [2mdist/[22massert2.cjs.map                 [2m 0.46 kB[22m [2m│ gzip: 0.33 kB[22m
@n8n/utils:build: [34mℹ[39m [33m[CJS][39m [2mdist/[22msmartDecimal.cjs                [2m 0.42 kB[22m [2m│ gzip: 0.28 kB[22m
@n8n/utils:build: [34mℹ[39m [33m[CJS][39m [2mdist/[22massert2.cjs                     [2m 0.32 kB[22m [2m│ gzip: 0.24 kB[22m
@n8n/utils:build: [34mℹ[39m [33m[CJS][39m 31 files, total: 44.11 kB
@n8n/utils:build: [34mℹ[39m [34m[ESM][39m [2mdist/[22m[1mindex.mjs[22m                         [2m 0.78 kB[22m [2m│ gzip: 0.28 kB[22m
@n8n/utils:build: [34mℹ[39m [34m[ESM][39m [2mdist/[22m[1msearch/sublimeSearch.mjs[22m          [2m 0.12 kB[22m [2m│ gzip: 0.10 kB[22m
@n8n/utils:build: [34mℹ[39m [34m[ESM][39m [2mdist/[22m[1mstring/truncate.mjs[22m               [2m 0.12 kB[22m [2m│ gzip: 0.09 kB[22m
@n8n/utils:build: [34mℹ[39m [34m[ESM][39m [2mdist/[22m[1msearch/reRankSearchResults.mjs[22m    [2m 0.10 kB[22m [2m│ gzip: 0.08 kB[22m
@n8n/utils:build: [34mℹ[39m [34m[ESM][39m [2mdist/[22m[1mevent-queue.mjs[22m                   [2m 0.09 kB[22m [2m│ gzip: 0.08 kB[22m
@n8n/utils:build: [34mℹ[39m [34m[ESM][39m [2mdist/[22m[1msort/sortByProperty.mjs[22m           [2m 0.09 kB[22m [2m│ gzip: 0.08 kB[22m
@n8n/utils:build: [34mℹ[39m [34m[ESM][39m [2mdist/[22m[1mfiles/sanitize.mjs[22m                [2m 0.09 kB[22m [2m│ gzip: 0.08 kB[22m
@n8n/utils:build: [34mℹ[39m [34m[ESM][39m [2mdist/[22m[1mevent-bus.mjs[22m                     [2m 0.08 kB[22m [2m│ gzip: 0.08 kB[22m
@n8n/utils:build: [34mℹ[39m [34m[ESM][39m [2mdist/[22m[1mnumber/smartDecimal.mjs[22m           [2m 0.08 kB[22m [2m│ gzip: 0.07 kB[22m
@n8n/utils:build: [34mℹ[39m [34m[ESM][39m [2mdist/[22m[1massert.mjs[22m                        [2m 0.06 kB[22m [2m│ gzip: 0.07 kB[22m
@n8n/utils:build: [34mℹ[39m [34m[ESM][39m [2mdist/[22m[1mretry.mjs[22m                         [2m 0.06 kB[22m [2m│ gzip: 0.07 kB[22m
@n8n/utils:build: [34mℹ[39m [34m[ESM][39m [2mdist/[22msublimeSearch.mjs.map             [2m11.66 kB[22m [2m│ gzip: 3.92 kB[22m
@n8n/utils:build: [34mℹ[39m [34m[ESM][39m [2mdist/[22msublimeSearch.mjs                 [2m 5.33 kB[22m [2m│ gzip: 1.75 kB[22m
@n8n/utils:build: [34mℹ[39m [34m[ESM][39m [2mdist/[22mevent-bus2.mjs.map                [2m 2.93 kB[22m [2m│ gzip: 0.99 kB[22m
@n8n/utils:build: [34mℹ[39m [34m[ESM][39m [2mdist/[22msanitize.mjs.map                  [2m 2.91 kB[22m [2m│ gzip: 1.25 kB[22m
@n8n/utils:build: [34mℹ[39m [34m[ESM][39m [2mdist/[22mretry2.mjs.map                    [2m 2.35 kB[22m [2m│ gzip: 1.05 kB[22m
@n8n/utils:build: [34mℹ[39m [34m[ESM][39m [2mdist/[22mtruncate.mjs.map                  [2m 2.33 kB[22m [2m│ gzip: 1.00 kB[22m
@n8n/utils:build: [34mℹ[39m [34m[ESM][39m [2mdist/[22msanitize.mjs                      [2m 1.82 kB[22m [2m│ gzip: 0.84 kB[22m
@n8n/utils:build: [34mℹ[39m [34m[ESM][39m [2mdist/[22mevent-queue2.mjs.map              [2m 1.75 kB[22m [2m│ gzip: 0.83 kB[22m
@n8n/utils:build: [34mℹ[39m [34m[ESM][39m [2mdist/[22mretry2.mjs                        [2m 1.45 kB[22m [2m│ gzip: 0.67 kB[22m
@n8n/utils:build: [34mℹ[39m [34m[ESM][39m [2mdist/[22mtruncate.mjs                      [2m 1.34 kB[22m [2m│ gzip: 0.62 kB[22m
@n8n/utils:build: [34mℹ[39m [34m[ESM][39m [2mdist/[22mreRankSearchResults.mjs.map       [2m 1.27 kB[22m [2m│ gzip: 0.63 kB[22m
@n8n/utils:build: [34mℹ[39m [34m[ESM][39m [2mdist/[22mevent-bus2.mjs                    [2m 1.02 kB[22m [2m│ gzip: 0.47 kB[22m
@n8n/utils:build: [34mℹ[39m [34m[ESM][39m [2mdist/[22mevent-queue2.mjs                  [2m 1.00 kB[22m [2m│ gzip: 0.48 kB[22m
@n8n/utils:build: [34mℹ[39m [34m[ESM][39m [2mdist/[22msortByProperty.mjs.map            [2m 0.67 kB[22m [2m│ gzip: 0.41 kB[22m
@n8n/utils:build: [34mℹ[39m [34m[ESM][39m [2mdist/[22msmartDecimal.mjs.map              [2m 0.63 kB[22m [2m│ gzip: 0.37 kB[22m
@n8n/utils:build: [34mℹ[39m [34m[ESM][39m [2mdist/[22mreRankSearchResults.mjs           [2m 0.55 kB[22m [2m│ gzip: 0.30 kB[22m
@n8n/utils:build: [34mℹ[39m [34m[ESM][39m [2mdist/[22massert2.mjs.map                   [2m 0.46 kB[22m [2m│ gzip: 0.33 kB[22m
@n8n/utils:build: [34mℹ[39m [34m[ESM][39m [2mdist/[22msortByProperty.mjs                [2m 0.38 kB[22m [2m│ gzip: 0.25 kB[22m
@n8n/utils:build: [34mℹ[39m [34m[ESM][39m [2mdist/[22msmartDecimal.mjs                  [2m 0.33 kB[22m [2m│ gzip: 0.22 kB[22m
@n8n/utils:build: [34mℹ[39m [34m[ESM][39m [2mdist/[22massert2.mjs                       [2m 0.24 kB[22m [2m│ gzip: 0.19 kB[22m
@n8n/utils:build: [34mℹ[39m [34m[ESM][39m [2mdist/[22m[32m[1mindex.d.mts[22m[39m                       [2m 0.84 kB[22m [2m│ gzip: 0.30 kB[22m
@n8n/utils:build: [34mℹ[39m [34m[ESM][39m [2mdist/[22m[32m[1mevent-bus.d.mts[22m[39m                   [2m 0.14 kB[22m [2m│ gzip: 0.11 kB[22m
@n8n/utils:build: [34mℹ[39m [34m[ESM][39m [2mdist/[22m[32m[1msearch/sublimeSearch.d.mts[22m[39m        [2m 0.12 kB[22m [2m│ gzip: 0.10 kB[22m
@n8n/utils:build: [34mℹ[39m [34m[ESM][39m [2mdist/[22m[32m[1mstring/truncate.d.mts[22m[39m             [2m 0.11 kB[22m [2m│ gzip: 0.09 kB[22m
@n8n/utils:build: [34mℹ[39m [34m[ESM][39m [2mdist/[22m[32m[1msearch/reRankSearchResults.d.mts[22m[39m  [2m 0.10 kB[22m [2m│ gzip: 0.08 kB[22m
@n8n/utils:build: [34mℹ[39m [34m[ESM][39m [2mdist/[22m[32m[1mevent-queue.d.mts[22m[39m                 [2m 0.09 kB[22m [2m│ gzip: 0.08 kB[22m
@n8n/utils:build: [34mℹ[39m [34m[ESM][39m [2mdist/[22m[32m[1msort/sortByProperty.d.mts[22m[39m         [2m 0.09 kB[22m [2m│ gzip: 0.08 kB[22m
@n8n/utils:build: [34mℹ[39m [34m[ESM][39m [2mdist/[22m[32m[1mfiles/sanitize.d.mts[22m[39m              [2m 0.09 kB[22m [2m│ gzip: 0.08 kB[22m
@n8n/utils:build: [34mℹ[39m [34m[ESM][39m [2mdist/[22m[32m[1mnumber/smartDecimal.d.mts[22m[39m         [2m 0.08 kB[22m [2m│ gzip: 0.07 kB[22m
@n8n/utils:build: [34mℹ[39m [34m[ESM][39m [2mdist/[22m[32m[1massert.d.mts[22m[39m                      [2m 0.06 kB[22m [2m│ gzip: 0.07 kB[22m
@n8n/utils:build: [34mℹ[39m [34m[ESM][39m [2mdist/[22m[32m[1mretry.d.mts[22m[39m                       [2m 0.06 kB[22m [2m│ gzip: 0.07 kB[22m
@n8n/utils:build: [34mℹ[39m [34m[ESM][39m [2mdist/[22m[32mevent-bus2.d.mts[39m                  [2m 0.99 kB[22m [2m│ gzip: 0.35 kB[22m
@n8n/utils:build: [34mℹ[39m [34m[ESM][39m [2mdist/[22m[32msublimeSearch.d.mts[39m               [2m 0.39 kB[22m [2m│ gzip: 0.25 kB[22m
@n8n/utils:build: [34mℹ[39m [34m[ESM][39m [2mdist/[22m[32mreRankSearchResults.d.mts[39m         [2m 0.37 kB[22m [2m│ gzip: 0.22 kB[22m
@n8n/utils:build: [34mℹ[39m [34m[ESM][39m [2mdist/[22m[32mretry2.d.mts[39m                      [2m 0.28 kB[22m [2m│ gzip: 0.22 kB[22m
@n8n/utils:build: [34mℹ[39m [34m[ESM][39m [2mdist/[22m[32mtruncate.d.mts[39m                    [2m 0.28 kB[22m [2m│ gzip: 0.18 kB[22m
@n8n/utils:build: [34mℹ[39m [34m[ESM][39m [2mdist/[22m[32mevent-queue2.d.mts[39m                [2m 0.24 kB[22m [2m│ gzip: 0.18 kB[22m
@n8n/utils:build: [34mℹ[39m [34m[ESM][39m [2mdist/[22m[32msortByProperty.d.mts[39m              [2m 0.22 kB[22m [2m│ gzip: 0.17 kB[22m
@n8n/utils:build: [34mℹ[39m [34m[ESM][39m [2mdist/[22m[32msanitize.d.mts[39m                    [2m 0.20 kB[22m [2m│ gzip: 0.16 kB[22m
@n8n/utils:build: [34mℹ[39m [34m[ESM][39m [2mdist/[22m[32msmartDecimal.d.mts[39m                [2m 0.20 kB[22m [2m│ gzip: 0.15 kB[22m
@n8n/utils:build: [34mℹ[39m [34m[ESM][39m [2mdist/[22m[32massert2.d.mts[39m                     [2m 0.18 kB[22m [2m│ gzip: 0.15 kB[22m
@n8n/utils:build: [34mℹ[39m [34m[ESM][39m 52 files, total: 47.21 kB
@n8n/utils:build: [34mℹ[39m [33m[CJS][39m [2mdist/[22m[32m[1mindex.d.cts[22m[39m                       [2m0.84 kB[22m [2m│ gzip: 0.30 kB[22m
@n8n/utils:build: [34mℹ[39m [33m[CJS][39m [2mdist/[22m[32m[1mevent-bus.d.cts[22m[39m                   [2m0.14 kB[22m [2m│ gzip: 0.11 kB[22m
@n8n/utils:build: [34mℹ[39m [33m[CJS][39m [2mdist/[22m[32m[1msearch/sublimeSearch.d.cts[22m[39m        [2m0.12 kB[22m [2m│ gzip: 0.10 kB[22m
@n8n/utils:build: [34mℹ[39m [33m[CJS][39m [2mdist/[22m[32m[1mstring/truncate.d.cts[22m[39m             [2m0.11 kB[22m [2m│ gzip: 0.09 kB[22m
@n8n/utils:build: [34mℹ[39m [33m[CJS][39m [2mdist/[22m[32m[1msearch/reRankSearchResults.d.cts[22m[39m  [2m0.10 kB[22m [2m│ gzip: 0.08 kB[22m
@n8n/utils:build: [34mℹ[39m [33m[CJS][39m [2mdist/[22m[32m[1mevent-queue.d.cts[22m[39m                 [2m0.09 kB[22m [2m│ gzip: 0.08 kB[22m
@n8n/utils:build: [34mℹ[39m [33m[CJS][39m [2mdist/[22m[32m[1msort/sortByProperty.d.cts[22m[39m         [2m0.09 kB[22m [2m│ gzip: 0.08 kB[22m
@n8n/utils:build: [34mℹ[39m [33m[CJS][39m [2mdist/[22m[32m[1mfiles/sanitize.d.cts[22m[39m              [2m0.09 kB[22m [2m│ gzip: 0.08 kB[22m
@n8n/utils:build: [34mℹ[39m [33m[CJS][39m [2mdist/[22m[32m[1mnumber/smartDecimal.d.cts[22m[39m         [2m0.08 kB[22m [2m│ gzip: 0.07 kB[22m
@n8n/utils:build: [34mℹ[39m [33m[CJS][39m [2mdist/[22m[32m[1massert.d.cts[22m[39m                      [2m0.06 kB[22m [2m│ gzip: 0.07 kB[22m
@n8n/utils:build: [34mℹ[39m [33m[CJS][39m [2mdist/[22m[32m[1mretry.d.cts[22m[39m                       [2m0.06 kB[22m [2m│ gzip: 0.07 kB[22m
@n8n/utils:build: [34mℹ[39m [33m[CJS][39m [2mdist/[22m[32mevent-bus2.d.cts[39m                  [2m0.99 kB[22m [2m│ gzip: 0.35 kB[22m
@n8n/utils:build: [34mℹ[39m [33m[CJS][39m [2mdist/[22m[32msublimeSearch.d.cts[39m               [2m0.39 kB[22m [2m│ gzip: 0.25 kB[22m
@n8n/utils:build: [34mℹ[39m [33m[CJS][39m [2mdist/[22m[32mreRankSearchResults.d.cts[39m         [2m0.37 kB[22m [2m│ gzip: 0.22 kB[22m
@n8n/utils:build: [34mℹ[39m [33m[CJS][39m [2mdist/[22m[32mretry2.d.cts[39m                      [2m0.28 kB[22m [2m│ gzip: 0.22 kB[22m
@n8n/utils:build: [34mℹ[39m [33m[CJS][39m [2mdist/[22m[32mtruncate.d.cts[39m                    [2m0.28 kB[22m [2m│ gzip: 0.18 kB[22m
@n8n/utils:build: [34mℹ[39m [33m[CJS][39m [2mdist/[22m[32mevent-queue2.d.cts[39m                [2m0.24 kB[22m [2m│ gzip: 0.18 kB[22m
@n8n/utils:build: [34mℹ[39m [33m[CJS][39m [2mdist/[22m[32msortByProperty.d.cts[39m              [2m0.22 kB[22m [2m│ gzip: 0.17 kB[22m
@n8n/utils:build: [34mℹ[39m [33m[CJS][39m [2mdist/[22m[32msanitize.d.cts[39m                    [2m0.20 kB[22m [2m│ gzip: 0.16 kB[22m
@n8n/utils:build: [34mℹ[39m [33m[CJS][39m [2mdist/[22m[32msmartDecimal.d.cts[39m                [2m0.20 kB[22m [2m│ gzip: 0.15 kB[22m
@n8n/utils:build: [34mℹ[39m [33m[CJS][39m [2mdist/[22m[32massert2.d.cts[39m                     [2m0.18 kB[22m [2m│ gzip: 0.15 kB[22m
@n8n/utils:build: [34mℹ[39m [33m[CJS][39m 21 files, total: 5.14 kB
@n8n/utils:build: [32m✔[39m Build complete in [32m2455ms[39m
@n8n/node-cli:build: cache hit, replaying logs da06aa6fd531d8a8
@n8n/node-cli:build: 
@n8n/node-cli:build: > @n8n/node-cli@0.17.0 build /Users/joaolucashilgert/Development/Docker/n8n8/packages/@n8n/node-cli
@n8n/node-cli:build: > tsc -p tsconfig.build.json && pnpm copy-templates
@n8n/node-cli:build: 
@n8n/node-cli:build: 
@n8n/node-cli:build: > @n8n/node-cli@0.17.0 copy-templates /Users/joaolucashilgert/Development/Docker/n8n8/packages/@n8n/node-cli
@n8n/node-cli:build: > node scripts/copy-templates.mjs
@n8n/node-cli:build: 
@n8n/design-system:build: cache hit, replaying logs 612a7300965d39b6
@n8n/design-system:build: 
@n8n/design-system:build: > @n8n/design-system@2.0.0 build /Users/joaolucashilgert/Development/Docker/n8n8/packages/frontend/@n8n/design-system
@n8n/design-system:build: > vite build
@n8n/design-system:build: 
@n8n/design-system:build: rolldown-vite v7.2.10 building client environment for production...
@n8n/design-system:build: [2K@n8n/design-system:build: transforming...✓ 2748 modules transformed.
@n8n/design-system:build: rendering chunks...
@n8n/design-system:build: computing gzip size...
@n8n/design-system:build: dist/design-system.css          131.25 kB │ gzip:  20.71 kB
@n8n/design-system:build: dist/en-CTG8Ntni.js               0.08 kB │ gzip:   0.08 kB
@n8n/design-system:build: dist/en-DbaxML9S.js               4.83 kB │ gzip:   1.74 kB
@n8n/design-system:build: dist/n8n-design-system.es.js  1,937.34 kB │ gzip: 476.17 kB
@n8n/design-system:build: [2K@n8n/design-system:build: transforming...✓ 2748 modules transformed.
@n8n/design-system:build: rendering chunks...
@n8n/design-system:build: computing gzip size...
@n8n/design-system:build: dist/design-system.css           131.25 kB │ gzip:  20.71 kB
@n8n/design-system:build: dist/n8n-design-system.umd.js  1,449.98 kB │ gzip: 416.64 kB
@n8n/design-system:build: ✓ built in 8.47s
@n8n/chat:build: cache hit, replaying logs 786f31c42997d027
@n8n/chat:build: 
@n8n/chat:build: > @n8n/chat@1.0.0 build /Users/joaolucashilgert/Development/Docker/n8n8/packages/frontend/@n8n/chat
@n8n/chat:build: > pnpm build:vite && pnpm build:bundle
@n8n/chat:build: 
@n8n/chat:build: 
@n8n/chat:build: > @n8n/chat@1.0.0 build:vite /Users/joaolucashilgert/Development/Docker/n8n8/packages/frontend/@n8n/chat
@n8n/chat:build: > cross-env vite build
@n8n/chat:build: 
@n8n/chat:build: rolldown-vite v7.2.10 building client environment for production...
@n8n/chat:build: [2K@n8n/chat:build: transforming...✓ 2926 modules transformed.
@n8n/chat:build: rendering chunks...
@n8n/chat:build: [plugin builtin:vite-reporter] 
@n8n/chat:build: (!) /Users/joaolucashilgert/Development/Docker/n8n8/packages/frontend/@n8n/design-system/src/locale/lang/en.ts is dynamically imported by /Users/joaolucashilgert/Development/Docker/n8n8/packages/frontend/@n8n/design-system/src/locale/index.ts but also statically imported by /Users/joaolucashilgert/Development/Docker/n8n8/packages/frontend/@n8n/design-system/src/locale/index.ts, dynamic import will not move module into another chunk.
@n8n/chat:build: 
@n8n/chat:build: 
@n8n/chat:build: [vite:dts] Start generate declaration files...
@n8n/chat:build: [vite:dts] Declaration files built in 10307ms.
@n8n/chat:build: 
@n8n/chat:build: computing gzip size...
@n8n/chat:build: dist/chat.css       63.83 kB │ gzip:   9.85 kB
@n8n/chat:build: dist/chat.es.js  1,084.00 kB │ gzip: 296.09 kB
@n8n/chat:build: [2K@n8n/chat:build: transforming...✓ 2926 modules transformed.
@n8n/chat:build: rendering chunks...
@n8n/chat:build: computing gzip size...
@n8n/chat:build: dist/chat.css      63.83 kB │ gzip:   9.85 kB
@n8n/chat:build: dist/chat.umd.js  804.69 kB │ gzip: 261.03 kB
@n8n/chat:build: ✓ built in 22.77s
@n8n/chat:build: 
@n8n/chat:build: > @n8n/chat@1.0.0 build:bundle /Users/joaolucashilgert/Development/Docker/n8n8/packages/frontend/@n8n/chat
@n8n/chat:build: > cross-env INCLUDE_VUE=true vite build
@n8n/chat:build: 
@n8n/chat:build: rolldown-vite v7.2.10 building client environment for production...
@n8n/chat:build: [2K@n8n/chat:build: transforming...✓ 2929 modules transformed.
@n8n/chat:build: rendering chunks...
@n8n/chat:build: [plugin builtin:vite-reporter] 
@n8n/chat:build: (!) /Users/joaolucashilgert/Development/Docker/n8n8/packages/frontend/@n8n/design-system/src/locale/lang/en.ts is dynamically imported by /Users/joaolucashilgert/Development/Docker/n8n8/packages/frontend/@n8n/design-system/src/locale/index.ts but also statically imported by /Users/joaolucashilgert/Development/Docker/n8n8/packages/frontend/@n8n/design-system/src/locale/index.ts, dynamic import will not move module into another chunk.
@n8n/chat:build: 
@n8n/chat:build: 
@n8n/chat:build: [vite:dts] Start generate declaration files...
@n8n/chat:build: [vite:dts] Declaration files built in 8665ms.
@n8n/chat:build: 
@n8n/chat:build: computing gzip size...
@n8n/chat:build: dist/chat.css              63.83 kB │ gzip:   9.85 kB
@n8n/chat:build: dist/chat.bundle.es.js  1,170.33 kB │ gzip: 324.49 kB
@n8n/chat:build: [2K@n8n/chat:build: transforming...✓ 2929 modules transformed.
@n8n/chat:build: rendering chunks...
@n8n/chat:build: computing gzip size...
@n8n/chat:build: dist/chat.css             63.83 kB │ gzip:   9.85 kB
@n8n/chat:build: dist/chat.bundle.umd.js  808.03 kB │ gzip: 282.77 kB
@n8n/chat:build: ✓ built in 20.18s
n8n-workflow:build: cache hit, replaying logs e8cd1e8d9a63cdea
n8n-workflow:build: 
n8n-workflow:build: > n8n-workflow@2.0.0 build /Users/joaolucashilgert/Development/Docker/n8n8/packages/workflow
n8n-workflow:build: > tsc --build tsconfig.build.esm.json tsconfig.build.cjs.json
n8n-workflow:build: 
@n8n/stores:build: cache hit, replaying logs 6f31cbba060b1fe1
@n8n/stores:build: 
@n8n/stores:build: > @n8n/stores@2.0.0 build /Users/joaolucashilgert/Development/Docker/n8n8/packages/frontend/@n8n/stores
@n8n/stores:build: > tsdown
@n8n/stores:build: 
@n8n/stores:build: [34mℹ[39m tsdown [2mv0.16.8[22m powered by rolldown [2mv1.0.0-beta.52[22m
@n8n/stores:build: [34mℹ[39m Using tsdown config: [4m/Users/joaolucashilgert/Development/Docker/n8n8/packages/frontend/@n8n/stores/tsdown.config.ts[24m
@n8n/stores:build: [34mℹ[39m entry: [34msrc/constants.ts, src/index.ts, src/metaTagConfig.ts, src/useAgentRequestStore.ts, src/useRootStore.ts[39m
@n8n/stores:build: [34mℹ[39m tsconfig: [34mtsconfig.json[39m
@n8n/stores:build: [34mℹ[39m Build start
@n8n/stores:build: [34mℹ[39m Cleaning 34 files
@n8n/stores:build: [34mℹ[39m [33m[CJS][39m [2mdist/[22m[1museRootStore.cjs[22m              [2m5.68 kB[22m [2m│ gzip: 1.28 kB[22m
@n8n/stores:build: [34mℹ[39m [33m[CJS][39m [2mdist/[22m[1museAgentRequestStore.cjs[22m      [2m1.90 kB[22m [2m│ gzip: 0.57 kB[22m
@n8n/stores:build: [34mℹ[39m [33m[CJS][39m [2mdist/[22m[1mmetaTagConfig.cjs[22m             [2m0.23 kB[22m [2m│ gzip: 0.11 kB[22m
@n8n/stores:build: [34mℹ[39m [33m[CJS][39m [2mdist/[22m[1mconstants.cjs[22m                 [2m0.10 kB[22m [2m│ gzip: 0.08 kB[22m
@n8n/stores:build: [34mℹ[39m [33m[CJS][39m [2mdist/[22m[1mindex.cjs[22m                     [2m0.10 kB[22m [2m│ gzip: 0.08 kB[22m
@n8n/stores:build: [34mℹ[39m [33m[CJS][39m [2mdist/[22museRootStore.cjs.map          [2m9.94 kB[22m [2m│ gzip: 2.19 kB[22m
@n8n/stores:build: [34mℹ[39m [33m[CJS][39m [2mdist/[22museAgentRequestStore.cjs.map  [2m3.72 kB[22m [2m│ gzip: 1.15 kB[22m
@n8n/stores:build: [34mℹ[39m [33m[CJS][39m [2mdist/[22mconstants2.cjs.map            [2m2.10 kB[22m [2m│ gzip: 0.97 kB[22m
@n8n/stores:build: [34mℹ[39m [33m[CJS][39m [2mdist/[22mmetaTagConfig2.cjs.map        [2m1.85 kB[22m [2m│ gzip: 0.76 kB[22m
@n8n/stores:build: [34mℹ[39m [33m[CJS][39m [2mdist/[22mconstants2.cjs                [2m1.55 kB[22m [2m│ gzip: 0.82 kB[22m
@n8n/stores:build: [34mℹ[39m [33m[CJS][39m [2mdist/[22mmetaTagConfig2.cjs            [2m1.34 kB[22m [2m│ gzip: 0.51 kB[22m
@n8n/stores:build: [34mℹ[39m [33m[CJS][39m 11 files, total: 28.51 kB
@n8n/stores:build: [33m[EMPTY_IMPORT_META] Warning:[0m `import.meta` may not be a valid syntax with the `cjs` output format.
@n8n/stores:build:    [38;5;246m╭[0m[38;5;246m─[0m[38;5;246m[[0m src/useRootStore.ts:8:34 [38;5;246m][0m
@n8n/stores:build:    [38;5;246m│[0m
@n8n/stores:build:  [38;5;246m8 │[0m [38;5;249mc[0m[38;5;249mo[0m[38;5;249mn[0m[38;5;249ms[0m[38;5;249mt[0m[38;5;249m [0m[38;5;249m{[0m[38;5;249m [0m[38;5;249mV[0m[38;5;249mU[0m[38;5;249mE[0m[38;5;249m_[0m[38;5;249mA[0m[38;5;249mP[0m[38;5;249mP[0m[38;5;249m_[0m[38;5;249mU[0m[38;5;249mR[0m[38;5;249mL[0m[38;5;249m_[0m[38;5;249mB[0m[38;5;249mA[0m[38;5;249mS[0m[38;5;249mE[0m[38;5;249m_[0m[38;5;249mA[0m[38;5;249mP[0m[38;5;249mI[0m[38;5;249m [0m[38;5;249m}[0m[38;5;249m [0m[38;5;249m=[0m[38;5;249m [0mimport.meta[38;5;249m.[0m[38;5;249me[0m[38;5;249mn[0m[38;5;249mv[0m[38;5;249m;[0m
@n8n/stores:build:  [38;5;240m  │[0m                                  ─────┬─────  
@n8n/stores:build:  [38;5;240m  │[0m                                       ╰─────── This `import.meta` will be replaced with an empty object (`{}`) automatically. If this is desired, you can suppress this warning by adding `transform.define: { 'import.meta': {} }`. If `import.meta` needs to be kept as-is, you need to set the output format to `esm`.
@n8n/stores:build: [38;5;246m───╯[0m
@n8n/stores:build: 
@n8n/stores:build: [34mℹ[39m [34m[ESM][39m [2mdist/[22m[1museRootStore.mjs[22m              [2m 5.43 kB[22m [2m│ gzip: 1.25 kB[22m
@n8n/stores:build: [34mℹ[39m [34m[ESM][39m [2mdist/[22m[1museAgentRequestStore.mjs[22m      [2m 1.86 kB[22m [2m│ gzip: 0.55 kB[22m
@n8n/stores:build: [34mℹ[39m [34m[ESM][39m [2mdist/[22m[1mmetaTagConfig.mjs[22m             [2m 0.16 kB[22m [2m│ gzip: 0.11 kB[22m
@n8n/stores:build: [34mℹ[39m [34m[ESM][39m [2mdist/[22m[1mconstants.mjs[22m                 [2m 0.07 kB[22m [2m│ gzip: 0.08 kB[22m
@n8n/stores:build: [34mℹ[39m [34m[ESM][39m [2mdist/[22m[1mindex.mjs[22m                     [2m 0.07 kB[22m [2m│ gzip: 0.08 kB[22m
@n8n/stores:build: [34mℹ[39m [34m[ESM][39m [2mdist/[22museRootStore.mjs.map          [2m10.02 kB[22m [2m│ gzip: 2.17 kB[22m
@n8n/stores:build: [34mℹ[39m [34m[ESM][39m [2mdist/[22museAgentRequestStore.mjs.map  [2m 3.73 kB[22m [2m│ gzip: 1.16 kB[22m
@n8n/stores:build: [34mℹ[39m [34m[ESM][39m [2mdist/[22mconstants2.mjs.map            [2m 2.10 kB[22m [2m│ gzip: 0.97 kB[22m
@n8n/stores:build: [34mℹ[39m [34m[ESM][39m [2mdist/[22mmetaTagConfig2.mjs.map        [2m 1.85 kB[22m [2m│ gzip: 0.76 kB[22m
@n8n/stores:build: [34mℹ[39m [34m[ESM][39m [2mdist/[22mconstants2.mjs                [2m 1.47 kB[22m [2m│ gzip: 0.76 kB[22m
@n8n/stores:build: [34mℹ[39m [34m[ESM][39m [2mdist/[22mmetaTagConfig2.mjs            [2m 1.12 kB[22m [2m│ gzip: 0.46 kB[22m
@n8n/stores:build: [34mℹ[39m [34m[ESM][39m [2mdist/[22m[32m[1museRootStore.d.mts[22m[39m            [2m 7.48 kB[22m [2m│ gzip: 0.93 kB[22m
@n8n/stores:build: [34mℹ[39m [34m[ESM][39m [2mdist/[22m[32m[1museAgentRequestStore.d.mts[22m[39m    [2m 2.51 kB[22m [2m│ gzip: 0.50 kB[22m
@n8n/stores:build: [34mℹ[39m [34m[ESM][39m [2mdist/[22m[32m[1mmetaTagConfig.d.mts[22m[39m           [2m 0.31 kB[22m [2m│ gzip: 0.17 kB[22m
@n8n/stores:build: [34mℹ[39m [34m[ESM][39m [2mdist/[22m[32m[1mconstants.d.mts[22m[39m               [2m 0.07 kB[22m [2m│ gzip: 0.07 kB[22m
@n8n/stores:build: [34mℹ[39m [34m[ESM][39m [2mdist/[22m[32m[1mindex.d.mts[22m[39m                   [2m 0.07 kB[22m [2m│ gzip: 0.07 kB[22m
@n8n/stores:build: [34mℹ[39m [34m[ESM][39m [2mdist/[22m[32mconstants2.d.mts[39m              [2m 1.93 kB[22m [2m│ gzip: 0.78 kB[22m
@n8n/stores:build: [34mℹ[39m [34m[ESM][39m 17 files, total: 40.22 kB
@n8n/stores:build: [34mℹ[39m [33m[CJS][39m [2mdist/[22m[32m[1museRootStore.d.cts[22m[39m          [2m7.48 kB[22m [2m│ gzip: 0.93 kB[22m
@n8n/stores:build: [34mℹ[39m [33m[CJS][39m [2mdist/[22m[32m[1museAgentRequestStore.d.cts[22m[39m  [2m2.51 kB[22m [2m│ gzip: 0.50 kB[22m
@n8n/stores:build: [34mℹ[39m [33m[CJS][39m [2mdist/[22m[32m[1mmetaTagConfig.d.cts[22m[39m         [2m0.31 kB[22m [2m│ gzip: 0.17 kB[22m
@n8n/stores:build: [34mℹ[39m [33m[CJS][39m [2mdist/[22m[32m[1mconstants.d.cts[22m[39m             [2m0.07 kB[22m [2m│ gzip: 0.07 kB[22m
@n8n/stores:build: [34mℹ[39m [33m[CJS][39m [2mdist/[22m[32m[1mindex.d.cts[22m[39m                 [2m0.07 kB[22m [2m│ gzip: 0.07 kB[22m
@n8n/stores:build: [34mℹ[39m [33m[CJS][39m [2mdist/[22m[32mconstants2.d.cts[39m            [2m1.93 kB[22m [2m│ gzip: 0.78 kB[22m
@n8n/stores:build: [34mℹ[39m [33m[CJS][39m 6 files, total: 12.36 kB
@n8n/stores:build: [32m✔[39m Build complete in [32m3240ms[39m
@n8n/i18n:build: cache hit, replaying logs e0e15762befe9255
@n8n/i18n:build: 
@n8n/i18n:build: > @n8n/i18n@2.0.0 build /Users/joaolucashilgert/Development/Docker/n8n8/packages/frontend/@n8n/i18n
@n8n/i18n:build: > tsdown
@n8n/i18n:build: 
@n8n/i18n:build: [34mℹ[39m tsdown [2mv0.16.8[22m powered by rolldown [2mv1.0.0-beta.52[22m
@n8n/i18n:build: [34mℹ[39m Using tsdown config: [4m/Users/joaolucashilgert/Development/Docker/n8n8/packages/frontend/@n8n/i18n/tsdown.config.ts[24m
@n8n/i18n:build: [34mℹ[39m entry: [34msrc/index.ts, src/types.ts, src/utils.ts[39m
@n8n/i18n:build: [34mℹ[39m tsconfig: [34mtsconfig.json[39m
@n8n/i18n:build: [34mℹ[39m Build start
@n8n/i18n:build: [34mℹ[39m Cleaning 20 files
@n8n/i18n:build: [34mℹ[39m [33m[CJS][39m [2mdist/[22m[1mindex.cjs[22m       [2m341.09 kB[22m [2m│ gzip: 77.33 kB[22m
@n8n/i18n:build: [34mℹ[39m [33m[CJS][39m [2mdist/[22m[1mutils.cjs[22m       [2m  0.29 kB[22m [2m│ gzip:  0.15 kB[22m
@n8n/i18n:build: [34mℹ[39m [33m[CJS][39m [2mdist/[22m[1mtypes.cjs[22m       [2m  0.00 kB[22m [2m│ gzip:  0.02 kB[22m
@n8n/i18n:build: [34mℹ[39m [33m[CJS][39m [2mdist/[22mindex.cjs.map   [2m432.09 kB[22m [2m│ gzip: 87.70 kB[22m
@n8n/i18n:build: [34mℹ[39m [33m[CJS][39m [2mdist/[22mutils2.cjs.map  [2m  3.42 kB[22m [2m│ gzip:  1.35 kB[22m
@n8n/i18n:build: [34mℹ[39m [33m[CJS][39m [2mdist/[22mutils2.cjs      [2m  2.69 kB[22m [2m│ gzip:  1.02 kB[22m
@n8n/i18n:build: [34mℹ[39m [33m[CJS][39m 6 files, total: 779.58 kB
@n8n/i18n:build: [34mℹ[39m [33m[CJS][39m [2mdist/[22m[32m[1mindex.d.cts[22m[39m   [2m220.75 kB[22m [2m│ gzip: 29.82 kB[22m
@n8n/i18n:build: [34mℹ[39m [33m[CJS][39m [2mdist/[22m[32m[1mutils.d.cts[22m[39m   [2m  0.46 kB[22m [2m│ gzip:  0.25 kB[22m
@n8n/i18n:build: [34mℹ[39m [33m[CJS][39m [2mdist/[22m[32m[1mtypes.d.cts[22m[39m   [2m  0.20 kB[22m [2m│ gzip:  0.14 kB[22m
@n8n/i18n:build: [34mℹ[39m [33m[CJS][39m [2mdist/[22m[32mtypes2.d.cts[39m  [2m209.10 kB[22m [2m│ gzip: 28.77 kB[22m
@n8n/i18n:build: [34mℹ[39m [33m[CJS][39m 4 files, total: 430.52 kB
@n8n/i18n:build: [34mℹ[39m [34m[ESM][39m [2mdist/[22m[1mindex.mjs[22m       [2m340.69 kB[22m [2m│ gzip: 77.31 kB[22m
@n8n/i18n:build: [34mℹ[39m [34m[ESM][39m [2mdist/[22m[1mutils.mjs[22m       [2m  0.22 kB[22m [2m│ gzip:  0.15 kB[22m
@n8n/i18n:build: [34mℹ[39m [34m[ESM][39m [2mdist/[22m[1mtypes.mjs[22m       [2m  0.01 kB[22m [2m│ gzip:  0.03 kB[22m
@n8n/i18n:build: [34mℹ[39m [34m[ESM][39m [2mdist/[22mindex.mjs.map   [2m431.99 kB[22m [2m│ gzip: 87.66 kB[22m
@n8n/i18n:build: [34mℹ[39m [34m[ESM][39m [2mdist/[22mutils2.mjs.map  [2m  3.42 kB[22m [2m│ gzip:  1.35 kB[22m
@n8n/i18n:build: [34mℹ[39m [34m[ESM][39m [2mdist/[22mutils2.mjs      [2m  2.27 kB[22m [2m│ gzip:  0.96 kB[22m
@n8n/i18n:build: [34mℹ[39m [34m[ESM][39m [2mdist/[22m[32m[1mindex.d.mts[22m[39m     [2m220.75 kB[22m [2m│ gzip: 29.82 kB[22m
@n8n/i18n:build: [34mℹ[39m [34m[ESM][39m [2mdist/[22m[32m[1mutils.d.mts[22m[39m     [2m  0.46 kB[22m [2m│ gzip:  0.25 kB[22m
@n8n/i18n:build: [34mℹ[39m [34m[ESM][39m [2mdist/[22m[32m[1mtypes.d.mts[22m[39m     [2m  0.20 kB[22m [2m│ gzip:  0.14 kB[22m
@n8n/i18n:build: [34mℹ[39m [34m[ESM][39m [2mdist/[22m[32mtypes2.d.mts[39m    [2m209.10 kB[22m [2m│ gzip: 28.77 kB[22m
@n8n/i18n:build: [34mℹ[39m [34m[ESM][39m 10 files, total: 1209.12 kB
@n8n/i18n:build: [32m✔[39m Build complete in [32m4251ms[39m
@n8n/decorators:build: cache hit, replaying logs 6c55b89c4acb6523
@n8n/decorators:build: 
@n8n/decorators:build: > @n8n/decorators@1.0.0 build /Users/joaolucashilgert/Development/Docker/n8n8/packages/@n8n/decorators
@n8n/decorators:build: > tsc -p tsconfig.build.json
@n8n/decorators:build: 
@n8n/backend-common:build: cache hit, replaying logs 06b159d2a04b9171
@n8n/backend-common:build: 
@n8n/backend-common:build: > @n8n/backend-common@1.0.0 build /Users/joaolucashilgert/Development/Docker/n8n8/packages/@n8n/backend-common
@n8n/backend-common:build: > tsc -p tsconfig.build.json
@n8n/backend-common:build: 
@n8n/api-types:build: cache hit, replaying logs 7163a885b260dff0
@n8n/api-types:build: 
@n8n/api-types:build: > @n8n/api-types@1.0.0 build /Users/joaolucashilgert/Development/Docker/n8n8/packages/@n8n/api-types
@n8n/api-types:build: > tsc -p tsconfig.build.json
@n8n/api-types:build: 
n8n-core:build: cache hit, replaying logs 37b2b899b25d7bdd
n8n-core:build: 
n8n-core:build: > n8n-core@2.0.0 build /Users/joaolucashilgert/Development/Docker/n8n8/packages/core
n8n-core:build: > tsc -p tsconfig.build.json && tsc-alias -p tsconfig.build.json
n8n-core:build: 
n8n-node-dev:build: cache hit, replaying logs 43f75dd0075bd0b9
n8n-node-dev:build: 
n8n-node-dev:build: > n8n-node-dev@2.0.0 build /Users/joaolucashilgert/Development/Docker/n8n8/packages/node-dev
n8n-node-dev:build: > tsc --noEmit
n8n-node-dev:build: 
@n8n/ai-workflow-builder:build: cache hit, replaying logs f58453abf3265812
@n8n/ai-workflow-builder:build: 
@n8n/ai-workflow-builder:build: > @n8n/ai-workflow-builder@1.0.0 build /Users/joaolucashilgert/Development/Docker/n8n8/packages/@n8n/ai-workflow-builder.ee
@n8n/ai-workflow-builder:build: > tsc -p ./tsconfig.build.json && tsc-alias -p tsconfig.build.json
@n8n/ai-workflow-builder:build: 
@n8n/task-runner:build: cache hit, replaying logs 71468a8ff2248851
@n8n/task-runner:build: 
@n8n/task-runner:build: > @n8n/task-runner@2.0.0 build /Users/joaolucashilgert/Development/Docker/n8n8/packages/@n8n/task-runner
@n8n/task-runner:build: > tsc -p ./tsconfig.build.json && tsc-alias -p tsconfig.build.json
@n8n/task-runner:build: 
@n8n/rest-api-client:build: cache hit, replaying logs 4d11f9ca975bb4f1
@n8n/rest-api-client:build: 
@n8n/rest-api-client:build: > @n8n/rest-api-client@2.0.0 build /Users/joaolucashilgert/Development/Docker/n8n8/packages/frontend/@n8n/rest-api-client
@n8n/rest-api-client:build: > tsdown
@n8n/rest-api-client:build: 
@n8n/rest-api-client:build: [34mℹ[39m tsdown [2mv0.16.8[22m powered by rolldown [2mv1.0.0-beta.52[22m
@n8n/rest-api-client:build: [34mℹ[39m Using tsdown config: [4m/Users/joaolucashilgert/Development/Docker/n8n8/packages/frontend/@n8n/rest-api-client/tsdown.config.ts[24m
@n8n/rest-api-client:build: [34mℹ[39m entry: [34msrc/index.ts, src/types.ts, src/utils.ts, src/api/api-keys.ts, src/api/breaking-changes.ts, src/api/cloudPlans.ts, src/api/communityNodes.ts, src/api/consent.ts, src/api/credentialResolvers.ts, src/api/ctas.ts, src/api/dynamic-banners.ts, src/api/eventbus.ee.ts, src/api/events.ts, src/api/execution.ts, src/api/externalSecrets.ee.ts, src/api/index.ts, src/api/ldap.ts, src/api/mfa.ts, src/api/module-settings.ts, src/api/nodeTypes.ts, src/api/npsSurvey.ts, src/api/orchestration.ts, src/api/prompts.ts, src/api/provisioning.ts, src/api/roles.ts, src/api/settings.ts, src/api/sso.ts, src/api/tags.ts, src/api/templates.ts, src/api/third-party-licenses.ts, src/api/ui.ts, src/api/usage.ts, src/api/users.ts, src/api/versions.ts, src/api/webhooks.ts, src/api/workflowHistory.ts, src/api/workflows.ts[39m
@n8n/rest-api-client:build: [34mℹ[39m tsconfig: [34mtsconfig.json[39m
@n8n/rest-api-client:build: [34mℹ[39m Build start
@n8n/rest-api-client:build: [34mℹ[39m Cleaning 333 files
@n8n/rest-api-client:build: [34mℹ[39m [33m[CJS][39m [2mdist/[22m[1mindex.cjs[22m                     [2m 9.84 kB[22m [2m│ gzip: 1.87 kB[22m
@n8n/rest-api-client:build: [34mℹ[39m [33m[CJS][39m [2mdist/[22m[1mapi/index.cjs[22m                 [2m 9.28 kB[22m [2m│ gzip: 1.74 kB[22m
@n8n/rest-api-client:build: [34mℹ[39m [33m[CJS][39m [2mdist/[22m[1mapi/users.cjs[22m                 [2m 1.19 kB[22m [2m│ gzip: 0.32 kB[22m
@n8n/rest-api-client:build: [34mℹ[39m [33m[CJS][39m [2mdist/[22m[1mapi/nodeTypes.cjs[22m             [2m 0.86 kB[22m [2m│ gzip: 0.25 kB[22m
@n8n/rest-api-client:build: [34mℹ[39m [33m[CJS][39m [2mdist/[22m[1mapi/breaking-changes.cjs[22m      [2m 0.78 kB[22m [2m│ gzip: 0.33 kB[22m
@n8n/rest-api-client:build: [34mℹ[39m [33m[CJS][39m [2mdist/[22m[1mapi/externalSecrets.ee.cjs[22m    [2m 0.68 kB[22m [2m│ gzip: 0.18 kB[22m
@n8n/rest-api-client:build: [34mℹ[39m [33m[CJS][39m [2mdist/[22m[1mapi/credentialResolvers.cjs[22m   [2m 0.63 kB[22m [2m│ gzip: 0.16 kB[22m
@n8n/rest-api-client:build: [34mℹ[39m [33m[CJS][39m [2mdist/[22m[1mutils.cjs[22m                     [2m 0.61 kB[22m [2m│ gzip: 0.22 kB[22m
@n8n/rest-api-client:build: [34mℹ[39m [33m[CJS][39m [2mdist/[22m[1mapi/eventbus.ee.cjs[22m           [2m 0.56 kB[22m [2m│ gzip: 0.19 kB[22m
@n8n/rest-api-client:build: [34mℹ[39m [33m[CJS][39m [2mdist/[22m[1mapi/sso.cjs[22m                   [2m 0.53 kB[22m [2m│ gzip: 0.18 kB[22m
@n8n/rest-api-client:build: [34mℹ[39m [33m[CJS][39m [2mdist/[22m[1mapi/templates.cjs[22m             [2m 0.51 kB[22m [2m│ gzip: 0.18 kB[22m
@n8n/rest-api-client:build: [34mℹ[39m [33m[CJS][39m [2mdist/[22m[1mapi/consent.cjs[22m               [2m 0.50 kB[22m [2m│ gzip: 0.26 kB[22m
@n8n/rest-api-client:build: [34mℹ[39m [33m[CJS][39m [2mdist/[22m[1mapi/communityNodes.cjs[22m        [2m 0.48 kB[22m [2m│ gzip: 0.17 kB[22m
@n8n/rest-api-client:build: [34mℹ[39m [33m[CJS][39m [2mdist/[22m[1mapi/cloudPlans.cjs[22m            [2m 0.48 kB[22m [2m│ gzip: 0.18 kB[22m
@n8n/rest-api-client:build: [34mℹ[39m [33m[CJS][39m [2mdist/[22m[1mapi/usage.cjs[22m                 [2m 0.37 kB[22m [2m│ gzip: 0.17 kB[22m
@n8n/rest-api-client:build: [34mℹ[39m [33m[CJS][39m [2mdist/[22m[1mapi/ldap.cjs[22m                  [2m 0.36 kB[22m [2m│ gzip: 0.16 kB[22m
@n8n/rest-api-client:build: [34mℹ[39m [33m[CJS][39m [2mdist/[22m[1mapi/mfa.cjs[22m                   [2m 0.35 kB[22m [2m│ gzip: 0.17 kB[22m
@n8n/rest-api-client:build: [34mℹ[39m [33m[CJS][39m [2mdist/[22m[1mapi/roles.cjs[22m                 [2m 0.35 kB[22m [2m│ gzip: 0.15 kB[22m
@n8n/rest-api-client:build: [34mℹ[39m [33m[CJS][39m [2mdist/[22m[1mapi/api-keys.cjs[22m              [2m 0.35 kB[22m [2m│ gzip: 0.15 kB[22m
@n8n/rest-api-client:build: [34mℹ[39m [33m[CJS][39m [2mdist/[22m[1mapi/dynamic-banners.cjs[22m       [2m 0.30 kB[22m [2m│ gzip: 0.20 kB[22m
@n8n/rest-api-client:build: [34mℹ[39m [33m[CJS][39m [2mdist/[22m[1mapi/provisioning.cjs[22m          [2m 0.24 kB[22m [2m│ gzip: 0.12 kB[22m
@n8n/rest-api-client:build: [34mℹ[39m [33m[CJS][39m [2mdist/[22m[1mapi/workflowHistory.cjs[22m       [2m 0.24 kB[22m [2m│ gzip: 0.12 kB[22m
@n8n/rest-api-client:build: [34mℹ[39m [33m[CJS][39m [2mdist/[22m[1mapi/versions.cjs[22m              [2m 0.20 kB[22m [2m│ gzip: 0.12 kB[22m
@n8n/rest-api-client:build: [34mℹ[39m [33m[CJS][39m [2mdist/[22m[1mapi/prompts.cjs[22m               [2m 0.20 kB[22m [2m│ gzip: 0.12 kB[22m
@n8n/rest-api-client:build: [34mℹ[39m [33m[CJS][39m [2mdist/[22m[1mapi/third-party-licenses.cjs[22m  [2m 0.19 kB[22m [2m│ gzip: 0.12 kB[22m
@n8n/rest-api-client:build: [34mℹ[39m [33m[CJS][39m [2mdist/[22m[1mapi/module-settings.cjs[22m       [2m 0.16 kB[22m [2m│ gzip: 0.11 kB[22m
@n8n/rest-api-client:build: [34mℹ[39m [33m[CJS][39m [2mdist/[22m[1mapi/orchestration.cjs[22m         [2m 0.16 kB[22m [2m│ gzip: 0.11 kB[22m
@n8n/rest-api-client:build: [34mℹ[39m [33m[CJS][39m [2mdist/[22m[1mapi/npsSurvey.cjs[22m             [2m 0.15 kB[22m [2m│ gzip: 0.10 kB[22m
@n8n/rest-api-client:build: [34mℹ[39m [33m[CJS][39m [2mdist/[22m[1mapi/ui.cjs[22m                    [2m 0.14 kB[22m [2m│ gzip: 0.11 kB[22m
@n8n/rest-api-client:build: [34mℹ[39m [33m[CJS][39m [2mdist/[22m[1mapi/ctas.cjs[22m                  [2m 0.14 kB[22m [2m│ gzip: 0.10 kB[22m
@n8n/rest-api-client:build: [34mℹ[39m [33m[CJS][39m [2mdist/[22m[1mapi/events.cjs[22m                [2m 0.13 kB[22m [2m│ gzip: 0.10 kB[22m
@n8n/rest-api-client:build: [34mℹ[39m [33m[CJS][39m [2mdist/[22m[1mapi/settings.cjs[22m              [2m 0.13 kB[22m [2m│ gzip: 0.09 kB[22m
@n8n/rest-api-client:build: [34mℹ[39m [33m[CJS][39m [2mdist/[22m[1mapi/webhooks.cjs[22m              [2m 0.13 kB[22m [2m│ gzip: 0.10 kB[22m
@n8n/rest-api-client:build: [34mℹ[39m [33m[CJS][39m [2mdist/[22m[1mapi/execution.cjs[22m             [2m 0.00 kB[22m [2m│ gzip: 0.02 kB[22m
@n8n/rest-api-client:build: [34mℹ[39m [33m[CJS][39m [2mdist/[22m[1mapi/tags.cjs[22m                  [2m 0.00 kB[22m [2m│ gzip: 0.02 kB[22m
@n8n/rest-api-client:build: [34mℹ[39m [33m[CJS][39m [2mdist/[22m[1mapi/workflows.cjs[22m             [2m 0.00 kB[22m [2m│ gzip: 0.02 kB[22m
@n8n/rest-api-client:build: [34mℹ[39m [33m[CJS][39m [2mdist/[22m[1mtypes.cjs[22m                     [2m 0.00 kB[22m [2m│ gzip: 0.02 kB[22m
@n8n/rest-api-client:build: [34mℹ[39m [33m[CJS][39m [2mdist/[22mutils2.cjs.map                [2m13.07 kB[22m [2m│ gzip: 4.24 kB[22m
@n8n/rest-api-client:build: [34mℹ[39m [33m[CJS][39m [2mdist/[22mutils2.cjs                    [2m 8.89 kB[22m [2m│ gzip: 2.85 kB[22m
@n8n/rest-api-client:build: [34mℹ[39m [33m[CJS][39m [2mdist/[22musers.cjs.map                 [2m 8.64 kB[22m [2m│ gzip: 1.84 kB[22m
@n8n/rest-api-client:build: [34mℹ[39m [33m[CJS][39m [2mdist/[22mtemplates.cjs.map             [2m 6.30 kB[22m [2m│ gzip: 1.70 kB[22m
@n8n/rest-api-client:build: [34mℹ[39m [33m[CJS][39m [2mdist/[22musers.cjs                     [2m 5.39 kB[22m [2m│ gzip: 0.86 kB[22m
@n8n/rest-api-client:build: [34mℹ[39m [33m[CJS][39m [2mdist/[22mnodeTypes.cjs.map             [2m 4.67 kB[22m [2m│ gzip: 1.32 kB[22m
@n8n/rest-api-client:build: [34mℹ[39m [33m[CJS][39m [2mdist/[22mnodeTypes.cjs                 [2m 3.77 kB[22m [2m│ gzip: 0.84 kB[22m
@n8n/rest-api-client:build: [34mℹ[39m [33m[CJS][39m [2mdist/[22msso.cjs.map                   [2m 2.84 kB[22m [2m│ gzip: 0.77 kB[22m
@n8n/rest-api-client:build: [34mℹ[39m [33m[CJS][39m [2mdist/[22mcloudPlans.cjs.map            [2m 2.79 kB[22m [2m│ gzip: 1.01 kB[22m
@n8n/rest-api-client:build: [34mℹ[39m [33m[CJS][39m [2mdist/[22mexternalSecrets.ee.cjs.map    [2m 2.64 kB[22m [2m│ gzip: 0.70 kB[22m
@n8n/rest-api-client:build: [34mℹ[39m [33m[CJS][39m [2mdist/[22mldap.cjs.map                  [2m 2.63 kB[22m [2m│ gzip: 0.90 kB[22m
@n8n/rest-api-client:build: [34mℹ[39m [33m[CJS][39m [2mdist/[22msso.cjs                       [2m 2.52 kB[22m [2m│ gzip: 0.49 kB[22m
@n8n/rest-api-client:build: [34mℹ[39m [33m[CJS][39m [2mdist/[22mtemplates.cjs                 [2m 2.50 kB[22m [2m│ gzip: 0.59 kB[22m
@n8n/rest-api-client:build: [34mℹ[39m [33m[CJS][39m [2mdist/[22meventbus.ee.cjs.map           [2m 2.33 kB[22m [2m│ gzip: 0.79 kB[22m
@n8n/rest-api-client:build: [34mℹ[39m [33m[CJS][39m [2mdist/[22mexternalSecrets.ee.cjs        [2m 2.31 kB[22m [2m│ gzip: 0.45 kB[22m
@n8n/rest-api-client:build: [34mℹ[39m [33m[CJS][39m [2mdist/[22mcredentialResolvers.cjs.map   [2m 2.25 kB[22m [2m│ gzip: 0.59 kB[22m
@n8n/rest-api-client:build: [34mℹ[39m [33m[CJS][39m [2mdist/[22mcommunityNodes.cjs.map        [2m 2.11 kB[22m [2m│ gzip: 0.82 kB[22m
@n8n/rest-api-client:build: [34mℹ[39m [33m[CJS][39m [2mdist/[22mversions.cjs.map              [2m 2.05 kB[22m [2m│ gzip: 0.78 kB[22m
@n8n/rest-api-client:build: [34mℹ[39m [33m[CJS][39m [2mdist/[22mcredentialResolvers.cjs       [2m 2.00 kB[22m [2m│ gzip: 0.41 kB[22m
@n8n/rest-api-client:build: [34mℹ[39m [33m[CJS][39m [2mdist/[22mworkflowHistory.cjs.map       [2m 1.97 kB[22m [2m│ gzip: 0.71 kB[22m
@n8n/rest-api-client:build: [34mℹ[39m [33m[CJS][39m [2mdist/[22meventbus.ee.cjs               [2m 1.94 kB[22m [2m│ gzip: 0.50 kB[22m
@n8n/rest-api-client:build: [34mℹ[39m [33m[CJS][39m [2mdist/[22mmfa.cjs.map                   [2m 1.88 kB[22m [2m│ gzip: 0.61 kB[22m
@n8n/rest-api-client:build: [34mℹ[39m [33m[CJS][39m [2mdist/[22musage.cjs.map                 [2m 1.80 kB[22m [2m│ gzip: 0.64 kB[22m
@n8n/rest-api-client:build: [34mℹ[39m [33m[CJS][39m [2mdist/[22mcommunityNodes.cjs            [2m 1.76 kB[22m [2m│ gzip: 0.57 kB[22m
@n8n/rest-api-client:build: [34mℹ[39m [33m[CJS][39m [2mdist/[22mroles.cjs.map                 [2m 1.76 kB[22m [2m│ gzip: 0.60 kB[22m
@n8n/rest-api-client:build: [34mℹ[39m [33m[CJS][39m [2mdist/[22mapi-keys.cjs.map              [2m 1.75 kB[22m [2m│ gzip: 0.58 kB[22m
@n8n/rest-api-client:build: [34mℹ[39m [33m[CJS][39m [2mdist/[22mcloudPlans.cjs                [2m 1.69 kB[22m [2m│ gzip: 0.43 kB[22m
@n8n/rest-api-client:build: [34mℹ[39m [33m[CJS][39m [2mdist/[22mmfa.cjs                       [2m 1.63 kB[22m [2m│ gzip: 0.41 kB[22m
@n8n/rest-api-client:build: [34mℹ[39m [33m[CJS][39m [2mdist/[22mapi/breaking-changes.cjs.map  [2m 1.56 kB[22m [2m│ gzip: 0.62 kB[22m
@n8n/rest-api-client:build: [34mℹ[39m [33m[CJS][39m [2mdist/[22musage.cjs                     [2m 1.52 kB[22m [2m│ gzip: 0.42 kB[22m
@n8n/rest-api-client:build: [34mℹ[39m [33m[CJS][39m [2mdist/[22mroles.cjs                     [2m 1.49 kB[22m [2m│ gzip: 0.41 kB[22m
@n8n/rest-api-client:build: [34mℹ[39m [33m[CJS][39m [2mdist/[22mldap.cjs                      [2m 1.47 kB[22m [2m│ gzip: 0.40 kB[22m
@n8n/rest-api-client:build: [34mℹ[39m [33m[CJS][39m [2mdist/[22mapi-keys.cjs                  [2m 1.41 kB[22m [2m│ gzip: 0.39 kB[22m
@n8n/rest-api-client:build: [34mℹ[39m [33m[CJS][39m [2mdist/[22mprompts.cjs.map               [2m 1.16 kB[22m [2m│ gzip: 0.53 kB[22m
@n8n/rest-api-client:build: [34mℹ[39m [33m[CJS][39m [2mdist/[22mprovisioning.cjs.map          [2m 1.08 kB[22m [2m│ gzip: 0.46 kB[22m
@n8n/rest-api-client:build: [34mℹ[39m [33m[CJS][39m [2mdist/[22mapi/consent.cjs.map           [2m 0.96 kB[22m [2m│ gzip: 0.45 kB[22m
@n8n/rest-api-client:build: [34mℹ[39m [33m[CJS][39m [2mdist/[22mapi/dynamic-banners.cjs.map   [2m 0.94 kB[22m [2m│ gzip: 0.51 kB[22m
@n8n/rest-api-client:build: [34mℹ[39m [33m[CJS][39m [2mdist/[22mversions.cjs                  [2m 0.88 kB[22m [2m│ gzip: 0.37 kB[22m
@n8n/rest-api-client:build: [34mℹ[39m [33m[CJS][39m [2mdist/[22mprompts.cjs                   [2m 0.85 kB[22m [2m│ gzip: 0.37 kB[22m
@n8n/rest-api-client:build: [34mℹ[39m [33m[CJS][39m [2mdist/[22mworkflowHistory.cjs           [2m 0.83 kB[22m [2m│ gzip: 0.34 kB[22m
@n8n/rest-api-client:build: [34mℹ[39m [33m[CJS][39m [2mdist/[22mprovisioning.cjs              [2m 0.73 kB[22m [2m│ gzip: 0.32 kB[22m
@n8n/rest-api-client:build: [34mℹ[39m [33m[CJS][39m [2mdist/[22mwebhooks.cjs.map              [2m 0.73 kB[22m [2m│ gzip: 0.42 kB[22m
@n8n/rest-api-client:build: [34mℹ[39m [33m[CJS][39m [2mdist/[22mui.cjs.map                    [2m 0.66 kB[22m [2m│ gzip: 0.40 kB[22m
@n8n/rest-api-client:build: [34mℹ[39m [33m[CJS][39m [2mdist/[22mmodule-settings.cjs.map       [2m 0.56 kB[22m [2m│ gzip: 0.32 kB[22m
@n8n/rest-api-client:build: [34mℹ[39m [33m[CJS][39m [2mdist/[22morchestration.cjs.map         [2m 0.56 kB[22m [2m│ gzip: 0.35 kB[22m
@n8n/rest-api-client:build: [34mℹ[39m [33m[CJS][39m [2mdist/[22mthird-party-licenses.cjs.map  [2m 0.55 kB[22m [2m│ gzip: 0.35 kB[22m
@n8n/rest-api-client:build: [34mℹ[39m [33m[CJS][39m [2mdist/[22mnpsSurvey.cjs.map             [2m 0.55 kB[22m [2m│ gzip: 0.33 kB[22m
@n8n/rest-api-client:build: [34mℹ[39m [33m[CJS][39m [2mdist/[22msettings.cjs.map              [2m 0.52 kB[22m [2m│ gzip: 0.31 kB[22m
@n8n/rest-api-client:build: [34mℹ[39m [33m[CJS][39m [2mdist/[22mthird-party-licenses.cjs      [2m 0.47 kB[22m [2m│ gzip: 0.29 kB[22m
@n8n/rest-api-client:build: [34mℹ[39m [33m[CJS][39m [2mdist/[22morchestration.cjs             [2m 0.47 kB[22m [2m│ gzip: 0.30 kB[22m
@n8n/rest-api-client:build: [34mℹ[39m [33m[CJS][39m [2mdist/[22mevents.cjs.map                [2m 0.46 kB[22m [2m│ gzip: 0.30 kB[22m
@n8n/rest-api-client:build: [34mℹ[39m [33m[CJS][39m [2mdist/[22mctas.cjs.map                  [2m 0.45 kB[22m [2m│ gzip: 0.31 kB[22m
@n8n/rest-api-client:build: [34mℹ[39m [33m[CJS][39m [2mdist/[22mui.cjs                        [2m 0.44 kB[22m [2m│ gzip: 0.29 kB[22m
@n8n/rest-api-client:build: [34mℹ[39m [33m[CJS][39m [2mdist/[22mnpsSurvey.cjs                 [2m 0.42 kB[22m [2m│ gzip: 0.28 kB[22m
@n8n/rest-api-client:build: [34mℹ[39m [33m[CJS][39m [2mdist/[22mmodule-settings.cjs           [2m 0.41 kB[22m [2m│ gzip: 0.27 kB[22m
@n8n/rest-api-client:build: [34mℹ[39m [33m[CJS][39m [2mdist/[22mwebhooks.cjs                  [2m 0.39 kB[22m [2m│ gzip: 0.27 kB[22m
@n8n/rest-api-client:build: [34mℹ[39m [33m[CJS][39m [2mdist/[22mevents.cjs                    [2m 0.39 kB[22m [2m│ gzip: 0.27 kB[22m
@n8n/rest-api-client:build: [34mℹ[39m [33m[CJS][39m [2mdist/[22mctas.cjs                      [2m 0.38 kB[22m [2m│ gzip: 0.26 kB[22m
@n8n/rest-api-client:build: [34mℹ[39m [33m[CJS][39m [2mdist/[22msettings.cjs                  [2m 0.37 kB[22m [2m│ gzip: 0.26 kB[22m
@n8n/rest-api-client:build: [34mℹ[39m [33m[CJS][39m [2mdist/[22mapi.cjs                       [2m 0.00 kB[22m [2m│ gzip: 0.02 kB[22m
@n8n/rest-api-client:build: [34mℹ[39m [33m[CJS][39m 97 files, total: 150.76 kB
@n8n/rest-api-client:build: [33m[EMPTY_IMPORT_META] Warning:[0m `import.meta` may not be a valid syntax with the `cjs` output format.
@n8n/rest-api-client:build:      [38;5;246m╭[0m[38;5;246m─[0m[38;5;246m[[0m src/utils.ts:112:3 [38;5;246m][0m
@n8n/rest-api-client:build:      [38;5;246m│[0m
@n8n/rest-api-client:build:  [38;5;246m112 │[0m [38;5;249m [0m[38;5;249m [0m[38;5;249m [0m[38;5;249m [0m[38;5;249m [0m[38;5;249m [0m[38;5;249m [0mimport.meta[38;5;249m.[0m[38;5;249me[0m[38;5;249mn[0m[38;5;249mv[0m[38;5;249m.[0m[38;5;249mN[0m[38;5;249mO[0m[38;5;249mD[0m[38;5;249mE[0m[38;5;249m_[0m[38;5;249mE[0m[38;5;249mN[0m[38;5;249mV[0m[38;5;249m [0m[38;5;249m![0m[38;5;249m=[0m[38;5;249m=[0m[38;5;249m [0m[38;5;249m'[0m[38;5;249mp[0m[38;5;249mr[0m[38;5;249mo[0m[38;5;249md[0m[38;5;249mu[0m[38;5;249mc[0m[38;5;249mt[0m[38;5;249mi[0m[38;5;249mo[0m[38;5;249mn[0m[38;5;249m'[0m[38;5;249m [0m[38;5;249m&[0m[38;5;249m&[0m
@n8n/rest-api-client:build:  [38;5;240m    │[0m        ─────┬─────  
@n8n/rest-api-client:build:  [38;5;240m    │[0m             ╰─────── This `import.meta` will be replaced with an empty object (`{}`) automatically. If this is desired, you can suppress this warning by adding `transform.define: { 'import.meta': {} }`. If `import.meta` needs to be kept as-is, you need to set the output format to `esm`.
@n8n/rest-api-client:build: [38;5;246m─────╯[0m
@n8n/rest-api-client:build: 
@n8n/rest-api-client:build: [34mℹ[39m [33m[CJS][39m [2mdist/[22m[32m[1mindex.d.cts[22m[39m                     [2m9.02 kB[22m [2m│ gzip: 2.30 kB[22m
@n8n/rest-api-client:build: [34mℹ[39m [33m[CJS][39m [2mdist/[22m[32m[1mapi/index.d.cts[22m[39m                 [2m8.60 kB[22m [2m│ gzip: 2.15 kB[22m
@n8n/rest-api-client:build: [34mℹ[39m [33m[CJS][39m [2mdist/[22m[32m[1mapi/users.d.cts[22m[39m                 [2m1.35 kB[22m [2m│ gzip: 0.43 kB[22m
@n8n/rest-api-client:build: [34mℹ[39m [33m[CJS][39m [2mdist/[22m[32m[1mapi/templates.d.cts[22m[39m             [2m1.12 kB[22m [2m│ gzip: 0.33 kB[22m
@n8n/rest-api-client:build: [34mℹ[39m [33m[CJS][39m [2mdist/[22m[32m[1mapi/breaking-changes.d.cts[22m[39m      [2m0.77 kB[22m [2m│ gzip: 0.32 kB[22m
@n8n/rest-api-client:build: [34mℹ[39m [33m[CJS][39m [2mdist/[22m[32m[1mapi/dynamic-banners.d.cts[22m[39m       [2m0.75 kB[22m [2m│ gzip: 0.40 kB[22m
@n8n/rest-api-client:build: [34mℹ[39m [33m[CJS][39m [2mdist/[22m[32m[1mapi/nodeTypes.d.cts[22m[39m             [2m0.63 kB[22m [2m│ gzip: 0.24 kB[22m
@n8n/rest-api-client:build: [34mℹ[39m [33m[CJS][39m [2mdist/[22m[32m[1mapi/consent.d.cts[22m[39m               [2m0.57 kB[22m [2m│ gzip: 0.28 kB[22m
@n8n/rest-api-client:build: [34mℹ[39m [33m[CJS][39m [2mdist/[22m[32m[1mapi/eventbus.ee.d.cts[22m[39m           [2m0.48 kB[22m [2m│ gzip: 0.21 kB[22m
@n8n/rest-api-client:build: [34mℹ[39m [33m[CJS][39m [2mdist/[22m[32m[1mapi/workflowHistory.d.cts[22m[39m       [2m0.47 kB[22m [2m│ gzip: 0.18 kB[22m
@n8n/rest-api-client:build: [34mℹ[39m [33m[CJS][39m [2mdist/[22m[32m[1mapi/sso.d.cts[22m[39m                   [2m0.45 kB[22m [2m│ gzip: 0.20 kB[22m
@n8n/rest-api-client:build: [34mℹ[39m [33m[CJS][39m [2mdist/[22m[32m[1mapi/externalSecrets.ee.d.cts[22m[39m    [2m0.44 kB[22m [2m│ gzip: 0.18 kB[22m
@n8n/rest-api-client:build: [34mℹ[39m [33m[CJS][39m [2mdist/[22m[32m[1mutils.d.cts[22m[39m                     [2m0.43 kB[22m [2m│ gzip: 0.23 kB[22m
@n8n/rest-api-client:build: [34mℹ[39m [33m[CJS][39m [2mdist/[22m[32m[1mapi/cloudPlans.d.cts[22m[39m            [2m0.43 kB[22m [2m│ gzip: 0.22 kB[22m
@n8n/rest-api-client:build: [34mℹ[39m [33m[CJS][39m [2mdist/[22m[32m[1mapi/credentialResolvers.d.cts[22m[39m   [2m0.41 kB[22m [2m│ gzip: 0.15 kB[22m
@n8n/rest-api-client:build: [34mℹ[39m [33m[CJS][39m [2mdist/[22m[32m[1mapi/ldap.d.cts[22m[39m                  [2m0.37 kB[22m [2m│ gzip: 0.18 kB[22m
@n8n/rest-api-client:build: [34mℹ[39m [33m[CJS][39m [2mdist/[22m[32m[1mapi/communityNodes.d.cts[22m[39m        [2m0.33 kB[22m [2m│ gzip: 0.17 kB[22m
@n8n/rest-api-client:build: [34mℹ[39m [33m[CJS][39m [2mdist/[22m[32m[1mapi/mfa.d.cts[22m[39m                   [2m0.29 kB[22m [2m│ gzip: 0.17 kB[22m
@n8n/rest-api-client:build: [34mℹ[39m [33m[CJS][39m [2mdist/[22m[32m[1mapi/usage.d.cts[22m[39m                 [2m0.28 kB[22m [2m│ gzip: 0.16 kB[22m
@n8n/rest-api-client:build: [34mℹ[39m [33m[CJS][39m [2mdist/[22m[32m[1mapi/versions.d.cts[22m[39m              [2m0.26 kB[22m [2m│ gzip: 0.14 kB[22m
@n8n/rest-api-client:build: [34mℹ[39m [33m[CJS][39m [2mdist/[22m[32m[1mapi/roles.d.cts[22m[39m                 [2m0.25 kB[22m [2m│ gzip: 0.14 kB[22m
@n8n/rest-api-client:build: [34mℹ[39m [33m[CJS][39m [2mdist/[22m[32m[1mapi/api-keys.d.cts[22m[39m              [2m0.23 kB[22m [2m│ gzip: 0.14 kB[22m
@n8n/rest-api-client:build: [34mℹ[39m [33m[CJS][39m [2mdist/[22m[32m[1mapi/workflows.d.cts[22m[39m             [2m0.23 kB[22m [2m│ gzip: 0.13 kB[22m
@n8n/rest-api-client:build: [34mℹ[39m [33m[CJS][39m [2mdist/[22m[32m[1mapi/provisioning.d.cts[22m[39m          [2m0.22 kB[22m [2m│ gzip: 0.12 kB[22m
@n8n/rest-api-client:build: [34mℹ[39m [33m[CJS][39m [2mdist/[22m[32m[1mapi/prompts.d.cts[22m[39m               [2m0.20 kB[22m [2m│ gzip: 0.13 kB[22m
@n8n/rest-api-client:build: [34mℹ[39m [33m[CJS][39m [2mdist/[22m[32m[1mapi/third-party-licenses.d.cts[22m[39m  [2m0.13 kB[22m [2m│ gzip: 0.10 kB[22m
@n8n/rest-api-client:build: [34mℹ[39m [33m[CJS][39m [2mdist/[22m[32m[1mapi/orchestration.d.cts[22m[39m         [2m0.12 kB[22m [2m│ gzip: 0.10 kB[22m
@n8n/rest-api-client:build: [34mℹ[39m [33m[CJS][39m [2mdist/[22m[32m[1mapi/ui.d.cts[22m[39m                    [2m0.12 kB[22m [2m│ gzip: 0.10 kB[22m
@n8n/rest-api-client:build: [34mℹ[39m [33m[CJS][39m [2mdist/[22m[32m[1mapi/module-settings.d.cts[22m[39m       [2m0.12 kB[22m [2m│ gzip: 0.10 kB[22m
@n8n/rest-api-client:build: [34mℹ[39m [33m[CJS][39m [2mdist/[22m[32m[1mapi/npsSurvey.d.cts[22m[39m             [2m0.12 kB[22m [2m│ gzip: 0.10 kB[22m
@n8n/rest-api-client:build: [34mℹ[39m [33m[CJS][39m [2mdist/[22m[32m[1mapi/ctas.d.cts[22m[39m                  [2m0.11 kB[22m [2m│ gzip: 0.10 kB[22m
@n8n/rest-api-client:build: [34mℹ[39m [33m[CJS][39m [2mdist/[22m[32m[1mapi/events.d.cts[22m[39m                [2m0.10 kB[22m [2m│ gzip: 0.09 kB[22m
@n8n/rest-api-client:build: [34mℹ[39m [33m[CJS][39m [2mdist/[22m[32m[1mapi/settings.d.cts[22m[39m              [2m0.10 kB[22m [2m│ gzip: 0.09 kB[22m
@n8n/rest-api-client:build: [34mℹ[39m [33m[CJS][39m [2mdist/[22m[32m[1mapi/webhooks.d.cts[22m[39m              [2m0.10 kB[22m [2m│ gzip: 0.09 kB[22m
@n8n/rest-api-client:build: [34mℹ[39m [33m[CJS][39m [2mdist/[22m[32m[1mtypes.d.cts[22m[39m                     [2m0.08 kB[22m [2m│ gzip: 0.08 kB[22m
@n8n/rest-api-client:build: [34mℹ[39m [33m[CJS][39m [2mdist/[22m[32m[1mapi/tags.d.cts[22m[39m                  [2m0.06 kB[22m [2m│ gzip: 0.07 kB[22m
@n8n/rest-api-client:build: [34mℹ[39m [33m[CJS][39m [2mdist/[22m[32m[1mapi/execution.d.cts[22m[39m             [2m0.01 kB[22m [2m│ gzip: 0.03 kB[22m
@n8n/rest-api-client:build: [34mℹ[39m [33m[CJS][39m [2mdist/[22m[32musers.d.cts[39m                     [2m5.50 kB[22m [2m│ gzip: 1.25 kB[22m
@n8n/rest-api-client:build: [34mℹ[39m [33m[CJS][39m [2mdist/[22m[32mtemplates.d.cts[39m                 [2m4.26 kB[22m [2m│ gzip: 1.08 kB[22m
@n8n/rest-api-client:build: [34mℹ[39m [33m[CJS][39m [2mdist/[22m[32mutils2.d.cts[39m                    [2m2.20 kB[22m [2m│ gzip: 0.79 kB[22m
@n8n/rest-api-client:build: [34mℹ[39m [33m[CJS][39m [2mdist/[22m[32mnodeTypes.d.cts[39m                 [2m2.05 kB[22m [2m│ gzip: 0.58 kB[22m
@n8n/rest-api-client:build: [34mℹ[39m [33m[CJS][39m [2mdist/[22m[32mcloudPlans.d.cts[39m                [2m1.94 kB[22m [2m│ gzip: 0.76 kB[22m
@n8n/rest-api-client:build: [34mℹ[39m [33m[CJS][39m [2mdist/[22m[32mldap.d.cts[39m                      [2m1.75 kB[22m [2m│ gzip: 0.62 kB[22m
@n8n/rest-api-client:build: [34mℹ[39m [33m[CJS][39m [2mdist/[22m[32mworkflowHistory.d.cts[39m           [2m1.46 kB[22m [2m│ gzip: 0.54 kB[22m
@n8n/rest-api-client:build: [34mℹ[39m [33m[CJS][39m [2mdist/[22m[32msso.d.cts[39m                       [2m1.38 kB[22m [2m│ gzip: 0.45 kB[22m
@n8n/rest-api-client:build: [34mℹ[39m [33m[CJS][39m [2mdist/[22m[32mversions.d.cts[39m                  [2m1.31 kB[22m [2m│ gzip: 0.51 kB[22m
@n8n/rest-api-client:build: [34mℹ[39m [33m[CJS][39m [2mdist/[22m[32meventbus.ee.d.cts[39m               [2m1.29 kB[22m [2m│ gzip: 0.42 kB[22m
@n8n/rest-api-client:build: [34mℹ[39m [33m[CJS][39m [2mdist/[22m[32mexternalSecrets.ee.d.cts[39m        [2m1.29 kB[22m [2m│ gzip: 0.39 kB[22m
@n8n/rest-api-client:build: [34mℹ[39m [33m[CJS][39m [2mdist/[22m[32mcredentialResolvers.d.cts[39m       [2m1.23 kB[22m [2m│ gzip: 0.35 kB[22m
@n8n/rest-api-client:build: [34mℹ[39m [33m[CJS][39m [2mdist/[22m[32mworkflows.d.cts[39m                 [2m1.22 kB[22m [2m│ gzip: 0.47 kB[22m
@n8n/rest-api-client:build: [34mℹ[39m [33m[CJS][39m [2mdist/[22m[32mmfa.d.cts[39m                       [2m0.94 kB[22m [2m│ gzip: 0.37 kB[22m
@n8n/rest-api-client:build: [34mℹ[39m [33m[CJS][39m [2mdist/[22m[32mapi-keys.d.cts[39m                  [2m0.92 kB[22m [2m│ gzip: 0.36 kB[22m
@n8n/rest-api-client:build: [34mℹ[39m [33m[CJS][39m [2mdist/[22m[32mcommunityNodes.d.cts[39m            [2m0.91 kB[22m [2m│ gzip: 0.36 kB[22m
@n8n/rest-api-client:build: [34mℹ[39m [33m[CJS][39m [2mdist/[22m[32musage.d.cts[39m                     [2m0.91 kB[22m [2m│ gzip: 0.36 kB[22m
@n8n/rest-api-client:build: [34mℹ[39m [33m[CJS][39m [2mdist/[22m[32mroles.d.cts[39m                     [2m0.87 kB[22m [2m│ gzip: 0.34 kB[22m
@n8n/rest-api-client:build: [34mℹ[39m [33m[CJS][39m [2mdist/[22m[32mprovisioning.d.cts[39m              [2m0.68 kB[22m [2m│ gzip: 0.30 kB[22m
@n8n/rest-api-client:build: [34mℹ[39m [33m[CJS][39m [2mdist/[22m[32mprompts.d.cts[39m                   [2m0.53 kB[22m [2m│ gzip: 0.27 kB[22m
@n8n/rest-api-client:build: [34mℹ[39m [33m[CJS][39m [2mdist/[22m[32mwebhooks.d.cts[39m                  [2m0.47 kB[22m [2m│ gzip: 0.28 kB[22m
@n8n/rest-api-client:build: [34mℹ[39m [33m[CJS][39m [2mdist/[22m[32mui.d.cts[39m                        [2m0.36 kB[22m [2m│ gzip: 0.25 kB[22m
@n8n/rest-api-client:build: [34mℹ[39m [33m[CJS][39m [2mdist/[22m[32mmodule-settings.d.cts[39m           [2m0.34 kB[22m [2m│ gzip: 0.22 kB[22m
@n8n/rest-api-client:build: [34mℹ[39m [33m[CJS][39m [2mdist/[22m[32mnpsSurvey.d.cts[39m                 [2m0.33 kB[22m [2m│ gzip: 0.22 kB[22m
@n8n/rest-api-client:build: [34mℹ[39m [33m[CJS][39m [2mdist/[22m[32msettings.d.cts[39m                  [2m0.30 kB[22m [2m│ gzip: 0.20 kB[22m
@n8n/rest-api-client:build: [34mℹ[39m [33m[CJS][39m [2mdist/[22m[32mthird-party-licenses.d.cts[39m      [2m0.28 kB[22m [2m│ gzip: 0.20 kB[22m
@n8n/rest-api-client:build: [34mℹ[39m [33m[CJS][39m [2mdist/[22m[32morchestration.d.cts[39m             [2m0.27 kB[22m [2m│ gzip: 0.20 kB[22m
@n8n/rest-api-client:build: [34mℹ[39m [33m[CJS][39m [2mdist/[22m[32mctas.d.cts[39m                      [2m0.25 kB[22m [2m│ gzip: 0.19 kB[22m
@n8n/rest-api-client:build: [34mℹ[39m [33m[CJS][39m [2mdist/[22m[32mevents.d.cts[39m                    [2m0.24 kB[22m [2m│ gzip: 0.18 kB[22m
@n8n/rest-api-client:build: [34mℹ[39m [33m[CJS][39m [2mdist/[22m[32mtags.d.cts[39m                      [2m0.21 kB[22m [2m│ gzip: 0.16 kB[22m
@n8n/rest-api-client:build: [34mℹ[39m [33m[CJS][39m [2mdist/[22m[32mtypes2.d.cts[39m                    [2m0.18 kB[22m [2m│ gzip: 0.15 kB[22m
@n8n/rest-api-client:build: [34mℹ[39m [33m[CJS][39m [2mdist/[22m[32mindex2.d.cts[39m                    [2m0.01 kB[22m [2m│ gzip: 0.03 kB[22m
@n8n/rest-api-client:build: [34mℹ[39m [33m[CJS][39m 69 files, total: 65.64 kB
@n8n/rest-api-client:build: [34mℹ[39m [34m[ESM][39m [2mdist/[22m[1mindex.mjs[22m                       [2m 6.54 kB[22m [2m│ gzip: 1.76 kB[22m
@n8n/rest-api-client:build: [34mℹ[39m [34m[ESM][39m [2mdist/[22m[1mapi/index.mjs[22m                   [2m 6.20 kB[22m [2m│ gzip: 1.63 kB[22m
@n8n/rest-api-client:build: [34mℹ[39m [34m[ESM][39m [2mdist/[22m[1mapi/users.mjs[22m                   [2m 0.84 kB[22m [2m│ gzip: 0.33 kB[22m
@n8n/rest-api-client:build: [34mℹ[39m [34m[ESM][39m [2mdist/[22m[1mapi/breaking-changes.mjs[22m        [2m 0.69 kB[22m [2m│ gzip: 0.32 kB[22m
@n8n/rest-api-client:build: [34mℹ[39m [34m[ESM][39m [2mdist/[22m[1mapi/nodeTypes.mjs[22m               [2m 0.63 kB[22m [2m│ gzip: 0.24 kB[22m
@n8n/rest-api-client:build: [34mℹ[39m [34m[ESM][39m [2mdist/[22m[1mapi/externalSecrets.ee.mjs[22m      [2m 0.44 kB[22m [2m│ gzip: 0.18 kB[22m
@n8n/rest-api-client:build: [34mℹ[39m [34m[ESM][39m [2mdist/[22m[1mapi/consent.mjs[22m                 [2m 0.44 kB[22m [2m│ gzip: 0.24 kB[22m
@n8n/rest-api-client:build: [34mℹ[39m [34m[ESM][39m [2mdist/[22m[1mapi/credentialResolvers.mjs[22m     [2m 0.42 kB[22m [2m│ gzip: 0.16 kB[22m
@n8n/rest-api-client:build: [34mℹ[39m [34m[ESM][39m [2mdist/[22m[1mutils.mjs[22m                       [2m 0.41 kB[22m [2m│ gzip: 0.23 kB[22m
@n8n/rest-api-client:build: [34mℹ[39m [34m[ESM][39m [2mdist/[22m[1mapi/eventbus.ee.mjs[22m             [2m 0.40 kB[22m [2m│ gzip: 0.19 kB[22m
@n8n/rest-api-client:build: [34mℹ[39m [34m[ESM][39m [2mdist/[22m[1mapi/sso.mjs[22m                     [2m 0.38 kB[22m [2m│ gzip: 0.18 kB[22m
@n8n/rest-api-client:build: [34mℹ[39m [34m[ESM][39m [2mdist/[22m[1mapi/templates.mjs[22m               [2m 0.35 kB[22m [2m│ gzip: 0.17 kB[22m
@n8n/rest-api-client:build: [34mℹ[39m [34m[ESM][39m [2mdist/[22m[1mapi/communityNodes.mjs[22m          [2m 0.33 kB[22m [2m│ gzip: 0.17 kB[22m
@n8n/rest-api-client:build: [34mℹ[39m [34m[ESM][39m [2mdist/[22m[1mapi/cloudPlans.mjs[22m              [2m 0.33 kB[22m [2m│ gzip: 0.18 kB[22m
@n8n/rest-api-client:build: [34mℹ[39m [34m[ESM][39m [2mdist/[22m[1mapi/usage.mjs[22m                   [2m 0.28 kB[22m [2m│ gzip: 0.16 kB[22m
@n8n/rest-api-client:build: [34mℹ[39m [34m[ESM][39m [2mdist/[22m[1mapi/ldap.mjs[22m                    [2m 0.27 kB[22m [2m│ gzip: 0.16 kB[22m
@n8n/rest-api-client:build: [34mℹ[39m [34m[ESM][39m [2mdist/[22m[1mapi/dynamic-banners.mjs[22m         [2m 0.27 kB[22m [2m│ gzip: 0.19 kB[22m
@n8n/rest-api-client:build: [34mℹ[39m [34m[ESM][39m [2mdist/[22m[1mapi/roles.mjs[22m                   [2m 0.26 kB[22m [2m│ gzip: 0.15 kB[22m
@n8n/rest-api-client:build: [34mℹ[39m [34m[ESM][39m [2mdist/[22m[1mapi/mfa.mjs[22m                     [2m 0.25 kB[22m [2m│ gzip: 0.16 kB[22m
@n8n/rest-api-client:build: [34mℹ[39m [34m[ESM][39m [2mdist/[22m[1mapi/api-keys.mjs[22m                [2m 0.24 kB[22m [2m│ gzip: 0.14 kB[22m
@n8n/rest-api-client:build: [34mℹ[39m [34m[ESM][39m [2mdist/[22m[1mapi/provisioning.mjs[22m            [2m 0.18 kB[22m [2m│ gzip: 0.11 kB[22m
@n8n/rest-api-client:build: [34mℹ[39m [34m[ESM][39m [2mdist/[22m[1mapi/workflowHistory.mjs[22m         [2m 0.17 kB[22m [2m│ gzip: 0.11 kB[22m
@n8n/rest-api-client:build: [34mℹ[39m [34m[ESM][39m [2mdist/[22m[1mapi/versions.mjs[22m                [2m 0.15 kB[22m [2m│ gzip: 0.12 kB[22m
@n8n/rest-api-client:build: [34mℹ[39m [34m[ESM][39m [2mdist/[22m[1mapi/prompts.mjs[22m                 [2m 0.15 kB[22m [2m│ gzip: 0.12 kB[22m
@n8n/rest-api-client:build: [34mℹ[39m [34m[ESM][39m [2mdist/[22m[1mapi/third-party-licenses.mjs[22m    [2m 0.13 kB[22m [2m│ gzip: 0.10 kB[22m
@n8n/rest-api-client:build: [34mℹ[39m [34m[ESM][39m [2mdist/[22m[1mapi/orchestration.mjs[22m           [2m 0.12 kB[22m [2m│ gzip: 0.10 kB[22m
@n8n/rest-api-client:build: [34mℹ[39m [34m[ESM][39m [2mdist/[22m[1mapi/ui.mjs[22m                      [2m 0.12 kB[22m [2m│ gzip: 0.10 kB[22m
@n8n/rest-api-client:build: [34mℹ[39m [34m[ESM][39m [2mdist/[22m[1mapi/module-settings.mjs[22m         [2m 0.12 kB[22m [2m│ gzip: 0.10 kB[22m
@n8n/rest-api-client:build: [34mℹ[39m [34m[ESM][39m [2mdist/[22m[1mapi/npsSurvey.mjs[22m               [2m 0.12 kB[22m [2m│ gzip: 0.10 kB[22m
@n8n/rest-api-client:build: [34mℹ[39m [34m[ESM][39m [2mdist/[22m[1mapi/ctas.mjs[22m                    [2m 0.11 kB[22m [2m│ gzip: 0.10 kB[22m
@n8n/rest-api-client:build: [34mℹ[39m [34m[ESM][39m [2mdist/[22m[1mapi/events.mjs[22m                  [2m 0.10 kB[22m [2m│ gzip: 0.09 kB[22m
@n8n/rest-api-client:build: [34mℹ[39m [34m[ESM][39m [2mdist/[22m[1mapi/settings.mjs[22m                [2m 0.10 kB[22m [2m│ gzip: 0.09 kB[22m
@n8n/rest-api-client:build: [34mℹ[39m [34m[ESM][39m [2mdist/[22m[1mapi/webhooks.mjs[22m                [2m 0.10 kB[22m [2m│ gzip: 0.09 kB[22m
@n8n/rest-api-client:build: [34mℹ[39m [34m[ESM][39m [2mdist/[22m[1mapi/execution.mjs[22m               [2m 0.01 kB[22m [2m│ gzip: 0.03 kB[22m
@n8n/rest-api-client:build: [34mℹ[39m [34m[ESM][39m [2mdist/[22m[1mapi/tags.mjs[22m                    [2m 0.01 kB[22m [2m│ gzip: 0.03 kB[22m
@n8n/rest-api-client:build: [34mℹ[39m [34m[ESM][39m [2mdist/[22m[1mapi/workflows.mjs[22m               [2m 0.01 kB[22m [2m│ gzip: 0.03 kB[22m
@n8n/rest-api-client:build: [34mℹ[39m [34m[ESM][39m [2mdist/[22m[1mtypes.mjs[22m                       [2m 0.01 kB[22m [2m│ gzip: 0.03 kB[22m
@n8n/rest-api-client:build: [34mℹ[39m [34m[ESM][39m [2mdist/[22mutils2.mjs.map                  [2m13.01 kB[22m [2m│ gzip: 4.23 kB[22m
@n8n/rest-api-client:build: [34mℹ[39m [34m[ESM][39m [2mdist/[22musers.mjs.map                   [2m 8.60 kB[22m [2m│ gzip: 1.83 kB[22m
@n8n/rest-api-client:build: [34mℹ[39m [34m[ESM][39m [2mdist/[22mutils2.mjs                      [2m 6.52 kB[22m [2m│ gzip: 2.34 kB[22m
@n8n/rest-api-client:build: [34mℹ[39m [34m[ESM][39m [2mdist/[22mtemplates.mjs.map               [2m 6.28 kB[22m [2m│ gzip: 1.70 kB[22m
@n8n/rest-api-client:build: [34mℹ[39m [34m[ESM][39m [2mdist/[22mnodeTypes.mjs.map               [2m 4.64 kB[22m [2m│ gzip: 1.31 kB[22m
@n8n/rest-api-client:build: [34mℹ[39m [34m[ESM][39m [2mdist/[22musers.mjs                       [2m 3.10 kB[22m [2m│ gzip: 0.74 kB[22m
@n8n/rest-api-client:build: [34mℹ[39m [34m[ESM][39m [2mdist/[22msso.mjs.map                     [2m 2.81 kB[22m [2m│ gzip: 0.76 kB[22m
@n8n/rest-api-client:build: [34mℹ[39m [34m[ESM][39m [2mdist/[22mcloudPlans.mjs.map              [2m 2.77 kB[22m [2m│ gzip: 1.00 kB[22m
@n8n/rest-api-client:build: [34mℹ[39m [34m[ESM][39m [2mdist/[22mexternalSecrets.ee.mjs.map      [2m 2.61 kB[22m [2m│ gzip: 0.70 kB[22m
@n8n/rest-api-client:build: [34mℹ[39m [34m[ESM][39m [2mdist/[22mldap.mjs.map                    [2m 2.61 kB[22m [2m│ gzip: 0.89 kB[22m
@n8n/rest-api-client:build: [34mℹ[39m [34m[ESM][39m [2mdist/[22mnodeTypes.mjs                   [2m 2.44 kB[22m [2m│ gzip: 0.73 kB[22m
@n8n/rest-api-client:build: [34mℹ[39m [34m[ESM][39m [2mdist/[22meventbus.ee.mjs.map             [2m 2.31 kB[22m [2m│ gzip: 0.79 kB[22m
@n8n/rest-api-client:build: [34mℹ[39m [34m[ESM][39m [2mdist/[22mcredentialResolvers.mjs.map     [2m 2.22 kB[22m [2m│ gzip: 0.58 kB[22m
@n8n/rest-api-client:build: [34mℹ[39m [34m[ESM][39m [2mdist/[22mcommunityNodes.mjs.map          [2m 2.04 kB[22m [2m│ gzip: 0.80 kB[22m
@n8n/rest-api-client:build: [34mℹ[39m [34m[ESM][39m [2mdist/[22mversions.mjs.map                [2m 1.99 kB[22m [2m│ gzip: 0.76 kB[22m
@n8n/rest-api-client:build: [34mℹ[39m [34m[ESM][39m [2mdist/[22mworkflowHistory.mjs.map         [2m 1.96 kB[22m [2m│ gzip: 0.71 kB[22m
@n8n/rest-api-client:build: [34mℹ[39m [34m[ESM][39m [2mdist/[22mmfa.mjs.map                     [2m 1.85 kB[22m [2m│ gzip: 0.61 kB[22m
@n8n/rest-api-client:build: [34mℹ[39m [34m[ESM][39m [2mdist/[22musage.mjs.map                   [2m 1.77 kB[22m [2m│ gzip: 0.63 kB[22m
@n8n/rest-api-client:build: [34mℹ[39m [34m[ESM][39m [2mdist/[22mroles.mjs.map                   [2m 1.73 kB[22m [2m│ gzip: 0.60 kB[22m
@n8n/rest-api-client:build: [34mℹ[39m [34m[ESM][39m [2mdist/[22mapi-keys.mjs.map                [2m 1.73 kB[22m [2m│ gzip: 0.58 kB[22m
@n8n/rest-api-client:build: [34mℹ[39m [34m[ESM][39m [2mdist/[22mtemplates.mjs                   [2m 1.66 kB[22m [2m│ gzip: 0.51 kB[22m
@n8n/rest-api-client:build: [34mℹ[39m [34m[ESM][39m [2mdist/[22mapi/breaking-changes.mjs.map    [2m 1.53 kB[22m [2m│ gzip: 0.60 kB[22m
@n8n/rest-api-client:build: [34mℹ[39m [34m[ESM][39m [2mdist/[22msso.mjs                         [2m 1.46 kB[22m [2m│ gzip: 0.39 kB[22m
@n8n/rest-api-client:build: [34mℹ[39m [34m[ESM][39m [2mdist/[22mexternalSecrets.ee.mjs          [2m 1.44 kB[22m [2m│ gzip: 0.37 kB[22m
@n8n/rest-api-client:build: [34mℹ[39m [34m[ESM][39m [2mdist/[22mcredentialResolvers.mjs         [2m 1.25 kB[22m [2m│ gzip: 0.34 kB[22m
@n8n/rest-api-client:build: [34mℹ[39m [34m[ESM][39m [2mdist/[22meventbus.ee.mjs                 [2m 1.20 kB[22m [2m│ gzip: 0.42 kB[22m
@n8n/rest-api-client:build: [34mℹ[39m [34m[ESM][39m [2mdist/[22mcommunityNodes.mjs              [2m 1.17 kB[22m [2m│ gzip: 0.50 kB[22m
@n8n/rest-api-client:build: [34mℹ[39m [34m[ESM][39m [2mdist/[22mprompts.mjs.map                 [2m 1.13 kB[22m [2m│ gzip: 0.51 kB[22m
@n8n/rest-api-client:build: [34mℹ[39m [34m[ESM][39m [2mdist/[22mprovisioning.mjs.map            [2m 1.05 kB[22m [2m│ gzip: 0.46 kB[22m
@n8n/rest-api-client:build: [34mℹ[39m [34m[ESM][39m [2mdist/[22mcloudPlans.mjs                  [2m 0.97 kB[22m [2m│ gzip: 0.36 kB[22m
@n8n/rest-api-client:build: [34mℹ[39m [34m[ESM][39m [2mdist/[22mmfa.mjs                         [2m 0.95 kB[22m [2m│ gzip: 0.33 kB[22m
@n8n/rest-api-client:build: [34mℹ[39m [34m[ESM][39m [2mdist/[22mapi/consent.mjs.map             [2m 0.94 kB[22m [2m│ gzip: 0.45 kB[22m
@n8n/rest-api-client:build: [34mℹ[39m [34m[ESM][39m [2mdist/[22mapi/dynamic-banners.mjs.map     [2m 0.94 kB[22m [2m│ gzip: 0.50 kB[22m
@n8n/rest-api-client:build: [34mℹ[39m [34m[ESM][39m [2mdist/[22musage.mjs                       [2m 0.92 kB[22m [2m│ gzip: 0.34 kB[22m
@n8n/rest-api-client:build: [34mℹ[39m [34m[ESM][39m [2mdist/[22mroles.mjs                       [2m 0.90 kB[22m [2m│ gzip: 0.34 kB[22m
@n8n/rest-api-client:build: [34mℹ[39m [34m[ESM][39m [2mdist/[22mldap.mjs                        [2m 0.88 kB[22m [2m│ gzip: 0.33 kB[22m
@n8n/rest-api-client:build: [34mℹ[39m [34m[ESM][39m [2mdist/[22mapi-keys.mjs                    [2m 0.83 kB[22m [2m│ gzip: 0.31 kB[22m
@n8n/rest-api-client:build: [34mℹ[39m [34m[ESM][39m [2mdist/[22mwebhooks.mjs.map                [2m 0.71 kB[22m [2m│ gzip: 0.41 kB[22m
@n8n/rest-api-client:build: [34mℹ[39m [34m[ESM][39m [2mdist/[22mui.mjs.map                      [2m 0.64 kB[22m [2m│ gzip: 0.40 kB[22m
@n8n/rest-api-client:build: [34mℹ[39m [34m[ESM][39m [2mdist/[22mversions.mjs                    [2m 0.62 kB[22m [2m│ gzip: 0.30 kB[22m
@n8n/rest-api-client:build: [34mℹ[39m [34m[ESM][39m [2mdist/[22mprompts.mjs                     [2m 0.59 kB[22m [2m│ gzip: 0.30 kB[22m
@n8n/rest-api-client:build: [34mℹ[39m [34m[ESM][39m [2mdist/[22mworkflowHistory.mjs             [2m 0.59 kB[22m [2m│ gzip: 0.28 kB[22m
@n8n/rest-api-client:build: [34mℹ[39m [34m[ESM][39m [2mdist/[22mthird-party-licenses.mjs.map    [2m 0.54 kB[22m [2m│ gzip: 0.35 kB[22m
@n8n/rest-api-client:build: [34mℹ[39m [34m[ESM][39m [2mdist/[22mmodule-settings.mjs.map         [2m 0.54 kB[22m [2m│ gzip: 0.32 kB[22m
@n8n/rest-api-client:build: [34mℹ[39m [34m[ESM][39m [2mdist/[22morchestration.mjs.map           [2m 0.54 kB[22m [2m│ gzip: 0.35 kB[22m
@n8n/rest-api-client:build: [34mℹ[39m [34m[ESM][39m [2mdist/[22mnpsSurvey.mjs.map               [2m 0.53 kB[22m [2m│ gzip: 0.33 kB[22m
@n8n/rest-api-client:build: [34mℹ[39m [34m[ESM][39m [2mdist/[22msettings.mjs.map                [2m 0.50 kB[22m [2m│ gzip: 0.31 kB[22m
@n8n/rest-api-client:build: [34mℹ[39m [34m[ESM][39m [2mdist/[22mprovisioning.mjs                [2m 0.50 kB[22m [2m│ gzip: 0.25 kB[22m
@n8n/rest-api-client:build: [34mℹ[39m [34m[ESM][39m [2mdist/[22mctas.mjs.map                    [2m 0.45 kB[22m [2m│ gzip: 0.31 kB[22m
@n8n/rest-api-client:build: [34mℹ[39m [34m[ESM][39m [2mdist/[22mevents.mjs.map                  [2m 0.44 kB[22m [2m│ gzip: 0.30 kB[22m
@n8n/rest-api-client:build: [34mℹ[39m [34m[ESM][39m [2mdist/[22morchestration.mjs               [2m 0.36 kB[22m [2m│ gzip: 0.24 kB[22m
@n8n/rest-api-client:build: [34mℹ[39m [34m[ESM][39m [2mdist/[22mthird-party-licenses.mjs        [2m 0.35 kB[22m [2m│ gzip: 0.24 kB[22m
@n8n/rest-api-client:build: [34mℹ[39m [34m[ESM][39m [2mdist/[22mui.mjs                          [2m 0.33 kB[22m [2m│ gzip: 0.23 kB[22m
@n8n/rest-api-client:build: [34mℹ[39m [34m[ESM][39m [2mdist/[22mnpsSurvey.mjs                   [2m 0.32 kB[22m [2m│ gzip: 0.22 kB[22m
@n8n/rest-api-client:build: [34mℹ[39m [34m[ESM][39m [2mdist/[22mmodule-settings.mjs             [2m 0.30 kB[22m [2m│ gzip: 0.20 kB[22m
@n8n/rest-api-client:build: [34mℹ[39m [34m[ESM][39m [2mdist/[22mwebhooks.mjs                    [2m 0.29 kB[22m [2m│ gzip: 0.21 kB[22m
@n8n/rest-api-client:build: [34mℹ[39m [34m[ESM][39m [2mdist/[22mevents.mjs                      [2m 0.29 kB[22m [2m│ gzip: 0.21 kB[22m
@n8n/rest-api-client:build: [34mℹ[39m [34m[ESM][39m [2mdist/[22msettings.mjs                    [2m 0.27 kB[22m [2m│ gzip: 0.20 kB[22m
@n8n/rest-api-client:build: [34mℹ[39m [34m[ESM][39m [2mdist/[22mctas.mjs                        [2m 0.26 kB[22m [2m│ gzip: 0.20 kB[22m
@n8n/rest-api-client:build: [34mℹ[39m [34m[ESM][39m [2mdist/[22mapi.mjs                         [2m 0.01 kB[22m [2m│ gzip: 0.03 kB[22m
@n8n/rest-api-client:build: [34mℹ[39m [34m[ESM][39m [2mdist/[22m[32m[1mindex.d.mts[22m[39m                     [2m 9.02 kB[22m [2m│ gzip: 2.30 kB[22m
@n8n/rest-api-client:build: [34mℹ[39m [34m[ESM][39m [2mdist/[22m[32m[1mapi/index.d.mts[22m[39m                 [2m 8.60 kB[22m [2m│ gzip: 2.15 kB[22m
@n8n/rest-api-client:build: [34mℹ[39m [34m[ESM][39m [2mdist/[22m[32m[1mapi/users.d.mts[22m[39m                 [2m 1.35 kB[22m [2m│ gzip: 0.43 kB[22m
@n8n/rest-api-client:build: [34mℹ[39m [34m[ESM][39m [2mdist/[22m[32m[1mapi/templates.d.mts[22m[39m             [2m 1.12 kB[22m [2m│ gzip: 0.33 kB[22m
@n8n/rest-api-client:build: [34mℹ[39m [34m[ESM][39m [2mdist/[22m[32m[1mapi/breaking-changes.d.mts[22m[39m      [2m 0.77 kB[22m [2m│ gzip: 0.32 kB[22m
@n8n/rest-api-client:build: [34mℹ[39m [34m[ESM][39m [2mdist/[22m[32m[1mapi/dynamic-banners.d.mts[22m[39m       [2m 0.75 kB[22m [2m│ gzip: 0.40 kB[22m
@n8n/rest-api-client:build: [34mℹ[39m [34m[ESM][39m [2mdist/[22m[32m[1mapi/nodeTypes.d.mts[22m[39m             [2m 0.63 kB[22m [2m│ gzip: 0.24 kB[22m
@n8n/rest-api-client:build: [34mℹ[39m [34m[ESM][39m [2mdist/[22m[32m[1mapi/consent.d.mts[22m[39m               [2m 0.57 kB[22m [2m│ gzip: 0.28 kB[22m
@n8n/rest-api-client:build: [34mℹ[39m [34m[ESM][39m [2mdist/[22m[32m[1mapi/eventbus.ee.d.mts[22m[39m           [2m 0.48 kB[22m [2m│ gzip: 0.21 kB[22m
@n8n/rest-api-client:build: [34mℹ[39m [34m[ESM][39m [2mdist/[22m[32m[1mapi/workflowHistory.d.mts[22m[39m       [2m 0.47 kB[22m [2m│ gzip: 0.18 kB[22m
@n8n/rest-api-client:build: [34mℹ[39m [34m[ESM][39m [2mdist/[22m[32m[1mapi/sso.d.mts[22m[39m                   [2m 0.45 kB[22m [2m│ gzip: 0.20 kB[22m
@n8n/rest-api-client:build: [34mℹ[39m [34m[ESM][39m [2mdist/[22m[32m[1mapi/externalSecrets.ee.d.mts[22m[39m    [2m 0.44 kB[22m [2m│ gzip: 0.18 kB[22m
@n8n/rest-api-client:build: [34mℹ[39m [34m[ESM][39m [2mdist/[22m[32m[1mutils.d.mts[22m[39m                     [2m 0.43 kB[22m [2m│ gzip: 0.23 kB[22m
@n8n/rest-api-client:build: [34mℹ[39m [34m[ESM][39m [2mdist/[22m[32m[1mapi/cloudPlans.d.mts[22m[39m            [2m 0.43 kB[22m [2m│ gzip: 0.22 kB[22m
@n8n/rest-api-client:build: [34mℹ[39m [34m[ESM][39m [2mdist/[22m[32m[1mapi/credentialResolvers.d.mts[22m[39m   [2m 0.41 kB[22m [2m│ gzip: 0.15 kB[22m
@n8n/rest-api-client:build: [34mℹ[39m [34m[ESM][39m [2mdist/[22m[32m[1mapi/ldap.d.mts[22m[39m                  [2m 0.37 kB[22m [2m│ gzip: 0.18 kB[22m
@n8n/rest-api-client:build: [34mℹ[39m [34m[ESM][39m [2mdist/[22m[32m[1mapi/communityNodes.d.mts[22m[39m        [2m 0.33 kB[22m [2m│ gzip: 0.17 kB[22m
@n8n/rest-api-client:build: [34mℹ[39m [34m[ESM][39m [2mdist/[22m[32m[1mapi/mfa.d.mts[22m[39m                   [2m 0.29 kB[22m [2m│ gzip: 0.17 kB[22m
@n8n/rest-api-client:build: [34mℹ[39m [34m[ESM][39m [2mdist/[22m[32m[1mapi/usage.d.mts[22m[39m                 [2m 0.28 kB[22m [2m│ gzip: 0.16 kB[22m
@n8n/rest-api-client:build: [34mℹ[39m [34m[ESM][39m [2mdist/[22m[32m[1mapi/versions.d.mts[22m[39m              [2m 0.26 kB[22m [2m│ gzip: 0.14 kB[22m
@n8n/rest-api-client:build: [34mℹ[39m [34m[ESM][39m [2mdist/[22m[32m[1mapi/roles.d.mts[22m[39m                 [2m 0.25 kB[22m [2m│ gzip: 0.14 kB[22m
@n8n/rest-api-client:build: [34mℹ[39m [34m[ESM][39m [2mdist/[22m[32m[1mapi/api-keys.d.mts[22m[39m              [2m 0.23 kB[22m [2m│ gzip: 0.14 kB[22m
@n8n/rest-api-client:build: [34mℹ[39m [34m[ESM][39m [2mdist/[22m[32m[1mapi/workflows.d.mts[22m[39m             [2m 0.23 kB[22m [2m│ gzip: 0.13 kB[22m
@n8n/rest-api-client:build: [34mℹ[39m [34m[ESM][39m [2mdist/[22m[32m[1mapi/provisioning.d.mts[22m[39m          [2m 0.22 kB[22m [2m│ gzip: 0.12 kB[22m
@n8n/rest-api-client:build: [34mℹ[39m [34m[ESM][39m [2mdist/[22m[32m[1mapi/prompts.d.mts[22m[39m               [2m 0.20 kB[22m [2m│ gzip: 0.13 kB[22m
@n8n/rest-api-client:build: [34mℹ[39m [34m[ESM][39m [2mdist/[22m[32m[1mapi/third-party-licenses.d.mts[22m[39m  [2m 0.13 kB[22m [2m│ gzip: 0.10 kB[22m
@n8n/rest-api-client:build: [34mℹ[39m [34m[ESM][39m [2mdist/[22m[32m[1mapi/orchestration.d.mts[22m[39m         [2m 0.12 kB[22m [2m│ gzip: 0.10 kB[22m
@n8n/rest-api-client:build: [34mℹ[39m [34m[ESM][39m [2mdist/[22m[32m[1mapi/ui.d.mts[22m[39m                    [2m 0.12 kB[22m [2m│ gzip: 0.10 kB[22m
@n8n/rest-api-client:build: [34mℹ[39m [34m[ESM][39m [2mdist/[22m[32m[1mapi/module-settings.d.mts[22m[39m       [2m 0.12 kB[22m [2m│ gzip: 0.10 kB[22m
@n8n/rest-api-client:build: [34mℹ[39m [34m[ESM][39m [2mdist/[22m[32m[1mapi/npsSurvey.d.mts[22m[39m             [2m 0.12 kB[22m [2m│ gzip: 0.10 kB[22m
@n8n/rest-api-client:build: [34mℹ[39m [34m[ESM][39m [2mdist/[22m[32m[1mapi/ctas.d.mts[22m[39m                  [2m 0.11 kB[22m [2m│ gzip: 0.10 kB[22m
@n8n/rest-api-client:build: [34mℹ[39m [34m[ESM][39m [2mdist/[22m[32m[1mapi/events.d.mts[22m[39m                [2m 0.10 kB[22m [2m│ gzip: 0.09 kB[22m
@n8n/rest-api-client:build: [34mℹ[39m [34m[ESM][39m [2mdist/[22m[32m[1mapi/settings.d.mts[22m[39m              [2m 0.10 kB[22m [2m│ gzip: 0.09 kB[22m
@n8n/rest-api-client:build: [34mℹ[39m [34m[ESM][39m [2mdist/[22m[32m[1mapi/webhooks.d.mts[22m[39m              [2m 0.10 kB[22m [2m│ gzip: 0.09 kB[22m
@n8n/rest-api-client:build: [34mℹ[39m [34m[ESM][39m [2mdist/[22m[32m[1mtypes.d.mts[22m[39m                     [2m 0.08 kB[22m [2m│ gzip: 0.08 kB[22m
@n8n/rest-api-client:build: [34mℹ[39m [34m[ESM][39m [2mdist/[22m[32m[1mapi/tags.d.mts[22m[39m                  [2m 0.06 kB[22m [2m│ gzip: 0.07 kB[22m
@n8n/rest-api-client:build: [34mℹ[39m [34m[ESM][39m [2mdist/[22m[32m[1mapi/execution.d.mts[22m[39m             [2m 0.01 kB[22m [2m│ gzip: 0.03 kB[22m
@n8n/rest-api-client:build: [34mℹ[39m [34m[ESM][39m [2mdist/[22m[32musers.d.mts[39m                     [2m 5.50 kB[22m [2m│ gzip: 1.25 kB[22m
@n8n/rest-api-client:build: [34mℹ[39m [34m[ESM][39m [2mdist/[22m[32mtemplates.d.mts[39m                 [2m 4.26 kB[22m [2m│ gzip: 1.08 kB[22m
@n8n/rest-api-client:build: [34mℹ[39m [34m[ESM][39m [2mdist/[22m[32mutils2.d.mts[39m                    [2m 2.20 kB[22m [2m│ gzip: 0.79 kB[22m
@n8n/rest-api-client:build: [34mℹ[39m [34m[ESM][39m [2mdist/[22m[32mnodeTypes.d.mts[39m                 [2m 2.05 kB[22m [2m│ gzip: 0.58 kB[22m
@n8n/rest-api-client:build: [34mℹ[39m [34m[ESM][39m [2mdist/[22m[32mcloudPlans.d.mts[39m                [2m 1.94 kB[22m [2m│ gzip: 0.76 kB[22m
@n8n/rest-api-client:build: [34mℹ[39m [34m[ESM][39m [2mdist/[22m[32mldap.d.mts[39m                      [2m 1.75 kB[22m [2m│ gzip: 0.62 kB[22m
@n8n/rest-api-client:build: [34mℹ[39m [34m[ESM][39m [2mdist/[22m[32mworkflowHistory.d.mts[39m           [2m 1.46 kB[22m [2m│ gzip: 0.54 kB[22m
@n8n/rest-api-client:build: [34mℹ[39m [34m[ESM][39m [2mdist/[22m[32msso.d.mts[39m                       [2m 1.38 kB[22m [2m│ gzip: 0.45 kB[22m
@n8n/rest-api-client:build: [34mℹ[39m [34m[ESM][39m [2mdist/[22m[32mversions.d.mts[39m                  [2m 1.31 kB[22m [2m│ gzip: 0.51 kB[22m
@n8n/rest-api-client:build: [34mℹ[39m [34m[ESM][39m [2mdist/[22m[32meventbus.ee.d.mts[39m               [2m 1.29 kB[22m [2m│ gzip: 0.42 kB[22m
@n8n/rest-api-client:build: [34mℹ[39m [34m[ESM][39m [2mdist/[22m[32mexternalSecrets.ee.d.mts[39m        [2m 1.29 kB[22m [2m│ gzip: 0.39 kB[22m
@n8n/rest-api-client:build: [34mℹ[39m [34m[ESM][39m [2mdist/[22m[32mcredentialResolvers.d.mts[39m       [2m 1.23 kB[22m [2m│ gzip: 0.35 kB[22m
@n8n/rest-api-client:build: [34mℹ[39m [34m[ESM][39m [2mdist/[22m[32mworkflows.d.mts[39m                 [2m 1.22 kB[22m [2m│ gzip: 0.47 kB[22m
@n8n/rest-api-client:build: [34mℹ[39m [34m[ESM][39m [2mdist/[22m[32mmfa.d.mts[39m                       [2m 0.94 kB[22m [2m│ gzip: 0.37 kB[22m
@n8n/rest-api-client:build: [34mℹ[39m [34m[ESM][39m [2mdist/[22m[32mapi-keys.d.mts[39m                  [2m 0.92 kB[22m [2m│ gzip: 0.36 kB[22m
@n8n/rest-api-client:build: [34mℹ[39m [34m[ESM][39m [2mdist/[22m[32mcommunityNodes.d.mts[39m            [2m 0.91 kB[22m [2m│ gzip: 0.36 kB[22m
@n8n/rest-api-client:build: [34mℹ[39m [34m[ESM][39m [2mdist/[22m[32musage.d.mts[39m                     [2m 0.91 kB[22m [2m│ gzip: 0.36 kB[22m
@n8n/rest-api-client:build: [34mℹ[39m [34m[ESM][39m [2mdist/[22m[32mroles.d.mts[39m                     [2m 0.87 kB[22m [2m│ gzip: 0.34 kB[22m
@n8n/rest-api-client:build: [34mℹ[39m [34m[ESM][39m [2mdist/[22m[32mprovisioning.d.mts[39m              [2m 0.68 kB[22m [2m│ gzip: 0.30 kB[22m
@n8n/rest-api-client:build: [34mℹ[39m [34m[ESM][39m [2mdist/[22m[32mprompts.d.mts[39m                   [2m 0.53 kB[22m [2m│ gzip: 0.27 kB[22m
@n8n/rest-api-client:build: [34mℹ[39m [34m[ESM][39m [2mdist/[22m[32mwebhooks.d.mts[39m                  [2m 0.47 kB[22m [2m│ gzip: 0.28 kB[22m
@n8n/rest-api-client:build: [34mℹ[39m [34m[ESM][39m [2mdist/[22m[32mui.d.mts[39m                        [2m 0.36 kB[22m [2m│ gzip: 0.25 kB[22m
@n8n/rest-api-client:build: [34mℹ[39m [34m[ESM][39m [2mdist/[22m[32mmodule-settings.d.mts[39m           [2m 0.34 kB[22m [2m│ gzip: 0.22 kB[22m
@n8n/rest-api-client:build: [34mℹ[39m [34m[ESM][39m [2mdist/[22m[32mnpsSurvey.d.mts[39m                 [2m 0.33 kB[22m [2m│ gzip: 0.22 kB[22m
@n8n/rest-api-client:build: [34mℹ[39m [34m[ESM][39m [2mdist/[22m[32msettings.d.mts[39m                  [2m 0.30 kB[22m [2m│ gzip: 0.21 kB[22m
@n8n/rest-api-client:build: [34mℹ[39m [34m[ESM][39m [2mdist/[22m[32mthird-party-licenses.d.mts[39m      [2m 0.28 kB[22m [2m│ gzip: 0.20 kB[22m
@n8n/rest-api-client:build: [34mℹ[39m [34m[ESM][39m [2mdist/[22m[32morchestration.d.mts[39m             [2m 0.27 kB[22m [2m│ gzip: 0.20 kB[22m
@n8n/rest-api-client:build: [34mℹ[39m [34m[ESM][39m [2mdist/[22m[32mctas.d.mts[39m                      [2m 0.25 kB[22m [2m│ gzip: 0.19 kB[22m
@n8n/rest-api-client:build: [34mℹ[39m [34m[ESM][39m [2mdist/[22m[32mevents.d.mts[39m                    [2m 0.24 kB[22m [2m│ gzip: 0.18 kB[22m
@n8n/rest-api-client:build: [34mℹ[39m [34m[ESM][39m [2mdist/[22m[32mtags.d.mts[39m                      [2m 0.21 kB[22m [2m│ gzip: 0.16 kB[22m
@n8n/rest-api-client:build: [34mℹ[39m [34m[ESM][39m [2mdist/[22m[32mtypes2.d.mts[39m                    [2m 0.18 kB[22m [2m│ gzip: 0.15 kB[22m
@n8n/rest-api-client:build: [34mℹ[39m [34m[ESM][39m [2mdist/[22m[32mindex2.d.mts[39m                    [2m 0.01 kB[22m [2m│ gzip: 0.03 kB[22m
@n8n/rest-api-client:build: [34mℹ[39m [34m[ESM][39m 166 files, total: 189.47 kB
@n8n/rest-api-client:build: [32m✔[39m Build complete in [32m4868ms[39m
@n8n/db:build: cache hit, replaying logs cd34aab694250449
@n8n/db:build: 
@n8n/db:build: > @n8n/db@1.0.0 build /Users/joaolucashilgert/Development/Docker/n8n8/packages/@n8n/db
@n8n/db:build: > tsc -p tsconfig.build.json
@n8n/db:build: 
@n8n/backend-test-utils:build: cache hit, replaying logs d5048a6d2bfe5d81
@n8n/backend-test-utils:build: 
@n8n/backend-test-utils:build: > @n8n/backend-test-utils@1.0.0 build /Users/joaolucashilgert/Development/Docker/n8n8/packages/@n8n/backend-test-utils
@n8n/backend-test-utils:build: > tsc -p tsconfig.build.json
@n8n/backend-test-utils:build: 
n8n-editor-ui:build: cache hit, replaying logs a3017c3918a54b2d
n8n-editor-ui:build: 
n8n-editor-ui:build: > n8n-editor-ui@2.0.0 build /Users/joaolucashilgert/Development/Docker/n8n8/packages/frontend/editor-ui
n8n-editor-ui:build: > cross-env VUE_APP_PUBLIC_PATH="/{{BASE_PATH}}/" NODE_OPTIONS="--max-old-space-size=8192" vite build
n8n-editor-ui:build: 
n8n-editor-ui:build: `optimizeDeps.rollupOptions` / `ssr.optimizeDeps.rollupOptions` is deprecated. Use `optimizeDeps.rolldownOptions` instead. Note that this option may be set by a plugin. Set VITE_DEPRECATION_TRACE=1 to see where it is called.
n8n-editor-ui:build: You or a plugin you are using have set `optimizeDeps.esbuildOptions` but this option is now deprecated. Vite now uses Rolldown to optimize the dependencies. Please use `optimizeDeps.rolldownOptions` instead.
n8n-editor-ui:build: plugin-legacy overrode 'build.target'. You should pass 'targets' as an option to this plugin with the list of legacy browsers to support instead.
n8n-editor-ui:build: plugin-legacy 'modernTargets' option overrode the builtin targets of modern chunks. Some versions of browsers between legacy and modern may not be supported.
n8n-editor-ui:build: rolldown-vite v7.2.10 building client environment for production...
n8n-editor-ui:build: [33mWarning: Invalid input options (1 issue found)
n8n-editor-ui:build: - For the "inject". Invalid key: Expected never but received "inject". [0m
n8n-editor-ui:build: <script src="/{{BASE_PATH}}/static/base-path.js"> in "/index.html" can't be bundled without type="module" attribute
n8n-editor-ui:build: <script src="/{{BASE_PATH}}/static/posthog.init.js"> in "/index.html" can't be bundled without type="module" attribute
n8n-editor-ui:build: 
n8n-editor-ui:build: /{{BASE_PATH}}/static/prefers-color-scheme.css doesn't exist at build time, it will remain unchanged to be resolved at runtime
n8n-editor-ui:build: [plugin builtin:vite-import-glob] Invalid glob pattern: `@n8n/i18n/locales/*.json` in file 'src/app/dev/i18nHmr.ts'. Glob patterns must start with:
n8n-editor-ui:build:   • '/' for absolute paths from project root
n8n-editor-ui:build:   • './' or '../' for relative paths
n8n-editor-ui:build:   • '**/' for recursive matching from project root
n8n-editor-ui:build:   • '#' for subpath imports (with '*' wildcard)
n8n-editor-ui:build: [plugin rolldown:vite-resolve] Module "os" has been externalized for browser compatibility, imported by "/Users/joaolucashilgert/Development/Docker/n8n8/node_modules/.pnpm/recast@0.22.0/node_modules/recast/lib/util.js". See https://vite.dev/guide/troubleshooting.html#module-externalized-for-browser-compatibility for more details.
n8n-editor-ui:build: [2Kn8n-editor-ui:build: transforming...✓ 6764 modules transformed.
n8n-editor-ui:build: rendering chunks...
n8n-editor-ui:build: [plugin builtin:vite-reporter] 
n8n-editor-ui:build: (!) /Users/joaolucashilgert/Development/Docker/n8n8/packages/frontend/editor-ui/src/features/ndv/parameters/components/CollectionParameter.vue is dynamically imported by /Users/joaolucashilgert/Development/Docker/n8n8/packages/frontend/editor-ui/src/features/ndv/parameters/components/ParameterInputList.vue?vue&type=script&setup=true&lang.ts but also statically imported by /Users/joaolucashilgert/Development/Docker/n8n8/packages/frontend/editor-ui/src/features/ndv/parameters/components/MultipleParameter.vue?vue&type=script&setup=true&lang.ts, dynamic import will not move module into another chunk.
n8n-editor-ui:build: 
n8n-editor-ui:build: [vite-plugin-static-copy] Copied 2 items.
n8n-editor-ui:build: computing gzip size...
n8n-editor-ui:build: dist/assets/polyfills-legacy-ZrtG9pLa.js                                     199.42 kB
n8n-editor-ui:build: dist/assets/en-legacy-0SwyXYDA.js                                              0.33 kB │ gzip:   0.21 kB
n8n-editor-ui:build: dist/assets/_plugin-vue_export-helper-legacy-DZMI5HPp.js                       0.49 kB │ gzip:   0.28 kB
n8n-editor-ui:build: dist/assets/sourceControl.eventBus-legacy-MxOxktEd.js                          0.50 kB │ gzip:   0.28 kB
n8n-editor-ui:build: dist/assets/smartDecimal-legacy-Pdkg0--b.js                                    0.53 kB │ gzip:   0.30 kB
n8n-editor-ui:build: dist/assets/sortByProperty-legacy-rrInPrlU.js                                  0.59 kB │ gzip:   0.33 kB
n8n-editor-ui:build: dist/assets/core-legacy-DC-y5mGv.js                                            0.68 kB │ gzip:   0.36 kB
n8n-editor-ui:build: dist/assets/RunDataHtml-legacy-BVie3dOo.js                                     0.70 kB │ gzip:   0.35 kB
n8n-editor-ui:build: dist/assets/auth.eventBus-legacy-KYERU3sy.js                                   0.73 kB │ gzip:   0.36 kB
n8n-editor-ui:build: dist/assets/mcp.constants-legacy-CnbSZbtK.js                                   0.80 kB │ gzip:   0.42 kB
n8n-editor-ui:build: dist/assets/fileUtils-legacy-DTg5dwJF.js                                       0.95 kB │ gzip:   0.47 kB
n8n-editor-ui:build: dist/assets/useAzureAdToken-legacy-Brwq9-rh.js                                 1.12 kB │ gzip:   0.47 kB
n8n-editor-ui:build: dist/assets/utils-legacy-Bch84Mgi.js                                           1.35 kB │ gzip:   0.61 kB
n8n-editor-ui:build: dist/assets/useExecutionData-legacy-DG41vRpZ.js                                1.47 kB │ gzip:   0.58 kB
n8n-editor-ui:build: dist/assets/RunDataParsedAiContent-legacy-DKtFjWtR.js                          1.56 kB │ gzip:   0.61 kB
n8n-editor-ui:build: dist/assets/retry-legacy-Ba59wrE3.js                                           1.78 kB │ gzip:   0.74 kB
n8n-editor-ui:build: dist/assets/constants-legacy-BTpqV2Sh.js                                       1.88 kB │ gzip:   0.73 kB
n8n-editor-ui:build: dist/assets/useIntersectionObserver-legacy-djuuUui8.js                         1.89 kB │ gzip:   0.72 kB
n8n-editor-ui:build: dist/assets/uniqBy-legacy-BjlzKpje.js                                          2.03 kB │ gzip:   0.86 kB
n8n-editor-ui:build: dist/assets/EnterpriseEdition.ee-legacy-CIi_wW7D.js                            2.05 kB │ gzip:   0.73 kB
n8n-editor-ui:build: dist/assets/WorkflowActivationErrorMessage-legacy-MYTf87Aw.js                  2.11 kB │ gzip:   0.73 kB
n8n-editor-ui:build: dist/assets/useMcp-legacy-CHEB6ksE.js                                          2.11 kB │ gzip:   0.79 kB
n8n-editor-ui:build: dist/assets/pickBy-legacy-DKCI6SlX.js                                          2.31 kB │ gzip:   0.86 kB
n8n-editor-ui:build: dist/assets/userRoleProvisioning.store-legacy-D5VTldQ6.js                      2.33 kB │ gzip:   0.70 kB
n8n-editor-ui:build: dist/assets/useChatHubSidebarState-legacy-DYcp7yk_.js                          2.44 kB │ gzip:   0.87 kB
n8n-editor-ui:build: dist/assets/useBeforeUnload-legacy-CkWN-fsd.js                                 2.46 kB │ gzip:   0.93 kB
n8n-editor-ui:build: dist/assets/useClipboard-legacy-D2Bhx7wn.js                                    2.64 kB │ gzip:   0.94 kB
n8n-editor-ui:build: dist/assets/dateFormatter-legacy-BWHhJ3dm.js                                   2.75 kB │ gzip:   0.88 kB
n8n-editor-ui:build: dist/assets/orderBy-legacy-BX2nFnse.js                                         2.78 kB │ gzip:   1.05 kB
n8n-editor-ui:build: dist/assets/SignoutView-legacy-pxMSY7rY.js                                     2.78 kB │ gzip:   0.98 kB
n8n-editor-ui:build: dist/assets/insights.constants-legacy-CRqIlukS.js                              2.83 kB │ gzip:   0.91 kB
n8n-editor-ui:build: dist/assets/chunk-legacy-WGN041Ps.js                                           2.87 kB │ gzip:   1.05 kB
n8n-editor-ui:build: dist/assets/VirtualSchema-legacy-BiELWsM3.js                                   2.97 kB │ gzip:   1.03 kB
n8n-editor-ui:build: dist/assets/preload-helper-legacy-CXRjoQ0T.js                                  3.00 kB │ gzip:   1.14 kB
n8n-editor-ui:build: dist/assets/EmptySharedSectionActionBox-legacy-DLw04h7P.js                     3.15 kB │ gzip:   1.07 kB
n8n-editor-ui:build: dist/assets/AnimatedSpinner-legacy-D_4IyEpb.js                                 3.19 kB │ gzip:   1.04 kB
n8n-editor-ui:build: dist/assets/apiKeys.store-legacy-BQb0zqLO.js                                   3.26 kB │ gzip:   0.93 kB
n8n-editor-ui:build: dist/assets/roles.store-legacy-BTth4qfB.js                                     3.71 kB │ gzip:   1.05 kB
n8n-editor-ui:build: dist/assets/PushConnectionTracker-legacy-BDNUS5fF.js                           3.72 kB │ gzip:   1.15 kB
n8n-editor-ui:build: dist/assets/nodeTransforms-legacy-Cn6B4nS-.js                                  3.82 kB │ gzip:   1.12 kB
n8n-editor-ui:build: dist/assets/InsightsChartFailed-legacy-DQAsf1JR.js                             3.87 kB │ gzip:   1.26 kB
n8n-editor-ui:build: dist/assets/WorkflowTagsDropdown-legacy-CZoaT854.js                            3.88 kB │ gzip:   1.15 kB
n8n-editor-ui:build: dist/assets/InsightsChartTotal-legacy-Bc6XeNWK.js                              3.90 kB │ gzip:   1.24 kB
n8n-editor-ui:build: dist/assets/usePageRedirectionHelper-legacy-CJULBJXx.js                        3.95 kB │ gzip:   1.17 kB
n8n-editor-ui:build: dist/assets/AnnotationTagsDropdown.ee-legacy-BVgu49Ce.js                       3.98 kB │ gzip:   1.17 kB
n8n-editor-ui:build: dist/assets/LogsPanel-legacy-DakDuc3O.js                                       3.99 kB │ gzip:   1.35 kB
n8n-editor-ui:build: dist/assets/templateTransforms-legacy-BLdoqDgD.js                              4.02 kB │ gzip:   1.13 kB
n8n-editor-ui:build: dist/assets/CollectionParameter-legacy-C5oaL2pM.js                             4.08 kB │ gzip:   1.37 kB
n8n-editor-ui:build: dist/assets/InsightsChartFailureRate-legacy-DMS5gxq2.js                        4.29 kB │ gzip:   1.36 kB
n8n-editor-ui:build: dist/assets/useExecutionHelpers-legacy-Dtvl0iqP.js                             4.53 kB │ gzip:   1.31 kB
n8n-editor-ui:build: dist/assets/SeverityTag-legacy-BoIGwgTh.js                                     4.55 kB │ gzip:   1.43 kB
n8n-editor-ui:build: dist/assets/InsightsChartAverageRuntime-legacy-I9jGhrsC.js                     4.60 kB │ gzip:   1.45 kB
n8n-editor-ui:build: dist/assets/insights.store-legacy-Buq766M9.js                                  4.62 kB │ gzip:   1.18 kB
n8n-editor-ui:build: dist/assets/SamlOnboarding-legacy-CEHOuLtN.js                                  4.67 kB │ gzip:   1.45 kB
n8n-editor-ui:build: dist/assets/InsightsChartTimeSaved-legacy-CuY0R0QI.js                          4.71 kB │ gzip:   1.47 kB
n8n-editor-ui:build: dist/assets/WorkflowOnboardingView-legacy-BdJzDGmx.js                          4.77 kB │ gzip:   1.34 kB
n8n-editor-ui:build: dist/assets/templateActions-legacy-0aRKjUPE.js                                 4.82 kB │ gzip:   1.37 kB
n8n-editor-ui:build: dist/assets/FileSaver.min-legacy-BnXSWDS2.js                                   5.09 kB │ gzip:   1.74 kB
n8n-editor-ui:build: dist/assets/PageViewLayout-legacy-DtOfvXwb.js                                  5.27 kB │ gzip:   1.38 kB
n8n-editor-ui:build: dist/assets/useKeybindings-legacy-BmAptsxT.js                                  5.29 kB │ gzip:   1.71 kB
n8n-editor-ui:build: dist/assets/DemoFooter-legacy-7BVO5W5K.js                                      5.37 kB │ gzip:   1.75 kB
n8n-editor-ui:build: dist/assets/RunDataHtml-legacy-D3J0xbnF.js                                     5.46 kB │ gzip:   1.45 kB
n8n-editor-ui:build: dist/assets/EntityUnAuthorised-legacy-CVlDDb8S.js                              5.53 kB │ gzip:   1.72 kB
n8n-editor-ui:build: dist/assets/mcp.store-legacy-B7uNFFLP.js                                       5.57 kB │ gzip:   1.39 kB
n8n-editor-ui:build: dist/assets/SetupWorkflowCredentialsButton-legacy-CQKOG6Pr.js                  5.68 kB │ gzip:   1.65 kB
n8n-editor-ui:build: dist/assets/schemaPreview.store-legacy-7WRha-1A.js                             5.81 kB │ gzip:   1.76 kB
n8n-editor-ui:build: dist/assets/nodeIcon-legacy-Bd7ge4Yy.js                                        5.87 kB │ gzip:   1.53 kB
n8n-editor-ui:build: dist/assets/en-legacy-DJK4SpPN.js                                              5.88 kB │ gzip:   1.92 kB
n8n-editor-ui:build: dist/assets/npsSurvey.store-legacy-kydzvGUU.js                                 5.90 kB │ gzip:   1.39 kB
n8n-editor-ui:build: dist/assets/ForgotMyPasswordView-legacy-BZduJJMz.js                            5.92 kB │ gzip:   1.72 kB
n8n-editor-ui:build: dist/assets/EntityNotFound-legacy-HU-2IgG3.js                                  5.95 kB │ gzip:   1.63 kB
n8n-editor-ui:build: dist/assets/usage.store-legacy-_7j_9NJX.js                                     5.99 kB │ gzip:   1.49 kB
n8n-editor-ui:build: dist/assets/DataTableActions-legacy-DG27N7Mi.js                                6.14 kB │ gzip:   1.61 kB
n8n-editor-ui:build: dist/assets/insights.utils-legacy-DTFlq9sr.js                                  6.41 kB │ gzip:   1.69 kB
n8n-editor-ui:build: dist/assets/externalSecrets.ee.store-legacy-Cch2C7ZM.js                        6.56 kB │ gzip:   1.55 kB
n8n-editor-ui:build: dist/assets/useSettingsItems-legacy-cKksYxeo.js                                6.94 kB │ gzip:   1.47 kB
n8n-editor-ui:build: dist/assets/useRecentResources-legacy-BJnfTtmE.js                              6.97 kB │ gzip:   1.90 kB
n8n-editor-ui:build: dist/assets/KeyboardShortcutTooltip-legacy-CPU2B8Tx.js                         7.01 kB │ gzip:   1.70 kB
n8n-editor-ui:build: dist/assets/useWorkflowsCache-legacy-BH6bk8EF.js                               7.07 kB │ gzip:   1.66 kB
n8n-editor-ui:build: dist/assets/chatPanel.store-legacy-DwL46OC1.js                                 7.13 kB │ gzip:   1.79 kB
n8n-editor-ui:build: dist/assets/chartjs.utils-legacy-vdFYTF2T.js                                   7.16 kB │ gzip:   1.31 kB
n8n-editor-ui:build: dist/assets/SignupView-legacy-CEp6GcMD.js                                      7.29 kB │ gzip:   1.96 kB
n8n-editor-ui:build: dist/assets/useTelemetryContext-legacy-D0ztsnFV.js                             7.40 kB │ gzip:   1.97 kB
n8n-editor-ui:build: dist/assets/SetupView-legacy-C255t8Ch.js                                       7.53 kB │ gzip:   1.99 kB
n8n-editor-ui:build: dist/assets/dateformat-legacy-EYZpDbXt.js                                      7.54 kB │ gzip:   2.41 kB
n8n-editor-ui:build: dist/assets/useExecutionDebugging-legacy-CReoZ2wm.js                           7.57 kB │ gzip:   2.07 kB
n8n-editor-ui:build: dist/assets/SelectedItemsInfo-legacy-DRE0_hI3.js                               7.96 kB │ gzip:   1.95 kB
n8n-editor-ui:build: dist/assets/dist-legacy-D61K1tXR.js                                            8.05 kB │ gzip:   2.02 kB
n8n-editor-ui:build: dist/assets/ChangePasswordView-legacy-DkIk_IYQ.js                              8.14 kB │ gzip:   2.11 kB
n8n-editor-ui:build: dist/assets/NodeIcon-legacy-DGjgEzZc.js                                        8.17 kB │ gzip:   1.90 kB
n8n-editor-ui:build: dist/assets/InsightsPaywall-legacy-DjEX_84C.js                                 8.32 kB │ gzip:   2.10 kB
n8n-editor-ui:build: dist/assets/TextWithHighlights-legacy-h_qf4P_e.js                              8.34 kB │ gzip:   2.12 kB
n8n-editor-ui:build: dist/assets/CredentialIcon-legacy-BS4RhJ9f.js                                  8.39 kB │ gzip:   2.02 kB
n8n-editor-ui:build: dist/assets/ChatAgentAvatar-legacy-CM_wMhdp.js                                 8.49 kB │ gzip:   2.12 kB
n8n-editor-ui:build: dist/assets/ErrorView-legacy-Cm_9enaj.js                                       8.58 kB │ gzip:   2.16 kB
n8n-editor-ui:build: dist/assets/TimeAgo-legacy-BzfSMbAG.js                                         8.63 kB │ gzip:   2.64 kB
n8n-editor-ui:build: dist/assets/col-legacy-qNeBwKVF.js                                             8.76 kB │ gzip:   1.86 kB
n8n-editor-ui:build: dist/assets/ProjectIcon-legacy-qE6IOHLY.js                                     8.77 kB │ gzip:   2.18 kB
n8n-editor-ui:build: dist/assets/SaveButton-legacy-BsybtTH5.js                                      8.97 kB │ gzip:   2.14 kB
n8n-editor-ui:build: dist/assets/logStreaming.store-legacy-BCNjIXUS.js                              9.43 kB │ gzip:   2.00 kB
n8n-editor-ui:build: dist/assets/_initCloneObject-legacy-CYv_UKkI.js                                9.62 kB │ gzip:   2.37 kB
n8n-editor-ui:build: dist/assets/cloudPlan.store-legacy-2JrvPwVQ.js                                 9.75 kB │ gzip:   2.42 kB
n8n-editor-ui:build: dist/assets/useWorkflowActivate-legacy-De9zIW5G.js                             9.95 kB │ gzip:   2.18 kB
n8n-editor-ui:build: dist/assets/ProjectBreadcrumb-legacy-CSf0o6Kf.js                              10.15 kB │ gzip:   2.43 kB
n8n-editor-ui:build: dist/assets/overlay-legacy-C6pbS6r9.js                                        10.19 kB │ gzip:   2.50 kB
n8n-editor-ui:build: dist/assets/CopyInput-legacy-B1057Ol9.js                                      10.23 kB │ gzip:   2.57 kB
n8n-editor-ui:build: dist/assets/executions.store-legacy-CvrGDPlV.js                               10.50 kB │ gzip:   2.19 kB
n8n-editor-ui:build: dist/assets/Draggable-legacy-D67rWOVq.js                                      10.56 kB │ gzip:   2.47 kB
n8n-editor-ui:build: dist/assets/sso.store-legacy-DxUaM2R0.js                                      10.60 kB │ gzip:   2.06 kB
n8n-editor-ui:build: dist/assets/usePinnedData-legacy-Df--6PNL.js                                  11.19 kB │ gzip:   2.74 kB
n8n-editor-ui:build: dist/assets/versions.store-legacy-DxJMimUr.js                                 11.19 kB │ gzip:   2.66 kB
n8n-editor-ui:build: dist/assets/focusPanel.store-legacy-DRVp36gF.js                               11.67 kB │ gzip:   3.22 kB
n8n-editor-ui:build: dist/assets/WorkflowExecutionsLandingPage-legacy-81NEW0XL.js                  11.85 kB │ gzip:   2.82 kB
n8n-editor-ui:build: dist/assets/folders.store-legacy-BjxCBOrf.js                                  11.88 kB │ gzip:   2.74 kB
n8n-editor-ui:build: dist/assets/ModelByIdSelectorModal-legacy-DbUBnDye.js                         11.94 kB │ gzip:   2.89 kB
n8n-editor-ui:build: dist/assets/ChatFile-legacy-BGlWV3W-.js                                       12.04 kB │ gzip:   2.79 kB
n8n-editor-ui:build: dist/assets/TemplateCard-legacy-DinEx52Y.js                                   12.09 kB │ gzip:   3.04 kB
n8n-editor-ui:build: dist/assets/TemplatesView-legacy-DlS_Bag8.js                                  12.27 kB │ gzip:   2.29 kB
n8n-editor-ui:build: dist/assets/dataTable.store-legacy-BV7Mfd2X.js                                12.46 kB │ gzip:   2.57 kB
n8n-editor-ui:build: dist/assets/RunDataSearch-legacy-CtHUWwaJ.js                                  12.96 kB │ gzip:   3.27 kB
n8n-editor-ui:build: dist/assets/useDebounce-legacy-D5DrofXy.js                                    13.61 kB │ gzip:   3.66 kB
n8n-editor-ui:build: dist/assets/ChatSidebarOpener-legacy-BYUx_meV.js                              13.75 kB │ gzip:   3.57 kB
n8n-editor-ui:build: dist/assets/CredentialSelectorModal-legacy-B2G7ML0C.js                        13.89 kB │ gzip:   3.12 kB
n8n-editor-ui:build: dist/assets/path-browserify-legacy-Bm-x7BJS.js                                13.97 kB │ gzip:   2.69 kB
n8n-editor-ui:build: dist/assets/ResourceFiltersDropdown-legacy-DAxCQKnP.js                        14.44 kB │ gzip:   3.28 kB
n8n-editor-ui:build: dist/assets/useWorkflowSaving-legacy-C-67jsxj.js                              14.92 kB │ gzip:   3.48 kB
n8n-editor-ui:build: dist/assets/WorkflowPreview-legacy-DEN8ObgQ.js                                14.97 kB │ gzip:   3.29 kB
n8n-editor-ui:build: dist/assets/useActions-legacy-D7H8joMF.js                                     15.27 kB │ gzip:   3.41 kB
n8n-editor-ui:build: dist/assets/AuthView-legacy-DmWRl3Pu.js                                       15.43 kB │ gzip:   3.00 kB
n8n-editor-ui:build: dist/assets/PrebuiltAgentTemplatesView-legacy-CTKPLTZc.js                     15.59 kB │ gzip:   3.20 kB
n8n-editor-ui:build: dist/assets/personalizedTemplatesV3.store-legacy-GUT49RNy.js                  15.85 kB │ gzip:   3.48 kB
n8n-editor-ui:build: dist/assets/SettingsView-legacy-CSDj2DNB.js                                   16.06 kB │ gzip:   3.19 kB
n8n-editor-ui:build: dist/assets/RunDataParsedAiContent-legacy-BG8hN4on.js                         16.15 kB │ gzip:   3.86 kB
n8n-editor-ui:build: dist/assets/TemplatesWorkflowView-legacy-DqDstOQp.js                          16.48 kB │ gzip:   3.78 kB
n8n-editor-ui:build: dist/assets/radio-legacy-BcpVgob_.js                                          16.54 kB │ gzip:   3.16 kB
n8n-editor-ui:build: dist/assets/WorkflowExecutionsInfoAccordion-legacy-hcOJ6JTm.js                16.86 kB │ gzip:   3.60 kB
n8n-editor-ui:build: dist/assets/ProjectRolesView-legacy-CwGhEIY3.js                               16.94 kB │ gzip:   3.91 kB
n8n-editor-ui:build: dist/assets/TemplatesCollectionView-legacy-Dm8C2occ.js                        16.99 kB │ gzip:   3.86 kB
n8n-editor-ui:build: dist/assets/TemplateDetails-legacy-1avFWxSC.js                                17.14 kB │ gzip:   3.03 kB
n8n-editor-ui:build: dist/assets/ModalDrawer-legacy-DLIdLt1j.js                                    17.37 kB │ gzip:   4.18 kB
n8n-editor-ui:build: dist/assets/ProjectCardBadge-legacy-CoKQ7NRw.js                               17.98 kB │ gzip:   3.55 kB
n8n-editor-ui:build: dist/assets/InsightsTableWorkflows-legacy-B4xhbbhg.js                         18.08 kB │ gzip:   4.17 kB
n8n-editor-ui:build: dist/assets/banners.store-legacy-C7JmxWZu.js                                  18.24 kB │ gzip:   3.62 kB
n8n-editor-ui:build: dist/assets/Modal-legacy-CAX9wIOi.js                                          18.26 kB │ gzip:   3.65 kB
n8n-editor-ui:build: dist/assets/TagsDropdown-legacy-CGs-dOlA.js                                   18.27 kB │ gzip:   4.28 kB
n8n-editor-ui:build: dist/assets/NodeCreation-legacy-CBuFvtSc.js                                   19.18 kB │ gzip:   4.47 kB
n8n-editor-ui:build: dist/assets/OAuthConsentView-legacy-B_Xv3z9r.js                               20.04 kB │ gzip:   4.23 kB
n8n-editor-ui:build: dist/assets/MigrationRuleDetail-legacy-CKLlAZVU.js                            20.12 kB │ gzip:   4.73 kB
n8n-editor-ui:build: dist/assets/RunDataJson-legacy-D-9I2ooI.js                                    20.93 kB │ gzip:   4.37 kB
n8n-editor-ui:build: dist/assets/evaluation.constants-legacy-BKBv_G38.js                           21.65 kB │ gzip:   5.28 kB
n8n-editor-ui:build: dist/assets/SettingsExternalSecrets-legacy-ClHNmoRk.js                        21.86 kB │ gzip:   4.51 kB
n8n-editor-ui:build: dist/assets/dialog-legacy-DSzUEUS7.js                                         22.99 kB │ gzip:   4.81 kB
n8n-editor-ui:build: dist/assets/InsightsSummary-legacy-C_XSrymH.js                                23.24 kB │ gzip:   5.15 kB
n8n-editor-ui:build: dist/assets/SetupWorkflowFromTemplateView-legacy-c-WHtHwi.js                  23.34 kB │ gzip:   5.05 kB
n8n-editor-ui:build: dist/assets/MigrationRules-legacy-CDC8jFMp.js                                 23.42 kB │ gzip:   4.31 kB
n8n-editor-ui:build: dist/assets/AgentEditorModal-legacy-eHJqnSS6.js                               23.62 kB │ gzip:   4.79 kB
n8n-editor-ui:build: dist/assets/DataTableView-legacy-DfKzlP83.js                                  23.71 kB │ gzip:   5.12 kB
n8n-editor-ui:build: dist/assets/ProviderSettingsModal-legacy-C0xNAS0b.js                          24.04 kB │ gzip:   4.67 kB
n8n-editor-ui:build: dist/assets/ProjectSharing-legacy-H9eIUY3N.js                                 24.90 kB │ gzip:   4.67 kB
n8n-editor-ui:build: dist/assets/CommunityNodeUpdateInfo-legacy-C4mhawNZ.js                        25.43 kB │ gzip:   4.75 kB
n8n-editor-ui:build: dist/assets/ExternalSecretsProviderConnectionSwitch.ee-legacy-DHqqVOZO.js     25.65 kB │ gzip:   9.51 kB
n8n-editor-ui:build: dist/assets/SettingsChatHubView-legacy-WCzeiYkk.js                            25.72 kB │ gzip:   4.87 kB
n8n-editor-ui:build: dist/assets/SigninView-legacy-CRkHneRa.js                                     25.73 kB │ gzip:   5.52 kB
n8n-editor-ui:build: dist/assets/ProjectRoleView-legacy-Bqgl9QDw.js                                25.97 kB │ gzip:   5.27 kB
n8n-editor-ui:build: dist/assets/ToolsSelectorModal-legacy-09EgQVX9.js                             26.40 kB │ gzip:   5.39 kB
n8n-editor-ui:build: dist/assets/CredentialPicker-legacy-BSPtqUwq.js                               26.89 kB │ gzip:   5.01 kB
n8n-editor-ui:build: dist/assets/SetupTemplateFormStep-legacy-Be2CPRLj.js                          27.94 kB │ gzip:   5.10 kB
n8n-editor-ui:build: dist/assets/aiTemplatesStarterCollection.store-legacy-BJPqSK1L.js             27.96 kB │ gzip:   5.50 kB
n8n-editor-ui:build: dist/assets/FixedCollectionParameter-legacy-DaG0JKSQ.js                       28.10 kB │ gzip:   6.01 kB
n8n-editor-ui:build: dist/assets/SettingsPersonalView-legacy-BnKWr80R.js                           28.91 kB │ gzip:   5.63 kB
n8n-editor-ui:build: dist/assets/SettingsApiView-legacy-CwQ1h7M8.js                                29.02 kB │ gzip:   5.73 kB
n8n-editor-ui:build: dist/assets/buttons.esm-legacy-DvbwORrC.js                                    29.26 kB │ gzip:   7.87 kB
n8n-editor-ui:build: dist/assets/assistant.store-legacy-CvmXaAIg.js                                29.31 kB │ gzip:   5.86 kB
n8n-editor-ui:build: dist/assets/readyToRun.store-legacy-CQPTmwba.js                               29.75 kB │ gzip:   5.85 kB
n8n-editor-ui:build: dist/assets/ChatAgentsView-legacy-DZfKxaMg.js                                 30.18 kB │ gzip:   5.61 kB
n8n-editor-ui:build: dist/assets/TemplateList-legacy-BrHFFLu9.js                                   30.84 kB │ gzip:   5.03 kB
n8n-editor-ui:build: dist/assets/useMessage-legacy-CgBK_jJy.js                                     32.17 kB │ gzip:   6.77 kB
n8n-editor-ui:build: dist/assets/SettingsLogStreamingView-legacy-pu058JUH.js                       33.28 kB │ gzip:   6.31 kB
n8n-editor-ui:build: dist/assets/WorkflowActivator-legacy-Cl5MHczN.js                              33.40 kB │ gzip:   6.07 kB
n8n-editor-ui:build: dist/assets/SettingsCommunityNodesView-legacy-msPjGk2L.js                     33.67 kB │ gzip:   6.24 kB
n8n-editor-ui:build: dist/assets/useCustomAgent-legacy-Bf_QSHCo.js                                 33.88 kB │ gzip:   6.95 kB
n8n-editor-ui:build: dist/assets/empty-legacy-B1sJJLW9.js                                          35.76 kB │ gzip:   6.64 kB
n8n-editor-ui:build: dist/assets/usePushConnection-legacy-Cfaxbnzk.js                              35.90 kB │ gzip:   7.34 kB
n8n-editor-ui:build: dist/assets/TestRunDetailView-legacy-BpAVxBWx.js                              36.06 kB │ gzip:   6.75 kB
n8n-editor-ui:build: dist/assets/InsightsDashboard-legacy-Df-u0-Rv.js                              37.49 kB │ gzip:   7.93 kB
n8n-editor-ui:build: dist/assets/SettingsUsageAndPlan-legacy-DcmqkhOf.js                           37.98 kB │ gzip:   6.51 kB
n8n-editor-ui:build: dist/assets/SettingsSourceControl-legacy-C0Fzf450.js                          38.24 kB │ gzip:   6.35 kB
n8n-editor-ui:build: dist/assets/CredentialsView-legacy-DUZowjdl.js                                39.09 kB │ gzip:   7.87 kB
n8n-editor-ui:build: dist/assets/chat.store-legacy-DtZ4vo5b.js                                     39.91 kB │ gzip:   7.41 kB
n8n-editor-ui:build: dist/assets/ProjectVariables-legacy-CGtditvC.js                               41.35 kB │ gzip:   7.70 kB
n8n-editor-ui:build: dist/assets/templates.store-legacy-BbIrZBf8.js                                42.72 kB │ gzip:  13.59 kB
n8n-editor-ui:build: dist/assets/EvaluationsView-legacy-BJuLsGOy.js                                42.75 kB │ gzip:   7.19 kB
n8n-editor-ui:build: dist/assets/xml-legacy-Vg6pwfic.js                                            43.70 kB │ gzip:   7.85 kB
n8n-editor-ui:build: dist/assets/ProjectHeader-legacy-CLVpg4Y_.js                                  44.08 kB │ gzip:   7.80 kB
n8n-editor-ui:build: dist/assets/ExecutionsTime-legacy-362cvq1w.js                                 44.21 kB │ gzip:   6.76 kB
n8n-editor-ui:build: dist/assets/RunDataTable-legacy-DoBGQnXw.js                                   47.33 kB │ gzip:   9.34 kB
n8n-editor-ui:build: dist/assets/EvaluationsRootView-legacy-Dw3BZepn.js                            49.32 kB │ gzip:   7.32 kB
n8n-editor-ui:build: dist/assets/useRunWorkflow-legacy-DnxVi8K0.js                                 49.96 kB │ gzip:  11.20 kB
n8n-editor-ui:build: dist/assets/CalendarDate-legacy-CNGxdevN.js                                   50.18 kB │ gzip:   9.17 kB
n8n-editor-ui:build: dist/assets/ResourcesListLayout-legacy-B9rsY7hW.js                            50.77 kB │ gzip:   9.25 kB
n8n-editor-ui:build: dist/assets/vue-json-pretty-legacy-ghaUUjXn.js                                53.83 kB │ gzip:  11.49 kB
n8n-editor-ui:build: dist/assets/readyToRunWorkflows.store-legacy-BJeYsrsm.js                      56.17 kB │ gzip:  10.86 kB
n8n-editor-ui:build: dist/assets/ChatSidebar-legacy-DZaCZxeP.js                                    57.52 kB │ gzip:   8.99 kB
n8n-editor-ui:build: dist/assets/WorkflowExecutionsPreview-legacy-xV971v4D.js                      58.84 kB │ gzip:   9.12 kB
n8n-editor-ui:build: dist/assets/SettingsUsersView-legacy-DHovEN-K.js                              60.97 kB │ gzip:   9.98 kB
n8n-editor-ui:build: dist/assets/ExecutionsView-legacy-BeXyDlnu.js                                 64.84 kB │ gzip:  10.32 kB
n8n-editor-ui:build: dist/assets/merge-legacy-Bpd39pGC.js                                          65.91 kB │ gzip:  10.74 kB
n8n-editor-ui:build: dist/assets/NodeDetailsViewV2-legacy-BWyKvd9v.js                              66.16 kB │ gzip:  12.97 kB
n8n-editor-ui:build: dist/assets/useLogsTreeExpand-legacy-D7xM7132.js                              66.27 kB │ gzip:  13.04 kB
n8n-editor-ui:build: dist/assets/WorkerView-legacy-Cuixk7ed.js                                     66.87 kB │ gzip:   9.03 kB
n8n-editor-ui:build: dist/assets/WorkflowExecutionsView-legacy-DVM1gVEU.js                         67.42 kB │ gzip:  10.96 kB
n8n-editor-ui:build: dist/assets/ProjectSettings-legacy-BkdY7niG.js                                67.68 kB │ gzip:  10.85 kB
n8n-editor-ui:build: dist/assets/core-legacy-akSj3Jfb.js                                           69.71 kB │ gzip:  14.94 kB
n8n-editor-ui:build: dist/assets/semver-legacy-Lmx8HO68.js                                         72.06 kB │ gzip:  12.49 kB
n8n-editor-ui:build: dist/assets/core-legacy-edOZRsm4.js                                           76.24 kB │ gzip:  17.01 kB
n8n-editor-ui:build: dist/assets/WorkflowHistory-legacy-BVMvwDGE.js                                76.66 kB │ gzip:  12.02 kB
n8n-editor-ui:build: dist/assets/NodeDetailsView-legacy-2o4SI7js.js                                77.52 kB │ gzip:  13.70 kB
n8n-editor-ui:build: dist/assets/SettingsSso-legacy-4j4_XaQ0.js                                    81.15 kB │ gzip:  12.40 kB
n8n-editor-ui:build: dist/assets/SettingsLdapView-legacy-DGjZSbMT.js                               88.46 kB │ gzip:  17.44 kB
n8n-editor-ui:build: dist/assets/TemplatesSearchView-legacy-ell8Xmpv.js                            89.17 kB │ gzip:  15.23 kB
n8n-editor-ui:build: dist/assets/useCanvasOperations-legacy-CE5N2ra2.js                            92.06 kB │ gzip:  18.28 kB
n8n-editor-ui:build: dist/assets/MainSidebar-legacy-BuiJMFJS.js                                   100.29 kB │ gzip:  15.45 kB
n8n-editor-ui:build: dist/assets/ItemsRenderer-legacy-B9a3c1Ir.js                                 102.40 kB │ gzip:  12.87 kB
n8n-editor-ui:build: dist/assets/useCommandBar-legacy-CalfiBMj.js                                 104.05 kB │ gzip:  17.95 kB
n8n-editor-ui:build: dist/assets/SettingsMCPView-legacy-nfnw3QAd.js                               104.67 kB │ gzip:  13.32 kB
n8n-editor-ui:build: dist/assets/AddDataTableModal-legacy-B_1ESzn-.js                             105.16 kB │ gzip:  19.57 kB
n8n-editor-ui:build: dist/assets/TriggerPanel-legacy-CnZZtKlB.js                                  109.34 kB │ gzip:  17.15 kB
n8n-editor-ui:build: dist/assets/exports-legacy-CMsjHFAD.js                                       118.81 kB │ gzip:  28.79 kB
n8n-editor-ui:build: dist/assets/ChatView-legacy-Datjp49g.js                                      120.06 kB │ gzip:  19.38 kB
n8n-editor-ui:build: dist/assets/VirtualSchema-legacy-DqLJ08OD.js                                 130.80 kB │ gzip:  27.71 kB
n8n-editor-ui:build: dist/assets/NodeCreator-legacy-Awk7n9YB.js                                   131.98 kB │ gzip:  20.23 kB
n8n-editor-ui:build: dist/assets/router-legacy-Dx7b5fJ9.js                                        144.96 kB │ gzip:  24.54 kB
n8n-editor-ui:build: dist/assets/MainHeader-legacy-WsMcvK57.js                                    155.50 kB │ gzip:  24.66 kB
n8n-editor-ui:build: dist/assets/NodeView-legacy-DvnM_bqQ.js                                      165.89 kB │ gzip:  28.54 kB
n8n-editor-ui:build: dist/assets/nodeCreator.store-legacy-CndUwg5T.js                             170.09 kB │ gzip:  27.00 kB
n8n-editor-ui:build: dist/assets/_baseOrderBy-legacy-BVnAcCjF.js                                  170.11 kB │ gzip:  40.43 kB
n8n-editor-ui:build: dist/assets/NodeSettings-legacy-u8OCwMtM.js                                  183.18 kB │ gzip:  29.83 kB
n8n-editor-ui:build: dist/assets/table-legacy-CZWMauot.js                                         195.41 kB │ gzip:  39.40 kB
n8n-editor-ui:build: dist/assets/vue-legacy-Cud7toPY.js                                           196.65 kB │ gzip:  41.85 kB
n8n-editor-ui:build: dist/assets/LogsPanel-legacy-CU9YCWWF.js                                     218.02 kB │ gzip:  32.11 kB
n8n-editor-ui:build: dist/assets/date-picker-legacy-BCpU52DF.js                                   222.80 kB │ gzip:  36.06 kB
n8n-editor-ui:build: dist/assets/WorkflowsView-legacy-BsI1ZJ1p.js                                 235.24 kB │ gzip:  33.00 kB
n8n-editor-ui:build: dist/assets/VueMarkdown-legacy-D6TXo1uF.js                                   242.40 kB │ gzip:  67.70 kB
n8n-editor-ui:build: dist/assets/RunDataJsonActions-legacy-Cd7LnVil.js                            260.50 kB │ gzip:  41.58 kB
n8n-editor-ui:build: dist/assets/truncate-legacy-DDzt55Io.js                                      270.04 kB │ gzip:  57.36 kB
n8n-editor-ui:build: dist/assets/languageModules-legacy-DJ7rxnNL.js                               332.62 kB │ gzip:  77.93 kB
n8n-editor-ui:build: dist/assets/vue.runtime.esm-bundler-legacy-BXNTrsJc.js                       345.79 kB │ gzip:  75.79 kB
n8n-editor-ui:build: dist/assets/useImportCurlCommand-legacy-DDcGq6W-.js                          415.42 kB │ gzip:  68.68 kB
n8n-editor-ui:build: dist/assets/chart-legacy-BNJV-Mk7.js                                         465.89 kB │ gzip:  97.70 kB
n8n-editor-ui:build: dist/assets/sanitize-html-legacy-BDrAi9OP.js                                 519.63 kB │ gzip: 112.06 kB
n8n-editor-ui:build: dist/assets/_MapCache-legacy-DHayCf__.js                                     570.83 kB │ gzip: 115.33 kB
n8n-editor-ui:build: dist/assets/useCanvasMapping-legacy-ByoOGi0Z.js                              751.14 kB │ gzip: 126.58 kB
n8n-editor-ui:build: dist/assets/NDVEmptyState-legacy-Dsr4s3xt.js                                 936.33 kB │ gzip: 194.41 kB
n8n-editor-ui:build: dist/assets/builder.store-legacy-8kCUsi6N.js                               1,263.42 kB │ gzip: 252.82 kB
n8n-editor-ui:build: dist/assets/es-legacy-B5n_7XAh.js                                          1,296.75 kB │ gzip: 325.94 kB
n8n-editor-ui:build: dist/assets/isEmpty-legacy-DpHK1-Ho.js                                     1,573.84 kB │ gzip: 341.35 kB
n8n-editor-ui:build: dist/assets/ParameterInputList-legacy-PVNKfuKM.js                          2,068.84 kB │ gzip: 400.04 kB
n8n-editor-ui:build: dist/assets/DataTableDetailsView-legacy-DFnkiMTD.js                        2,167.91 kB │ gzip: 404.51 kB
n8n-editor-ui:build: dist/assets/index-legacy-VsqCFvkz.js                                       2,253.70 kB │ gzip: 339.38 kB
n8n-editor-ui:build: dist/assets/src-legacy-Bmt0F4I2.js                                         3,160.66 kB │ gzip: 514.76 kB
n8n-editor-ui:build: dist/assets/constants-legacy-gxdn4pS1.js                                   3,635.44 kB │ gzip: 632.85 kB
n8n-editor-ui:build: [33m[EVAL] Warning:[0m Use of direct `eval` function is strongly discouraged as it poses security risks and may cause issues with minification.
n8n-editor-ui:build:       [38;5;246m╭[0m[38;5;246m─[0m[38;5;246m[[0m ../../../node_modules/.pnpm/web-tree-sitter@0.24.3/node_modules/web-tree-sitter/tree-sitter.js:1195:37 [38;5;246m][0m
n8n-editor-ui:build:       [38;5;246m│[0m
n8n-editor-ui:build:  [38;5;246m1195 │[0m [38;5;249m [0m[38;5;249m [0m[38;5;249m [0m[38;5;249m [0m[38;5;249m [0m[38;5;249m [0m[38;5;249m [0m[38;5;249m [0m[38;5;249m [0m[38;5;249m [0m[38;5;249m [0m[38;5;249m [0m[38;5;249m [0m[38;5;249m [0m[38;5;249m [0m[38;5;249m [0m[38;5;249mA[0m[38;5;249mS[0m[38;5;249mM[0m[38;5;249m_[0m[38;5;249mC[0m[38;5;249mO[0m[38;5;249mN[0m[38;5;249mS[0m[38;5;249mT[0m[38;5;249mS[0m[38;5;249m[[0m[38;5;249ms[0m[38;5;249mt[0m[38;5;249ma[0m[38;5;249mr[0m[38;5;249mt[0m[38;5;249m][0m[38;5;249m [0m[38;5;249m=[0m[38;5;249m [0meval[38;5;249m([0m[38;5;249mf[0m[38;5;249mu[0m[38;5;249mn[0m[38;5;249mc[0m[38;5;249m)[0m[38;5;249m;[0m
n8n-editor-ui:build:  [38;5;240m     │[0m                                     ──┬─  
n8n-editor-ui:build:  [38;5;240m     │[0m                                       ╰─── Use of direct `eval` here.
n8n-editor-ui:build:  [38;5;240m     │[0m 
n8n-editor-ui:build:  [38;5;240m     │[0m [38;5;115mHelp[0m: Consider using indirect eval. For more information, check the documentation: https://rolldown.rs/guide/troubleshooting#avoiding-direct-eval
n8n-editor-ui:build: [38;5;246m──────╯[0m
n8n-editor-ui:build: 
n8n-editor-ui:build: [33m[EVAL] Warning:[0m Use of direct `eval` function is strongly discouraged as it poses security risks and may cause issues with minification.
n8n-editor-ui:build:       [38;5;246m╭[0m[38;5;246m─[0m[38;5;246m[[0m ../../../node_modules/.pnpm/web-tree-sitter@0.24.3/node_modules/web-tree-sitter/tree-sitter.js:1221:39 [38;5;246m][0m
n8n-editor-ui:build:       [38;5;246m│[0m
n8n-editor-ui:build:  [38;5;246m1221 │[0m [38;5;249m [0m[38;5;249m [0m[38;5;249m [0m[38;5;249m [0m[38;5;249m [0m[38;5;249m [0m[38;5;249m [0m[38;5;249m [0m[38;5;249m [0m[38;5;249m [0m[38;5;249m [0m[38;5;249m [0m[38;5;249m [0m[38;5;249m [0m[38;5;249m [0m[38;5;249m [0m[38;5;249mm[0m[38;5;249mo[0m[38;5;249md[0m[38;5;249mu[0m[38;5;249ml[0m[38;5;249me[0m[38;5;249mE[0m[38;5;249mx[0m[38;5;249mp[0m[38;5;249mo[0m[38;5;249mr[0m[38;5;249mt[0m[38;5;249ms[0m[38;5;249m[[0m[38;5;249mn[0m[38;5;249ma[0m[38;5;249mm[0m[38;5;249me[0m[38;5;249m][0m[38;5;249m [0m[38;5;249m=[0m[38;5;249m [0meval[38;5;249m([0m[38;5;249mf[0m[38;5;249mu[0m[38;5;249mn[0m[38;5;249mc[0m[38;5;249m)[0m[38;5;249m;[0m
n8n-editor-ui:build:  [38;5;240m     │[0m                                       ──┬─  
n8n-editor-ui:build:  [38;5;240m     │[0m                                         ╰─── Use of direct `eval` here.
n8n-editor-ui:build:  [38;5;240m     │[0m 
n8n-editor-ui:build:  [38;5;240m     │[0m [38;5;115mHelp[0m: Consider using indirect eval. For more information, check the documentation: https://rolldown.rs/guide/troubleshooting#avoiding-direct-eval
n8n-editor-ui:build: [38;5;246m──────╯[0m
n8n-editor-ui:build: 
n8n-editor-ui:build: [33m[IMPORT_IS_UNDEFINED] Warning:[0m Import `currentInstance` will always be undefined because there is no matching export in '../../../node_modules/.pnpm/vue@3.5.25_typescript@5.9.2/node_modules/vue/dist/vue.runtime.esm-bundler.js'
n8n-editor-ui:build:      [38;5;246m╭[0m[38;5;246m─[0m[38;5;246m[[0m ../../../node_modules/.pnpm/vue-i18n@11.2.2_vue@3.5.25_typescript@5.9.2_/node_modules/vue-i18n/dist/vue-i18n.mjs:283:16 [38;5;246m][0m
n8n-editor-ui:build:      [38;5;246m│[0m
n8n-editor-ui:build:  [38;5;246m283 │[0m [38;5;249m [0m[38;5;249m [0m[38;5;249m [0m[38;5;249m [0m[38;5;249m [0m[38;5;249m [0m[38;5;249m [0m[38;5;249m [0m[38;5;249mr[0m[38;5;249me[0m[38;5;249mt[0m[38;5;249mu[0m[38;5;249mr[0m[38;5;249mn[0m[38;5;249m [0mVue[name][38;5;249m;[0m
n8n-editor-ui:build:  [38;5;240m    │[0m                ────┬────  
n8n-editor-ui:build:  [38;5;240m    │[0m                    ╰────── 
n8n-editor-ui:build: [38;5;246m─────╯[0m
n8n-editor-ui:build: 
n8n-editor-ui:build: <script src="/{{BASE_PATH}}/static/base-path.js"> in "/index.html" can't be bundled without type="module" attribute
n8n-editor-ui:build: <script src="/{{BASE_PATH}}/static/posthog.init.js"> in "/index.html" can't be bundled without type="module" attribute
n8n-editor-ui:build: [plugin builtin:vite-import-glob] Invalid glob pattern: `@n8n/i18n/locales/*.json` in file 'src/app/dev/i18nHmr.ts'. Glob patterns must start with:
n8n-editor-ui:build:   • '/' for absolute paths from project root
n8n-editor-ui:build:   • './' or '../' for relative paths
n8n-editor-ui:build:   • '**/' for recursive matching from project root
n8n-editor-ui:build:   • '#' for subpath imports (with '*' wildcard)
n8n-editor-ui:build: [plugin rolldown:vite-resolve] Module "os" has been externalized for browser compatibility, imported by "/Users/joaolucashilgert/Development/Docker/n8n8/node_modules/.pnpm/recast@0.22.0/node_modules/recast/lib/util.js". See https://vite.dev/guide/troubleshooting.html#module-externalized-for-browser-compatibility for more details.
n8n-editor-ui:build: [2Kn8n-editor-ui:build: transforming...✓ 6764 modules transformed.
n8n-editor-ui:build: rendering chunks...
n8n-editor-ui:build: [plugin builtin:vite-reporter] 
n8n-editor-ui:build: (!) /Users/joaolucashilgert/Development/Docker/n8n8/packages/frontend/editor-ui/src/features/ndv/parameters/components/CollectionParameter.vue is dynamically imported by /Users/joaolucashilgert/Development/Docker/n8n8/packages/frontend/editor-ui/src/features/ndv/parameters/components/ParameterInputList.vue?vue&type=script&setup=true&lang.ts but also statically imported by /Users/joaolucashilgert/Development/Docker/n8n8/packages/frontend/editor-ui/src/features/ndv/parameters/components/MultipleParameter.vue?vue&type=script&setup=true&lang.ts, dynamic import will not move module into another chunk.
n8n-editor-ui:build: 
n8n-editor-ui:build: [vite-plugin-static-copy] Copied 2 items.
n8n-editor-ui:build: computing gzip size...
n8n-editor-ui:build: dist/assets/sqlite3-opfs-async-proxy-BrtqH9Si.js                       15.79 kB
n8n-editor-ui:build: dist/index.html                                                        16.12 kB │ gzip:   3.27 kB
n8n-editor-ui:build: dist/assets/element-icons-B-tDfklg.woff                                28.20 kB
n8n-editor-ui:build: dist/assets/element-icons-_lZGOqcG.ttf                                 55.95 kB
n8n-editor-ui:build: dist/assets/CommitMonoVariable-ytizKI8U.woff2                          86.76 kB
n8n-editor-ui:build: dist/assets/doppler-B__k0MeW.webp                                     315.06 kB
n8n-editor-ui:build: dist/assets/InterVariable-DiVDrmQJ.woff2                              352.24 kB
n8n-editor-ui:build: dist/assets/sqlite3-worker1-bundler-friendly-BvaOkVlV.js              363.07 kB
n8n-editor-ui:build: dist/assets/worker-D_LNR8b-.js                                        377.67 kB
n8n-editor-ui:build: dist/assets/InterVariable-Italic-FCBEiFp6.woff2                       387.97 kB
n8n-editor-ui:build: dist/assets/sqlite3-DBpDb1lf.wasm                                     856.44 kB │ gzip: 396.48 kB
n8n-editor-ui:build: dist/assets/typescript.worker-CQpbljUM.js                           7,976.46 kB
n8n-editor-ui:build: dist/assets/EntityNotFound-D6gi5ngN.css                                 0.19 kB │ gzip:   0.16 kB
n8n-editor-ui:build: dist/assets/EntityUnAuthorised-D3XTbU6Y.css                             0.19 kB │ gzip:   0.16 kB
n8n-editor-ui:build: dist/assets/ProjectRolesView-CZqQ656d.css                               0.26 kB │ gzip:   0.17 kB
n8n-editor-ui:build: dist/assets/SeverityTag-C0hCvHeU.css                                    0.27 kB │ gzip:   0.15 kB
n8n-editor-ui:build: dist/assets/MigrationRuleDetail-4tgkxxhX.css                            0.42 kB │ gzip:   0.28 kB
n8n-editor-ui:build: dist/assets/NDVEmptyState-Bho0_Ev8.css                                  0.52 kB │ gzip:   0.28 kB
n8n-editor-ui:build: dist/assets/AnimatedSpinner-CoP6Lyme.css                                0.57 kB │ gzip:   0.19 kB
n8n-editor-ui:build: dist/assets/ProjectRoleView-Ds9qdhh9.css                                0.86 kB │ gzip:   0.42 kB
n8n-editor-ui:build: dist/assets/MigrationRules-wMqorxjv.css                                 1.42 kB │ gzip:   0.50 kB
n8n-editor-ui:build: dist/assets/RunDataHtml-Bu3RZcuV.css                                    2.53 kB │ gzip:   0.46 kB
n8n-editor-ui:build: dist/assets/CredentialIcon-bZrcXcyJ.css                                 2.56 kB │ gzip:   0.47 kB
n8n-editor-ui:build: dist/assets/NodeIcon-U9MPshuN.css                                       2.57 kB │ gzip:   0.48 kB
n8n-editor-ui:build: dist/assets/ModalDrawer-B-12esvU.css                                    2.58 kB │ gzip:   0.48 kB
n8n-editor-ui:build: dist/assets/TextWithHighlights-BgbTzzK2.css                             2.63 kB │ gzip:   0.51 kB
n8n-editor-ui:build: dist/assets/KeyboardShortcutTooltip-pRLqnHdh.css                        2.65 kB │ gzip:   0.52 kB
n8n-editor-ui:build: dist/assets/RunDataJsonActions-CZx7rSSE.css                             2.65 kB │ gzip:   0.52 kB
n8n-editor-ui:build: dist/assets/ChatAgentAvatar-BQdWaF20.css                                2.67 kB │ gzip:   0.51 kB
n8n-editor-ui:build: dist/assets/InsightsPaywall-CE5W3W4m.css                                2.70 kB │ gzip:   0.56 kB
n8n-editor-ui:build: dist/assets/Draggable-DfBtatxg.css                                      2.72 kB │ gzip:   0.55 kB
n8n-editor-ui:build: dist/assets/ExternalSecretsProviderConnectionSwitch-dpp96SMy.css        2.74 kB │ gzip:   0.56 kB
n8n-editor-ui:build: dist/assets/ChatSidebarOpener-CxM-3LAt.css                              2.83 kB │ gzip:   0.61 kB
n8n-editor-ui:build: dist/assets/ModelByIdSelectorModal-CF6s_557.css                         2.86 kB │ gzip:   0.60 kB
n8n-editor-ui:build: dist/assets/SaveButton-Dc01Y2MA.css                                     2.86 kB │ gzip:   0.61 kB
n8n-editor-ui:build: dist/assets/PageViewLayout-Cn6FD0Wt.css                                 2.90 kB │ gzip:   0.62 kB
n8n-editor-ui:build: dist/assets/ErrorView-D2OMvGTk.css                                      2.93 kB │ gzip:   0.62 kB
n8n-editor-ui:build: dist/assets/NodeCreation-CKa3G1zA.css                                   2.93 kB │ gzip:   0.65 kB
n8n-editor-ui:build: dist/assets/SelectedItemsInfo-DDbNnY7M.css                              2.96 kB │ gzip:   0.64 kB
n8n-editor-ui:build: dist/assets/WorkflowExecutionsLandingPage-DMldlKod.css                  2.97 kB │ gzip:   0.63 kB
n8n-editor-ui:build: dist/assets/CredentialSelectorModal-CKQNdS8g.css                        3.05 kB │ gzip:   0.63 kB
n8n-editor-ui:build: dist/assets/TemplatesCollectionView-klb8FT9y.css                        3.06 kB │ gzip:   0.66 kB
n8n-editor-ui:build: dist/assets/SigninView-BQgsTN8o.css                                     3.07 kB │ gzip:   0.68 kB
n8n-editor-ui:build: dist/assets/TemplateCard-DxDBlS6p.css                                   3.10 kB │ gzip:   0.67 kB
n8n-editor-ui:build: dist/assets/SetupWorkflowFromTemplateView-CU2iGJTa.css                  3.10 kB │ gzip:   0.68 kB
n8n-editor-ui:build: dist/assets/SettingsExternalSecrets-CaiOf7cD.css                        3.10 kB │ gzip:   0.65 kB
n8n-editor-ui:build: dist/assets/AgentEditorModal-CwCd7RNA.css                               3.11 kB │ gzip:   0.68 kB
n8n-editor-ui:build: dist/assets/useCommandBar-eK4Fv9lH.css                                  3.12 kB │ gzip:   0.66 kB
n8n-editor-ui:build: dist/assets/WorkflowPreview-CYpzxJej.css                                3.17 kB │ gzip:   0.72 kB
n8n-editor-ui:build: dist/assets/ResourceFiltersDropdown-BACE5ZTX.css                        3.26 kB │ gzip:   0.68 kB
n8n-editor-ui:build: dist/assets/SettingsLdapView-BuamZyhu.css                               3.26 kB │ gzip:   0.70 kB
n8n-editor-ui:build: dist/assets/ProjectBreadcrumb-CAEDvzuN.css                              3.27 kB │ gzip:   0.71 kB
n8n-editor-ui:build: dist/assets/DataTableView-ByKnlVtU.css                                  3.28 kB │ gzip:   0.78 kB
n8n-editor-ui:build: dist/assets/TemplatesWorkflowView-CBjRBbmw.css                          3.29 kB │ gzip:   0.74 kB
n8n-editor-ui:build: dist/assets/RunDataSearch-BvNE3iVy.css                                  3.29 kB │ gzip:   0.72 kB
n8n-editor-ui:build: dist/assets/WorkflowExecutionsInfoAccordion-CEOvJ-SX.css                3.32 kB │ gzip:   0.74 kB
n8n-editor-ui:build: dist/assets/InsightsTableWorkflows-BpSKLmUy.css                         3.32 kB │ gzip:   0.76 kB
n8n-editor-ui:build: dist/assets/ProviderSettingsModal-CZ44KI4I.css                          3.37 kB │ gzip:   0.68 kB
n8n-editor-ui:build: dist/assets/useTelemetryContext-BpnKRIT7.css                            3.38 kB │ gzip:   0.74 kB
n8n-editor-ui:build: dist/assets/PrebuiltAgentTemplatesView-jF7HvWnL.css                     3.40 kB │ gzip:   0.75 kB
n8n-editor-ui:build: dist/assets/ProjectCardBadge-XPHWNQHG.css                               3.41 kB │ gzip:   0.76 kB
n8n-editor-ui:build: dist/assets/ProjectIcon-DT95ZcDW.css                                    3.50 kB │ gzip:   0.72 kB
n8n-editor-ui:build: dist/assets/SettingsPersonalView-DEpYU3TT.css                           3.50 kB │ gzip:   0.82 kB
n8n-editor-ui:build: dist/assets/ToolsSelectorModal-B2z9ibQ0.css                             3.63 kB │ gzip:   0.73 kB
n8n-editor-ui:build: dist/assets/ChatFile-DyV_OG6Q.css                                       3.67 kB │ gzip:   0.85 kB
n8n-editor-ui:build: dist/assets/CopyInput-LoI3iHWE.css                                      3.84 kB │ gzip:   0.91 kB
n8n-editor-ui:build: dist/assets/RunDataParsedAiContent-CvjNCtpG.css                         3.95 kB │ gzip:   0.75 kB
n8n-editor-ui:build: dist/assets/evaluation-BzMQd3Iw.css                                     4.12 kB │ gzip:   0.92 kB
n8n-editor-ui:build: dist/assets/SettingsSourceControl-DEs9MNB6.css                          4.19 kB │ gzip:   0.92 kB
n8n-editor-ui:build: dist/assets/OAuthConsentView-CXZbBKS5.css                               4.44 kB │ gzip:   0.95 kB
n8n-editor-ui:build: dist/assets/TagsDropdown-Do1UB2LF.css                                   4.95 kB │ gzip:   1.12 kB
n8n-editor-ui:build: dist/assets/FixedCollectionParameter-DHvFfGbF.css                       5.13 kB │ gzip:   0.97 kB
n8n-editor-ui:build: dist/assets/InsightsDashboard-CttFeZVb.css                              5.35 kB │ gzip:   1.39 kB
n8n-editor-ui:build: dist/assets/TemplateDetails-DfyKyMyy.css                                5.40 kB │ gzip:   0.65 kB
n8n-editor-ui:build: dist/assets/banners-UK5wWFEI.css                                        5.44 kB │ gzip:   0.67 kB
n8n-editor-ui:build: dist/assets/CommunityNodeUpdateInfo-kPDiipF5.css                        5.52 kB │ gzip:   0.69 kB
n8n-editor-ui:build: dist/assets/SettingsChatHubView-zBt63VWY.css                            5.72 kB │ gzip:   0.75 kB
n8n-editor-ui:build: dist/assets/AuthView-Dg9ZkCud.css                                       5.80 kB │ gzip:   0.80 kB
n8n-editor-ui:build: dist/assets/Modal-DNkRJkUt.css                                          5.90 kB │ gzip:   0.81 kB
n8n-editor-ui:build: dist/assets/TemplatesView-iSPzXjQB.css                                  5.92 kB │ gzip:   0.82 kB
n8n-editor-ui:build: dist/assets/SettingsView-6sirGv9l.css                                   6.01 kB │ gzip:   0.85 kB
n8n-editor-ui:build: dist/assets/SettingsLogStreamingView-xo-rTSA0.css                       6.02 kB │ gzip:   0.91 kB
n8n-editor-ui:build: dist/assets/CredentialsView-BDOl2A0w.css                                6.03 kB │ gzip:   0.90 kB
n8n-editor-ui:build: dist/assets/useCustomAgent-tUoLIUar.css                                 6.12 kB │ gzip:   0.92 kB
n8n-editor-ui:build: dist/assets/InsightsSummary-CnaRV949.css                                6.17 kB │ gzip:   1.35 kB
n8n-editor-ui:build: dist/assets/ProjectSharing-5AaqsE7p.css                                 6.19 kB │ gzip:   0.86 kB
n8n-editor-ui:build: dist/assets/CredentialPicker-CWT-qPMn.css                               6.25 kB │ gzip:   0.96 kB
n8n-editor-ui:build: dist/assets/AddDataTableModal-vT1D9-UY.css                              6.36 kB │ gzip:   1.30 kB
n8n-editor-ui:build: dist/assets/ProjectHeader-DMoL829v.css                                  6.43 kB │ gzip:   1.00 kB
n8n-editor-ui:build: dist/assets/SettingsCommunityNodesView-m7kLUpJK.css                     6.49 kB │ gzip:   0.98 kB
n8n-editor-ui:build: dist/assets/SettingsApiView-Dtl_N9mK.css                                6.64 kB │ gzip:   1.05 kB
n8n-editor-ui:build: dist/assets/ChatAgentsView-bU9DF47q.css                                 7.11 kB │ gzip:   1.15 kB
n8n-editor-ui:build: dist/assets/RunDataJson-LufoUTRy.css                                    7.26 kB │ gzip:   1.10 kB
n8n-editor-ui:build: dist/assets/RunDataTable-D2zvy6Ar.css                                   7.72 kB │ gzip:   1.68 kB
n8n-editor-ui:build: dist/assets/WorkflowActivator-xCBwqG20.css                              8.03 kB │ gzip:   0.78 kB
n8n-editor-ui:build: dist/assets/SetupTemplateFormStep-n3VY06cx.css                          8.25 kB │ gzip:   0.83 kB
n8n-editor-ui:build: dist/assets/NodeDetailsViewV2-CgELKnqG.css                              8.30 kB │ gzip:   1.47 kB
n8n-editor-ui:build: dist/assets/TestRunDetailView-B6RipEoO.css                              8.36 kB │ gzip:   1.49 kB
n8n-editor-ui:build: dist/assets/ProjectVariables-CVX3Lygi.css                               8.87 kB │ gzip:   1.06 kB
n8n-editor-ui:build: dist/assets/SettingsUsersView-CfJcVjkl.css                              9.32 kB │ gzip:   1.15 kB
n8n-editor-ui:build: dist/assets/ProjectSettings-vir6puPd.css                                9.72 kB │ gzip:   1.17 kB
n8n-editor-ui:build: dist/assets/SettingsUsageAndPlan-CX3b3V8W.css                           9.83 kB │ gzip:   1.22 kB
n8n-editor-ui:build: dist/assets/ExecutionsTime-CMWDVq5H.css                                 9.95 kB │ gzip:   1.25 kB
n8n-editor-ui:build: dist/assets/TemplateList-CNUtq0N7.css                                  10.03 kB │ gzip:   1.21 kB
n8n-editor-ui:build: dist/assets/VirtualSchema-q8kFXWD9.css                                 10.14 kB │ gzip:   2.23 kB
n8n-editor-ui:build: dist/assets/ResourcesListLayout-DLAMdJD5.css                           10.30 kB │ gzip:   1.32 kB
n8n-editor-ui:build: dist/assets/ExecutionsView-DP5OXlS4.css                                11.05 kB │ gzip:   1.05 kB
n8n-editor-ui:build: dist/assets/SettingsSso-DPkEVc10.css                                   11.98 kB │ gzip:   1.16 kB
n8n-editor-ui:build: dist/assets/EvaluationsView-CmcDUAS_.css                               12.06 kB │ gzip:   1.28 kB
n8n-editor-ui:build: dist/assets/EvaluationsRootView-D22182Fd.css                           12.34 kB │ gzip:   1.30 kB
n8n-editor-ui:build: dist/assets/useLogsTreeExpand-nZMKe2ps.css                             12.61 kB │ gzip:   1.84 kB
n8n-editor-ui:build: dist/assets/NodeDetailsView-Dy4A-9xj.css                               13.82 kB │ gzip:   1.64 kB
n8n-editor-ui:build: dist/assets/WorkflowExecutionsPreview-BkXT82z5.css                     15.45 kB │ gzip:   1.94 kB
n8n-editor-ui:build: dist/assets/WorkflowHistory-D3BhOWlD.css                               15.82 kB │ gzip:   1.80 kB
n8n-editor-ui:build: dist/assets/WorkflowExecutionsView-J4lWGYW8.css                        16.60 kB │ gzip:   1.85 kB
n8n-editor-ui:build: dist/assets/NodeView-DXad5aKA.css                                      18.81 kB │ gzip:   2.09 kB
n8n-editor-ui:build: dist/assets/ChatSidebar-BPSEDpF_.css                                   19.40 kB │ gzip:   1.83 kB
n8n-editor-ui:build: dist/assets/TemplatesSearchView-BfT0LMil.css                           19.49 kB │ gzip:   1.94 kB
n8n-editor-ui:build: dist/assets/MainSidebar-bwCkn71q.css                                   20.98 kB │ gzip:   2.07 kB
n8n-editor-ui:build: dist/assets/WorkerView-dRylOW7G.css                                    22.85 kB │ gzip:   1.49 kB
n8n-editor-ui:build: dist/assets/TriggerPanel-DlqCrY-j.css                                  25.52 kB │ gzip:   2.63 kB
n8n-editor-ui:build: dist/assets/MainHeader-BrCMY0od.css                                    27.80 kB │ gzip:   2.10 kB
n8n-editor-ui:build: dist/assets/DataTableDetailsView-BdqIkC-W.css                          30.20 kB │ gzip:   2.76 kB
n8n-editor-ui:build: dist/assets/SettingsMCPView-DuDsjRhd.css                               31.21 kB │ gzip:   2.14 kB
n8n-editor-ui:build: dist/assets/ChatView-Doeja5OX.css                                      31.77 kB │ gzip:   3.39 kB
n8n-editor-ui:build: dist/assets/NodeCreator-C-ckvxD7.css                                   36.26 kB │ gzip:   3.17 kB
n8n-editor-ui:build: dist/assets/ItemsRenderer-Bj1n8yoX.css                                 39.12 kB │ gzip:   2.46 kB
n8n-editor-ui:build: dist/assets/NodeSettings-BIOqhOCE.css                                  40.04 kB │ gzip:   3.70 kB
n8n-editor-ui:build: dist/assets/WorkflowsView-DnvmpkIR.css                                 41.06 kB │ gzip:   3.18 kB
n8n-editor-ui:build: dist/assets/isEmpty-CIAN-oWX.css                                       48.42 kB │ gzip:   4.11 kB
n8n-editor-ui:build: dist/assets/LogsPanel-CkyETl2u.css                                     74.30 kB │ gzip:   5.55 kB
n8n-editor-ui:build: dist/assets/useCanvasMapping-DUHri6Ht.css                             110.74 kB │ gzip:   7.15 kB
n8n-editor-ui:build: dist/assets/ParameterInputList-Cqvjzw05.css                           180.37 kB │ gzip:  12.27 kB
n8n-editor-ui:build: dist/assets/src-CSeGTiKU.css                                          407.44 kB │ gzip:  27.59 kB
n8n-editor-ui:build: dist/assets/index-CJpAz8wJ.css                                        696.07 kB │ gzip:  67.34 kB
n8n-editor-ui:build: dist/assets/en-BJIWjiYo.js                                              0.08 kB │ gzip:   0.08 kB
n8n-editor-ui:build: dist/assets/sourceControl.eventBus-nY_KL_PS.js                          0.14 kB │ gzip:   0.12 kB
n8n-editor-ui:build: dist/assets/core-BwYPvK-8.js                                            0.20 kB │ gzip:   0.16 kB
n8n-editor-ui:build: dist/assets/_plugin-vue_export-helper-fRq25RGE.js                       0.22 kB │ gzip:   0.16 kB
n8n-editor-ui:build: dist/assets/smartDecimal-BXx7tsMA.js                                    0.23 kB │ gzip:   0.17 kB
n8n-editor-ui:build: dist/assets/RunDataHtml-DqH3BC88.js                                     0.26 kB │ gzip:   0.18 kB
n8n-editor-ui:build: dist/assets/auth.eventBus-BjqyNIs_.js                                   0.27 kB │ gzip:   0.15 kB
n8n-editor-ui:build: dist/assets/sortByProperty-wMnzjcs4.js                                  0.28 kB │ gzip:   0.20 kB
n8n-editor-ui:build: dist/assets/mcp.constants-atZT2Mgs.js                                   0.48 kB │ gzip:   0.27 kB
n8n-editor-ui:build: dist/assets/uniqBy-4B9bTR9R.js                                          0.49 kB │ gzip:   0.29 kB
n8n-editor-ui:build: dist/assets/fileUtils-DimO3Y9l.js                                       0.60 kB │ gzip:   0.35 kB
n8n-editor-ui:build: dist/assets/RunDataParsedAiContent-CNqaz5vU.js                          0.68 kB │ gzip:   0.36 kB
n8n-editor-ui:build: dist/assets/retry-D0BfqjJh.js                                           0.68 kB │ gzip:   0.35 kB
n8n-editor-ui:build: dist/assets/orderBy-BxVvtEX2.js                                         0.73 kB │ gzip:   0.36 kB
n8n-editor-ui:build: dist/assets/useAzureAdToken-acbwYujW.js                                 0.76 kB │ gzip:   0.34 kB
n8n-editor-ui:build: dist/assets/useIntersectionObserver-pmZaCS_P.js                         0.77 kB │ gzip:   0.36 kB
n8n-editor-ui:build: dist/assets/utils-htU6E3hR.js                                           0.81 kB │ gzip:   0.45 kB
n8n-editor-ui:build: dist/assets/pickBy-BHB7Fe_3.js                                          0.84 kB │ gzip:   0.40 kB
n8n-editor-ui:build: dist/assets/EnterpriseEdition.ee-CNuxyXEA.js                            0.86 kB │ gzip:   0.47 kB
n8n-editor-ui:build: dist/assets/useExecutionData-DtKy1XYt.js                                0.89 kB │ gzip:   0.40 kB
n8n-editor-ui:build: dist/assets/WorkflowActivationErrorMessage-CD9YmRzG.js                  0.90 kB │ gzip:   0.48 kB
n8n-editor-ui:build: dist/assets/PageViewLayout-LHGZDqwo.js                                  0.95 kB │ gzip:   0.46 kB
n8n-editor-ui:build: dist/assets/useMcp-B90vE1OG.js                                          1.07 kB │ gzip:   0.49 kB
n8n-editor-ui:build: dist/assets/SignoutView-BA-3sUEc.js                                     1.18 kB │ gzip:   0.63 kB
n8n-editor-ui:build: dist/assets/userRoleProvisioning.store-Dkn6hGpg.js                      1.26 kB │ gzip:   0.45 kB
n8n-editor-ui:build: dist/assets/useBeforeUnload-DiKUBkFL.js                                 1.35 kB │ gzip:   0.58 kB
n8n-editor-ui:build: dist/assets/constants-H2Ya0mMA.js                                       1.35 kB │ gzip:   0.59 kB
n8n-editor-ui:build: dist/assets/VirtualSchema-DKx0kVtP.js                                   1.36 kB │ gzip:   0.64 kB
n8n-editor-ui:build: dist/assets/RunDataHtml-F8bZPp8k.js                                     1.43 kB │ gzip:   0.68 kB
n8n-editor-ui:build: dist/assets/useChatHubSidebarState-DOGKaWT6.js                          1.45 kB │ gzip:   0.63 kB
n8n-editor-ui:build: dist/assets/EmptySharedSectionActionBox-C6dNtrGx.js                     1.49 kB │ gzip:   0.74 kB
n8n-editor-ui:build: dist/assets/useClipboard-DTODWlsT.js                                    1.51 kB │ gzip:   0.69 kB
n8n-editor-ui:build: dist/assets/useTelemetryContext-Bbtbs2G_.js                             1.60 kB │ gzip:   0.71 kB
n8n-editor-ui:build: dist/assets/AnimatedSpinner-eNMPWtda.js                                 1.70 kB │ gzip:   0.62 kB
n8n-editor-ui:build: dist/assets/PushConnectionTracker-DqMxTdjG.js                           1.80 kB │ gzip:   0.82 kB
n8n-editor-ui:build: dist/assets/InsightsChartFailed-S4U9UyD_.js                             1.80 kB │ gzip:   0.86 kB
n8n-editor-ui:build: dist/assets/LogsPanel-_zhTLszk.js                                       1.85 kB │ gzip:   0.85 kB
n8n-editor-ui:build: dist/assets/CollectionParameter-BGpfAIs8.js                             1.90 kB │ gzip:   0.86 kB
n8n-editor-ui:build: dist/assets/InsightsChartTotal-BSzf-xcO.js                              1.93 kB │ gzip:   0.87 kB
n8n-editor-ui:build: dist/assets/KeyboardShortcutTooltip-vPrISrsA.js                         1.93 kB │ gzip:   0.78 kB
n8n-editor-ui:build: dist/assets/apiKeys.store-DW1cxR59.js                                   1.95 kB │ gzip:   0.69 kB
n8n-editor-ui:build: dist/assets/dateFormatter-B7p1A1-O.js                                   1.98 kB │ gzip:   0.68 kB
n8n-editor-ui:build: dist/assets/insights.constants-BicAb3dA.js                              2.00 kB │ gzip:   0.72 kB
n8n-editor-ui:build: dist/assets/chunk-r2Y0G7H8.js                                           2.02 kB │ gzip:   0.89 kB
n8n-editor-ui:build: dist/assets/InsightsChartFailureRate-D4YCT-3K.js                        2.04 kB │ gzip:   0.94 kB
n8n-editor-ui:build: dist/assets/SeverityTag-9vp8Iaw2.js                                     2.07 kB │ gzip:   0.88 kB
n8n-editor-ui:build: dist/assets/WorkflowTagsDropdown-Brt6Hjvm.js                            2.11 kB │ gzip:   0.86 kB
n8n-editor-ui:build: dist/assets/preload-helper-D8n1yiy9.js                                  2.13 kB │ gzip:   1.00 kB
n8n-editor-ui:build: dist/assets/templateTransforms-Bv7Su-4x.js                              2.15 kB │ gzip:   0.64 kB
n8n-editor-ui:build: dist/assets/AnnotationTagsDropdown.ee-BdVCMBaV.js                       2.17 kB │ gzip:   0.88 kB
n8n-editor-ui:build: dist/assets/InsightsChartAverageRuntime-1XXpfs4c.js                     2.24 kB │ gzip:   1.02 kB
n8n-editor-ui:build: dist/assets/usePageRedirectionHelper-DNRMUhdJ.js                        2.29 kB │ gzip:   0.79 kB
n8n-editor-ui:build: dist/assets/InsightsChartTimeSaved-DCGq3sD8.js                          2.29 kB │ gzip:   1.06 kB
n8n-editor-ui:build: dist/assets/roles.store-BhuTf3s6.js                                     2.37 kB │ gzip:   0.80 kB
n8n-editor-ui:build: dist/assets/SamlOnboarding-BVBjrOzJ.js                                  2.39 kB │ gzip:   1.05 kB
n8n-editor-ui:build: dist/assets/DemoFooter-DrPxxcQ6.js                                      2.42 kB │ gzip:   1.13 kB
n8n-editor-ui:build: dist/assets/WorkflowOnboardingView-SLHWSvrQ.js                          2.43 kB │ gzip:   0.96 kB
n8n-editor-ui:build: dist/assets/nodeTransforms-iy95aLWo.js                                  2.46 kB │ gzip:   0.78 kB
n8n-editor-ui:build: dist/assets/ProjectIcon-wWFqKiMV.js                                     2.51 kB │ gzip:   1.01 kB
n8n-editor-ui:build: dist/assets/SelectedItemsInfo-BaBK8Dvh.js                               2.56 kB │ gzip:   0.94 kB
n8n-editor-ui:build: dist/assets/InsightsPaywall-BMRGG376.js                                 2.71 kB │ gzip:   1.05 kB
n8n-editor-ui:build: dist/assets/ErrorView-iBLVeK0g.js                                       2.75 kB │ gzip:   1.09 kB
n8n-editor-ui:build: dist/assets/useKeybindings-3O_oIGAq.js                                  2.83 kB │ gzip:   1.14 kB
n8n-editor-ui:build: dist/assets/EntityUnAuthorised-DBuZACKM.js                              2.85 kB │ gzip:   1.19 kB
n8n-editor-ui:build: dist/assets/TemplatesView-wJ2Gx4BI.js                                   2.98 kB │ gzip:   0.98 kB
n8n-editor-ui:build: dist/assets/SetupWorkflowCredentialsButton-jM51Wsul.js                  2.99 kB │ gzip:   1.21 kB
n8n-editor-ui:build: dist/assets/templateActions-By_wdf6l.js                                 3.03 kB │ gzip:   1.02 kB
n8n-editor-ui:build: dist/assets/insights.store-DVYMNLuI.js                                  3.03 kB │ gzip:   0.90 kB
n8n-editor-ui:build: dist/assets/TextWithHighlights-Bq1Ml3vu.js                              3.03 kB │ gzip:   1.11 kB
n8n-editor-ui:build: dist/assets/ChatAgentAvatar-C8GG0j-o.js                                 3.04 kB │ gzip:   1.15 kB
n8n-editor-ui:build: dist/assets/NodeIcon-BlFNfaCc.js                                        3.04 kB │ gzip:   1.05 kB
n8n-editor-ui:build: dist/assets/EntityNotFound-D3G20886.js                                  3.06 kB │ gzip:   1.10 kB
n8n-editor-ui:build: dist/assets/CopyInput-DgsrI_Jw.js                                       3.17 kB │ gzip:   1.21 kB
n8n-editor-ui:build: dist/assets/SaveButton-GIx_ucXs.js                                      3.22 kB │ gzip:   1.13 kB
n8n-editor-ui:build: dist/assets/CredentialIcon-COoSxkim.js                                  3.23 kB │ gzip:   1.14 kB
n8n-editor-ui:build: dist/assets/ForgotMyPasswordView-BmsSGzQB.js                            3.24 kB │ gzip:   1.30 kB
n8n-editor-ui:build: dist/assets/useExecutionHelpers-CekCwLf9.js                             3.24 kB │ gzip:   1.07 kB
n8n-editor-ui:build: dist/assets/DataTableActions-CD0L8iZz.js                                3.58 kB │ gzip:   1.23 kB
n8n-editor-ui:build: dist/assets/ProjectBreadcrumb-BNxYsnEf.js                               3.70 kB │ gzip:   1.30 kB
n8n-editor-ui:build: dist/assets/FileSaver.min-BU0W1sXv.js                                   3.74 kB │ gzip:   1.54 kB
n8n-editor-ui:build: dist/assets/schemaPreview.store-CpiZELk3.js                             3.76 kB │ gzip:   1.45 kB
n8n-editor-ui:build: dist/assets/_initCloneObject-CALsS4nI.js                                3.77 kB │ gzip:   1.17 kB
n8n-editor-ui:build: dist/assets/mcp.store-6kfMFKJa.js                                       3.79 kB │ gzip:   1.14 kB
n8n-editor-ui:build: dist/assets/npsSurvey.store-CWxwb3Tf.js                                 3.88 kB │ gzip:   1.10 kB
n8n-editor-ui:build: dist/assets/insights.utils-BQbnLaCJ.js                                  4.12 kB │ gzip:   1.30 kB
n8n-editor-ui:build: dist/assets/usage.store-C3yV9WZY.js                                     4.12 kB │ gzip:   1.25 kB
n8n-editor-ui:build: dist/assets/externalSecrets.ee.store-D6sECs5X.js                        4.24 kB │ gzip:   1.28 kB
n8n-editor-ui:build: dist/assets/nodeIcon-BzcTfEqI.js                                        4.24 kB │ gzip:   1.28 kB
n8n-editor-ui:build: dist/assets/SignupView-JH9S-HIC.js                                      4.26 kB │ gzip:   1.54 kB
n8n-editor-ui:build: dist/assets/chartjs.utils-CkMoLqpa.js                                   4.29 kB │ gzip:   1.05 kB
n8n-editor-ui:build: dist/assets/SetupView-BNHWCqkf.js                                       4.29 kB │ gzip:   1.54 kB
n8n-editor-ui:build: dist/assets/TimeAgo-uQzpWYSV.js                                         4.30 kB │ gzip:   1.63 kB
n8n-editor-ui:build: dist/assets/col-BHLbpOEw.js                                             4.36 kB │ gzip:   1.36 kB
n8n-editor-ui:build: dist/assets/chatPanel.store-B4PiNQOt.js                                 4.39 kB │ gzip:   1.30 kB
n8n-editor-ui:build: dist/assets/Draggable-RCkrNB0Z.js                                       4.53 kB │ gzip:   1.52 kB
n8n-editor-ui:build: dist/assets/ChangePasswordView-BMOb9W36.js                              4.72 kB │ gzip:   1.65 kB
n8n-editor-ui:build: dist/assets/useRecentResources-B3XTAhE1.js                              4.72 kB │ gzip:   1.54 kB
n8n-editor-ui:build: dist/assets/useSettingsItems-DO1OJiEW.js                                4.74 kB │ gzip:   1.23 kB
n8n-editor-ui:build: dist/assets/WorkflowExecutionsLandingPage-CzGt_Jon.js                   4.75 kB │ gzip:   1.62 kB
n8n-editor-ui:build: dist/assets/TemplateCard-Cq8YABUN.js                                    4.79 kB │ gzip:   1.79 kB
n8n-editor-ui:build: dist/assets/ModelByIdSelectorModal-BLVw5V9s.js                          4.84 kB │ gzip:   1.69 kB
n8n-editor-ui:build: dist/assets/useExecutionDebugging-Dci8cBFx.js                           4.85 kB │ gzip:   1.73 kB
n8n-editor-ui:build: dist/assets/en-Cbb_Yvyz.js                                              4.88 kB │ gzip:   1.76 kB
n8n-editor-ui:build: dist/assets/ChatFile-zJPXN_Gc.js                                        4.95 kB │ gzip:   1.50 kB
n8n-editor-ui:build: dist/assets/dist-D4CbyW_c.js                                            5.08 kB │ gzip:   1.69 kB
n8n-editor-ui:build: dist/assets/SettingsView-DO_wu0UQ.js                                    5.12 kB │ gzip:   1.69 kB
n8n-editor-ui:build: dist/assets/AuthView-D10D7pe6.js                                        5.21 kB │ gzip:   1.65 kB
n8n-editor-ui:build: dist/assets/dateformat-BPRsPKQE.js                                      5.30 kB │ gzip:   1.99 kB
n8n-editor-ui:build: dist/assets/useWorkflowsCache-DuRG2kgk.js                               5.30 kB │ gzip:   1.44 kB
n8n-editor-ui:build: dist/assets/RunDataSearch-CTAMzG_M.js                                   5.51 kB │ gzip:   2.00 kB
n8n-editor-ui:build: dist/assets/useDebounce-DK5ZUA7z.js                                     5.60 kB │ gzip:   1.76 kB
n8n-editor-ui:build: dist/assets/overlay-Dr71Q9cm.js                                         5.73 kB │ gzip:   1.96 kB
n8n-editor-ui:build: dist/assets/ChatSidebarOpener-BvHEteiy.js                               6.02 kB │ gzip:   2.25 kB
n8n-editor-ui:build: dist/assets/CredentialSelectorModal-BGDP6Isx.js                         6.14 kB │ gzip:   1.86 kB
n8n-editor-ui:build: dist/assets/TemplateDetails-rbaiegWR.js                                 6.63 kB │ gzip:   1.82 kB
n8n-editor-ui:build: dist/assets/cloudPlan.store-BFqxfuEO.js                                 6.74 kB │ gzip:   2.12 kB
n8n-editor-ui:build: dist/assets/logStreaming.store-B2qMqb75.js                              6.75 kB │ gzip:   1.74 kB
n8n-editor-ui:build: dist/assets/ResourceFiltersDropdown-BOKRO4i_.js                         6.76 kB │ gzip:   2.14 kB
n8n-editor-ui:build: dist/assets/PrebuiltAgentTemplatesView-Bifwo2GL.js                      7.10 kB │ gzip:   1.83 kB
n8n-editor-ui:build: dist/assets/Modal-DXpWiViF.js                                           7.14 kB │ gzip:   2.27 kB
n8n-editor-ui:build: dist/assets/WorkflowPreview-DEO4a-WF.js                                 7.21 kB │ gzip:   2.11 kB
n8n-editor-ui:build: dist/assets/executions.store-iJifGsHI.js                                7.26 kB │ gzip:   1.87 kB
n8n-editor-ui:build: dist/assets/banners.store-DeUlQ36C.js                                   7.29 kB │ gzip:   2.33 kB
n8n-editor-ui:build: dist/assets/sso.store-DO0obTR1.js                                       7.31 kB │ gzip:   1.70 kB
n8n-editor-ui:build: dist/assets/useWorkflowActivate-BkX-92EY.js                             7.34 kB │ gzip:   1.83 kB
n8n-editor-ui:build: dist/assets/TemplatesWorkflowView-Duw68xET.js                           7.47 kB │ gzip:   2.35 kB
n8n-editor-ui:build: dist/assets/versions.store-v4qW1r-P.js                                  7.53 kB │ gzip:   2.27 kB
n8n-editor-ui:build: dist/assets/RunDataParsedAiContent-3WFzPvWq.js                          7.72 kB │ gzip:   2.52 kB
n8n-editor-ui:build: dist/assets/TemplatesCollectionView-CnwfBgGi.js                         7.88 kB │ gzip:   2.46 kB
n8n-editor-ui:build: dist/assets/usePinnedData-kZ9BgLBC.js                                   8.07 kB │ gzip:   2.38 kB
n8n-editor-ui:build: dist/assets/TagsDropdown-d7ACnJeS.js                                    8.11 kB │ gzip:   2.63 kB
n8n-editor-ui:build: dist/assets/folders.store-DH_lQyhA.js                                   8.41 kB │ gzip:   2.29 kB
n8n-editor-ui:build: dist/assets/focusPanel.store-D4hOLA4V.js                                8.43 kB │ gzip:   2.82 kB
n8n-editor-ui:build: dist/assets/WorkflowExecutionsInfoAccordion-B2QEiGjM.js                 8.67 kB │ gzip:   2.31 kB
n8n-editor-ui:build: dist/assets/dataTable.store-LKlSkF8e.js                                 8.76 kB │ gzip:   2.21 kB
n8n-editor-ui:build: dist/assets/ModalDrawer-BwXUCVm8.js                                     8.95 kB │ gzip:   2.93 kB
n8n-editor-ui:build: dist/assets/ProjectCardBadge-85nGHVZ6.js                                9.07 kB │ gzip:   2.30 kB
n8n-editor-ui:build: dist/assets/RunDataJson-BVkg7da9.js                                     9.09 kB │ gzip:   2.93 kB
n8n-editor-ui:build: dist/assets/radio-BQYC5uwe.js                                           9.43 kB │ gzip:   2.52 kB
n8n-editor-ui:build: dist/assets/InsightsTableWorkflows-DtoGU5VB.js                          9.69 kB │ gzip:   3.01 kB
n8n-editor-ui:build: dist/assets/OAuthConsentView-DjkgF-En.js                                9.89 kB │ gzip:   2.69 kB
n8n-editor-ui:build: dist/assets/useActions-C3q9hsal.js                                      9.91 kB │ gzip:   2.90 kB
n8n-editor-ui:build: dist/assets/ProjectRolesView-CX_hJYoV.js                               10.03 kB │ gzip:   3.01 kB
n8n-editor-ui:build: dist/assets/path-browserify-BlQEUdcG.js                                10.08 kB │ gzip:   2.43 kB
n8n-editor-ui:build: dist/assets/useWorkflowSaving-_yXIbhnL.js                              10.13 kB │ gzip:   2.86 kB
n8n-editor-ui:build: dist/assets/InsightsSummary-rR8kBzWU.js                                10.59 kB │ gzip:   3.10 kB
n8n-editor-ui:build: dist/assets/NodeCreation-CEmp2dOP.js                                   10.99 kB │ gzip:   3.46 kB
n8n-editor-ui:build: dist/assets/SettingsExternalSecrets-CEf_bfH1.js                        11.15 kB │ gzip:   3.10 kB
n8n-editor-ui:build: dist/assets/evaluation.constants-iGJYdpgB.js                           11.39 kB │ gzip:   3.72 kB
n8n-editor-ui:build: dist/assets/SetupTemplateFormStep-q8xO5_4j.js                          11.58 kB │ gzip:   3.20 kB
n8n-editor-ui:build: dist/assets/CommunityNodeUpdateInfo-CtV18v9K.js                        11.84 kB │ gzip:   3.26 kB
n8n-editor-ui:build: dist/assets/ProjectSharing-CNIIJ9bh.js                                 11.84 kB │ gzip:   3.16 kB
n8n-editor-ui:build: dist/assets/personalizedTemplatesV3.store-pDxJPy9N.js                  11.89 kB │ gzip:   3.12 kB
n8n-editor-ui:build: dist/assets/SetupWorkflowFromTemplateView-DGSQSTs9.js                  12.12 kB │ gzip:   3.41 kB
n8n-editor-ui:build: dist/assets/SettingsChatHubView-DYL6Ty3n.js                            12.13 kB │ gzip:   3.35 kB
n8n-editor-ui:build: dist/assets/DataTableView-DJUtGR-K.js                                  12.25 kB │ gzip:   3.49 kB
n8n-editor-ui:build: dist/assets/MigrationRuleDetail-WC0knoXR.js                            12.50 kB │ gzip:   3.71 kB
n8n-editor-ui:build: dist/assets/TemplateList-Bj_NoYir.js                                   12.82 kB │ gzip:   3.10 kB
n8n-editor-ui:build: dist/assets/CredentialPicker-0m6m0W8X.js                               13.16 kB │ gzip:   3.38 kB
n8n-editor-ui:build: dist/assets/ProviderSettingsModal-CTjW-b3A.js                          13.40 kB │ gzip:   3.25 kB
n8n-editor-ui:build: dist/assets/AgentEditorModal-CLx7ljhA.js                               13.59 kB │ gzip:   3.40 kB
n8n-editor-ui:build: dist/assets/dialog-CslGdrFp.js                                         13.67 kB │ gzip:   4.07 kB
n8n-editor-ui:build: dist/assets/SettingsApiView-DDcJbmSh.js                                13.97 kB │ gzip:   3.88 kB
n8n-editor-ui:build: dist/assets/SigninView-BiGuTZ1z.js                                     14.11 kB │ gzip:   4.05 kB
n8n-editor-ui:build: dist/assets/ChatAgentsView-BNgpSxct.js                                 14.19 kB │ gzip:   3.62 kB
n8n-editor-ui:build: dist/assets/MigrationRules-BZIgFUJE.js                                 14.25 kB │ gzip:   3.12 kB
n8n-editor-ui:build: dist/assets/ToolsSelectorModal-BV1tfwhD.js                             14.46 kB │ gzip:   3.83 kB
n8n-editor-ui:build: dist/assets/FixedCollectionParameter-lwTx8nCb.js                       15.03 kB │ gzip:   4.16 kB
n8n-editor-ui:build: dist/assets/WorkflowActivator-7orFJySf.js                              16.31 kB │ gzip:   4.41 kB
n8n-editor-ui:build: dist/assets/SettingsPersonalView-BdM2tl3u.js                           16.71 kB │ gzip:   4.03 kB
n8n-editor-ui:build: dist/assets/ExternalSecretsProviderConnectionSwitch.ee-BJV2jdtJ.js     16.98 kB │ gzip:   8.25 kB
n8n-editor-ui:build: dist/assets/SettingsCommunityNodesView-CEqJKOc0.js                     17.01 kB │ gzip:   4.30 kB
n8n-editor-ui:build: dist/assets/ProjectRoleView-cSr0e7XO.js                                17.10 kB │ gzip:   4.15 kB
n8n-editor-ui:build: dist/assets/useCustomAgent-aAoElk2I.js                                 17.21 kB │ gzip:   4.95 kB
n8n-editor-ui:build: dist/assets/SettingsLogStreamingView-CIGrp-id.js                       17.42 kB │ gzip:   4.51 kB
n8n-editor-ui:build: dist/assets/TestRunDetailView-AQrkY2PL.js                              18.05 kB │ gzip:   4.49 kB
n8n-editor-ui:build: dist/assets/SettingsUsageAndPlan-CLzK03-j.js                           18.33 kB │ gzip:   4.46 kB
n8n-editor-ui:build: dist/assets/EvaluationsView-DRw_VXWB.js                                18.56 kB │ gzip:   4.90 kB
n8n-editor-ui:build: dist/assets/aiTemplatesStarterCollection.store-Didb7t2B.js             19.72 kB │ gzip:   5.09 kB
n8n-editor-ui:build: dist/assets/readyToRun.store-DWXcQwLS.js                               20.03 kB │ gzip:   5.00 kB
n8n-editor-ui:build: dist/assets/ProjectVariables-TSUxYLdR.js                               20.61 kB │ gzip:   5.55 kB
n8n-editor-ui:build: dist/assets/assistant.store-CU-v7m2C.js                                20.66 kB │ gzip:   5.08 kB
n8n-editor-ui:build: dist/assets/CredentialsView-BQ8mVi3E.js                                21.16 kB │ gzip:   5.83 kB
n8n-editor-ui:build: dist/assets/InsightsDashboard-DF6_yQl_.js                              22.36 kB │ gzip:   5.97 kB
n8n-editor-ui:build: dist/assets/ChatSidebar-B_VVBdpM.js                                    22.43 kB │ gzip:   5.78 kB
n8n-editor-ui:build: dist/assets/useMessage-B_qP12o3.js                                     22.52 kB │ gzip:   5.89 kB
n8n-editor-ui:build: dist/assets/ExecutionsTime-C0EavR24.js                                 23.04 kB │ gzip:   4.70 kB
n8n-editor-ui:build: dist/assets/usePushConnection-Bzqfs3PA.js                              23.35 kB │ gzip:   5.51 kB
n8n-editor-ui:build: dist/assets/EvaluationsRootView-CeXdvuZB.js                            23.90 kB │ gzip:   5.03 kB
n8n-editor-ui:build: dist/assets/empty-Gru612Th.js                                          24.23 kB │ gzip:   5.61 kB
n8n-editor-ui:build: dist/assets/buttons.esm-C_hIULK9.js                                    24.52 kB │ gzip:   7.46 kB
n8n-editor-ui:build: dist/assets/ProjectHeader-DY8LLWWh.js                                  24.57 kB │ gzip:   5.69 kB
n8n-editor-ui:build: dist/assets/SettingsSourceControl-CROoZASQ.js                          24.82 kB │ gzip:   4.87 kB
n8n-editor-ui:build: dist/assets/ResourcesListLayout-CImz_KKd.js                            26.98 kB │ gzip:   6.70 kB
n8n-editor-ui:build: dist/assets/merge-BiYOiHue.js                                          27.11 kB │ gzip:   5.68 kB
n8n-editor-ui:build: dist/assets/RunDataTable-BC-WhnZg.js                                   27.27 kB │ gzip:   6.64 kB
n8n-editor-ui:build: dist/assets/WorkerView-CNvyJlrB.js                                     27.52 kB │ gzip:   6.13 kB
n8n-editor-ui:build: dist/assets/WorkflowExecutionsPreview-CAOBzEye.js                      28.06 kB │ gzip:   6.03 kB
n8n-editor-ui:build: dist/assets/chat.store-DlxBUhzz.js                                     30.98 kB │ gzip:   6.82 kB
n8n-editor-ui:build: dist/assets/SettingsUsersView-SbOyYbHd.js                              33.48 kB │ gzip:   7.43 kB
n8n-editor-ui:build: dist/assets/WorkflowExecutionsView-D6Sa5s0w.js                         34.05 kB │ gzip:   7.89 kB
n8n-editor-ui:build: dist/assets/ExecutionsView-OzhqCVw5.js                                 36.15 kB │ gzip:   7.90 kB
n8n-editor-ui:build: dist/assets/useRunWorkflow-hbT1_3Ir.js                                 36.69 kB │ gzip:   9.50 kB
n8n-editor-ui:build: dist/assets/xml-DT-_vMZu.js                                            37.19 kB │ gzip:   7.70 kB
n8n-editor-ui:build: dist/assets/useLogsTreeExpand-C1LZNHx2.js                              37.50 kB │ gzip:   9.56 kB
n8n-editor-ui:build: dist/assets/ItemsRenderer-Cn48j-jw.js                                  37.81 kB │ gzip:   8.07 kB
n8n-editor-ui:build: dist/assets/vue-json-pretty-C1ghn3gA.js                                38.13 kB │ gzip:  10.64 kB
n8n-editor-ui:build: dist/assets/core-CajlxMos.js                                           38.16 kB │ gzip:  10.82 kB
n8n-editor-ui:build: dist/assets/CalendarDate-B_KL0WkH.js                                   38.64 kB │ gzip:   8.11 kB
n8n-editor-ui:build: dist/assets/WorkflowHistory-BQ8QkocQ.js                                38.91 kB │ gzip:   8.40 kB
n8n-editor-ui:build: dist/assets/ProjectSettings-C0v_CQxP.js                                39.03 kB │ gzip:   8.23 kB
n8n-editor-ui:build: dist/assets/NodeDetailsViewV2-DLedma4u.js                              39.48 kB │ gzip:   9.86 kB
n8n-editor-ui:build: dist/assets/templates.store-CPucPT0t.js                                39.88 kB │ gzip:  13.21 kB
n8n-editor-ui:build: dist/assets/readyToRunWorkflows.store-DUPZuczP.js                      40.34 kB │ gzip:  10.29 kB
n8n-editor-ui:build: dist/assets/NodeDetailsView-CifBN1H1.js                                44.02 kB │ gzip:  10.37 kB
n8n-editor-ui:build: dist/assets/TemplatesSearchView-bIjGHqGq.js                            44.31 kB │ gzip:  10.44 kB
n8n-editor-ui:build: dist/assets/SettingsMCPView-B7MeyB1C.js                                47.96 kB │ gzip:   9.34 kB
n8n-editor-ui:build: dist/assets/SettingsSso-BAYuJmsS.js                                    50.63 kB │ gzip:   9.75 kB
n8n-editor-ui:build: dist/assets/semver-DwRGqsPw.js                                         51.18 kB │ gzip:  11.19 kB
n8n-editor-ui:build: dist/assets/MainSidebar-C9FM0aHW.js                                    51.94 kB │ gzip:  11.17 kB
n8n-editor-ui:build: dist/assets/core-C_LJckWT.js                                           54.96 kB │ gzip:  13.72 kB
n8n-editor-ui:build: dist/assets/TriggerPanel-BAA77Ntu.js                                   56.96 kB │ gzip:  12.31 kB
n8n-editor-ui:build: dist/assets/SettingsLdapView-CPpy4Siv.js                               60.50 kB │ gzip:  14.34 kB
n8n-editor-ui:build: dist/assets/ChatView-Bkbw-Sn8.js                                       60.56 kB │ gzip:  13.43 kB
n8n-editor-ui:build: dist/assets/exports-DYhtCs5q.js                                        61.33 kB │ gzip:  15.85 kB
n8n-editor-ui:build: dist/assets/AddDataTableModal-pDx5MagI.js                              61.54 kB │ gzip:  14.49 kB
n8n-editor-ui:build: dist/assets/NodeCreator-CODF9qm8.js                                    63.32 kB │ gzip:  14.20 kB
n8n-editor-ui:build: dist/assets/useCanvasOperations-DLgNrOxu.js                            71.30 kB │ gzip:  16.02 kB
n8n-editor-ui:build: dist/assets/useCommandBar-BtYgB04i.js                                  76.94 kB │ gzip:  15.07 kB
n8n-editor-ui:build: dist/assets/NodeSettings-BJ-ts3Q4.js                                   82.24 kB │ gzip:  17.84 kB
n8n-editor-ui:build: dist/assets/MainHeader-BRTQGEwx.js                                     83.27 kB │ gzip:  18.57 kB
n8n-editor-ui:build: dist/assets/VirtualSchema-CwbbdRmc.js                                  85.27 kB │ gzip:  22.49 kB
n8n-editor-ui:build: dist/assets/LogsPanel-BJ02P693.js                                      97.22 kB │ gzip:  22.13 kB
n8n-editor-ui:build: dist/assets/_baseOrderBy-Cj58HoCw.js                                  104.56 kB │ gzip:  29.62 kB
n8n-editor-ui:build: dist/assets/NodeView-BkAgpLpr.js                                      104.99 kB │ gzip:  23.92 kB
n8n-editor-ui:build: dist/assets/router-SNL1k_wk.js                                        116.98 kB │ gzip:  26.57 kB
n8n-editor-ui:build: dist/assets/nodeCreator.store-Ch_u7tbJ.js                             124.04 kB │ gzip:  23.98 kB
n8n-editor-ui:build: dist/assets/table-DcDsgvlp.js                                         134.51 kB │ gzip:  32.90 kB
n8n-editor-ui:build: dist/assets/WorkflowsView-BS997z6Z.js                                 136.40 kB │ gzip:  25.38 kB
n8n-editor-ui:build: dist/assets/vue-CHrsf0jF.js                                           155.56 kB │ gzip:  38.84 kB
n8n-editor-ui:build: dist/assets/date-picker-Z3yuJ8Hr.js                                   157.82 kB │ gzip:  32.43 kB
n8n-editor-ui:build: dist/assets/VueMarkdown-B9TalI-B.js                                   162.99 kB │ gzip:  53.47 kB
n8n-editor-ui:build: dist/assets/truncate-DnvbmFuP.js                                      164.57 kB │ gzip:  41.22 kB
n8n-editor-ui:build: dist/assets/RunDataJsonActions-monJzYPt.js                            178.65 kB │ gzip:  38.08 kB
n8n-editor-ui:build: dist/assets/vue.runtime.esm-bundler-CO6uGScn.js                       279.76 kB │ gzip:  70.22 kB
n8n-editor-ui:build: dist/assets/languageModules-DhK2J66K.js                               297.51 kB │ gzip:  83.29 kB
n8n-editor-ui:build: dist/assets/useImportCurlCommand-CADA7tsK.js                          314.01 kB │ gzip:  63.48 kB
n8n-editor-ui:build: dist/assets/chart-GT3xUCGm.js                                         353.74 kB │ gzip:  87.03 kB
n8n-editor-ui:build: dist/assets/sanitize-html-CFYDV4T-.js                                 370.67 kB │ gzip:  95.48 kB
n8n-editor-ui:build: dist/assets/useCanvasMapping-BSO9fLwd.js                              452.52 kB │ gzip: 102.87 kB
n8n-editor-ui:build: dist/assets/_MapCache-CiwAssfp.js                                     470.61 kB │ gzip: 105.03 kB
n8n-editor-ui:build: dist/assets/NDVEmptyState-C4bwwC28.js                                 743.11 kB │ gzip: 186.33 kB
n8n-editor-ui:build: dist/assets/builder.store-BtGd-9W5.js                                 960.68 kB │ gzip: 224.84 kB
n8n-editor-ui:build: dist/assets/isEmpty-BB4OpyI8.js                                     1,066.19 kB │ gzip: 266.55 kB
n8n-editor-ui:build: dist/assets/index-Cu1byYIU.js                                       1,077.20 kB │ gzip: 225.60 kB
n8n-editor-ui:build: dist/assets/es-DjjaMyBN.js                                          1,190.50 kB │ gzip: 324.96 kB
n8n-editor-ui:build: dist/assets/ParameterInputList-JT-fW3eD.js                          1,418.55 kB │ gzip: 353.07 kB
n8n-editor-ui:build: dist/assets/DataTableDetailsView-CIW3VSWF.js                        1,625.79 kB │ gzip: 363.51 kB
n8n-editor-ui:build: dist/assets/src-CmnRXzNE.js                                         1,807.25 kB │ gzip: 392.65 kB
n8n-editor-ui:build: dist/assets/constants-BBVaFWrc.js                                   2,849.50 kB │ gzip: 550.47 kB
n8n-editor-ui:build: [33m[EVAL] Warning:[0m Use of direct `eval` function is strongly discouraged as it poses security risks and may cause issues with minification.
n8n-editor-ui:build:       [38;5;246m╭[0m[38;5;246m─[0m[38;5;246m[[0m ../../../node_modules/.pnpm/web-tree-sitter@0.24.3/node_modules/web-tree-sitter/tree-sitter.js:1195:37 [38;5;246m][0m
n8n-editor-ui:build:       [38;5;246m│[0m
n8n-editor-ui:build:  [38;5;246m1195 │[0m [38;5;249m [0m[38;5;249m [0m[38;5;249m [0m[38;5;249m [0m[38;5;249m [0m[38;5;249m [0m[38;5;249m [0m[38;5;249m [0m[38;5;249m [0m[38;5;249m [0m[38;5;249m [0m[38;5;249m [0m[38;5;249m [0m[38;5;249m [0m[38;5;249m [0m[38;5;249m [0m[38;5;249mA[0m[38;5;249mS[0m[38;5;249mM[0m[38;5;249m_[0m[38;5;249mC[0m[38;5;249mO[0m[38;5;249mN[0m[38;5;249mS[0m[38;5;249mT[0m[38;5;249mS[0m[38;5;249m[[0m[38;5;249ms[0m[38;5;249mt[0m[38;5;249ma[0m[38;5;249mr[0m[38;5;249mt[0m[38;5;249m][0m[38;5;249m [0m[38;5;249m=[0m[38;5;249m [0meval[38;5;249m([0m[38;5;249mf[0m[38;5;249mu[0m[38;5;249mn[0m[38;5;249mc[0m[38;5;249m)[0m[38;5;249m;[0m
n8n-editor-ui:build:  [38;5;240m     │[0m                                     ──┬─  
n8n-editor-ui:build:  [38;5;240m     │[0m                                       ╰─── Use of direct `eval` here.
n8n-editor-ui:build:  [38;5;240m     │[0m 
n8n-editor-ui:build:  [38;5;240m     │[0m [38;5;115mHelp[0m: Consider using indirect eval. For more information, check the documentation: https://rolldown.rs/guide/troubleshooting#avoiding-direct-eval
n8n-editor-ui:build: [38;5;246m──────╯[0m
n8n-editor-ui:build: 
n8n-editor-ui:build: [33m[EVAL] Warning:[0m Use of direct `eval` function is strongly discouraged as it poses security risks and may cause issues with minification.
n8n-editor-ui:build:       [38;5;246m╭[0m[38;5;246m─[0m[38;5;246m[[0m ../../../node_modules/.pnpm/web-tree-sitter@0.24.3/node_modules/web-tree-sitter/tree-sitter.js:1221:39 [38;5;246m][0m
n8n-editor-ui:build:       [38;5;246m│[0m
n8n-editor-ui:build:  [38;5;246m1221 │[0m [38;5;249m [0m[38;5;249m [0m[38;5;249m [0m[38;5;249m [0m[38;5;249m [0m[38;5;249m [0m[38;5;249m [0m[38;5;249m [0m[38;5;249m [0m[38;5;249m [0m[38;5;249m [0m[38;5;249m [0m[38;5;249m [0m[38;5;249m [0m[38;5;249m [0m[38;5;249m [0m[38;5;249mm[0m[38;5;249mo[0m[38;5;249md[0m[38;5;249mu[0m[38;5;249ml[0m[38;5;249me[0m[38;5;249mE[0m[38;5;249mx[0m[38;5;249mp[0m[38;5;249mo[0m[38;5;249mr[0m[38;5;249mt[0m[38;5;249ms[0m[38;5;249m[[0m[38;5;249mn[0m[38;5;249ma[0m[38;5;249mm[0m[38;5;249me[0m[38;5;249m][0m[38;5;249m [0m[38;5;249m=[0m[38;5;249m [0meval[38;5;249m([0m[38;5;249mf[0m[38;5;249mu[0m[38;5;249mn[0m[38;5;249mc[0m[38;5;249m)[0m[38;5;249m;[0m
n8n-editor-ui:build:  [38;5;240m     │[0m                                       ──┬─  
n8n-editor-ui:build:  [38;5;240m     │[0m                                         ╰─── Use of direct `eval` here.
n8n-editor-ui:build:  [38;5;240m     │[0m 
n8n-editor-ui:build:  [38;5;240m     │[0m [38;5;115mHelp[0m: Consider using indirect eval. For more information, check the documentation: https://rolldown.rs/guide/troubleshooting#avoiding-direct-eval
n8n-editor-ui:build: [38;5;246m──────╯[0m
n8n-editor-ui:build: 
n8n-editor-ui:build: [33m[IMPORT_IS_UNDEFINED] Warning:[0m Import `currentInstance` will always be undefined because there is no matching export in '../../../node_modules/.pnpm/vue@3.5.25_typescript@5.9.2/node_modules/vue/dist/vue.runtime.esm-bundler.js'
n8n-editor-ui:build:      [38;5;246m╭[0m[38;5;246m─[0m[38;5;246m[[0m ../../../node_modules/.pnpm/vue-i18n@11.2.2_vue@3.5.25_typescript@5.9.2_/node_modules/vue-i18n/dist/vue-i18n.mjs:283:16 [38;5;246m][0m
n8n-editor-ui:build:      [38;5;246m│[0m
n8n-editor-ui:build:  [38;5;246m283 │[0m [38;5;249m [0m[38;5;249m [0m[38;5;249m [0m[38;5;249m [0m[38;5;249m [0m[38;5;249m [0m[38;5;249m [0m[38;5;249m [0m[38;5;249mr[0m[38;5;249me[0m[38;5;249mt[0m[38;5;249mu[0m[38;5;249mr[0m[38;5;249mn[0m[38;5;249m [0mVue[name][38;5;249m;[0m
n8n-editor-ui:build:  [38;5;240m    │[0m                ────┬────  
n8n-editor-ui:build:  [38;5;240m    │[0m                    ╰────── 
n8n-editor-ui:build: [38;5;246m─────╯[0m
n8n-editor-ui:build: 
n8n-editor-ui:build: ✓ built in 1m 22s
n8n-nodes-base:build: cache hit, replaying logs 4dca7ab718604fd9
n8n-nodes-base:build: 
n8n-nodes-base:build: > n8n-nodes-base@2.0.0 build /Users/joaolucashilgert/Development/Docker/n8n8/packages/nodes-base
n8n-nodes-base:build: > tsc --build tsconfig.build.cjs.json && pnpm copy-nodes-json && tsc-alias -p tsconfig.build.cjs.json && pnpm n8n-copy-static-files && pnpm n8n-generate-translations && pnpm n8n-generate-metadata
n8n-nodes-base:build: 
n8n-nodes-base:build: 
n8n-nodes-base:build: > n8n-nodes-base@2.0.0 copy-nodes-json /Users/joaolucashilgert/Development/Docker/n8n8/packages/nodes-base
n8n-nodes-base:build: > node scripts/copy-nodes-json.js .
n8n-nodes-base:build: 
n8n-nodes-base:build: Default locale set to: [35men[0m
n8n-nodes-base:build: No translation required - Skipping translations build...
@n8n/n8n-nodes-langchain:build: cache hit, replaying logs 0c9d06049b84d1a1
@n8n/n8n-nodes-langchain:build: 
@n8n/n8n-nodes-langchain:build: > @n8n/n8n-nodes-langchain@2.0.0 build /Users/joaolucashilgert/Development/Docker/n8n8/packages/@n8n/nodes-langchain
@n8n/n8n-nodes-langchain:build: > tsup --tsconfig tsconfig.build.json && pnpm copy-nodes-json && tsc-alias -p tsconfig.build.json && pnpm copy-tokenizer-json && pnpm n8n-copy-static-files && pnpm n8n-generate-metadata
@n8n/n8n-nodes-langchain:build: 
@n8n/n8n-nodes-langchain:build: 
@n8n/n8n-nodes-langchain:build: > @n8n/n8n-nodes-langchain@2.0.0 copy-nodes-json /Users/joaolucashilgert/Development/Docker/n8n8/packages/@n8n/nodes-langchain
@n8n/n8n-nodes-langchain:build: > node ../../nodes-base/scripts/copy-nodes-json.js .
@n8n/n8n-nodes-langchain:build: 
@n8n/n8n-nodes-langchain:build: 
@n8n/n8n-nodes-langchain:build: > @n8n/n8n-nodes-langchain@2.0.0 copy-tokenizer-json /Users/joaolucashilgert/Development/Docker/n8n8/packages/@n8n/nodes-langchain
@n8n/n8n-nodes-langchain:build: > node scripts/copy-tokenizer-json.js .
@n8n/n8n-nodes-langchain:build: 
@n8n/n8n-nodes-langchain:build: Copied: utils/tokenizer/cl100k_base.json -> dist/utils/tokenizer/cl100k_base.json
@n8n/n8n-nodes-langchain:build: Copied: utils/tokenizer/o200k_base.json -> dist/utils/tokenizer/o200k_base.json
n8n:build: cache miss, executing f8663b2bcda91ece
n8n:build: 
n8n:build: > n8n@2.0.0 build /Users/joaolucashilgert/Development/Docker/n8n8/packages/cli
n8n:build: > tsc -p tsconfig.build.json && tsc-alias -p tsconfig.build.json && pnpm run build:data
n8n:build: 
n8n:build: 
n8n:build: > n8n@2.0.0 build:data /Users/joaolucashilgert/Development/Docker/n8n8/packages/cli
n8n:build: > node scripts/build.mjs
n8n:build: 

 Tasks:    39 successful, 39 total
Cached:    38 cached, 39 total
  Time:    44.389s 

