
> n8n-monorepo@2.0.0 build:docker /Users/joaolucashilgert/Development/Docker/n8n8
> node scripts/build-n8n.mjs && node scripts/dockerize-n8n.mjs


===== n8n Build & Production Preparation =====
INFO: Output Directory: /Users/joaolucashilgert/Development/Docker/n8n8/compiled
-----------------------------------------------
INFO: Cleaning previous output directory: /Users/joaolucashilgert/Development/Docker/n8n8/compiled...
INFO: Cleaning previous task runner output directory: /Users/joaolucashilgert/Development/Docker/n8n8/dist/task-runner-javascript...
-----------------------------------------------
INFO: Starting local application pre-build...
INFO: Running pnpm install and build...
$ cd /Users/joaolucashilgert/Development/Docker/n8n8 && pnpm install --frozen-lockfile
$ cd /Users/joaolucashilgert/Development/Docker/n8n8 && pnpm build

> n8n-monorepo@2.0.0 build /Users/joaolucashilgert/Development/Docker/n8n8
> turbo run build

turbo 2.5.4

[2m• Packages in scope: @n8n/ai-workflow-builder, @n8n/api-types, @n8n/backend-common, @n8n/backend-test-utils, @n8n/chat, @n8n/client-oauth2, @n8n/codemirror-lang, @n8n/codemirror-lang-sql, @n8n/composables, @n8n/config, @n8n/constants, @n8n/create-node, @n8n/db, @n8n/decorators, @n8n/design-system, @n8n/di, @n8n/errors, @n8n/eslint-config, @n8n/eslint-plugin-community-nodes, @n8n/extension-sdk, @n8n/i18n, @n8n/imap, @n8n/json-schema-to-zod, @n8n/n8n-benchmark, @n8n/n8n-extension-insights, @n8n/n8n-nodes-langchain, @n8n/node-cli, @n8n/permissions, @n8n/rest-api-client, @n8n/scan-community-package, @n8n/stores, @n8n/storybook, @n8n/stylelint-config, @n8n/task-runner, @n8n/typescript-config, @n8n/utils, @n8n/vitest-config, n8n, n8n-containers, n8n-core, n8n-editor-ui, n8n-node-dev, n8n-nodes-base, n8n-playwright, n8n-workflow[0m
[2m• Running [0m[1m[2mbuild[0m[2m in 45 packages
[0m[2m• Remote caching disabled[0m
[35m@n8n/di:build: [0mcache hit, replaying logs [2m1ed6c095229bc59e[0m
[35m@n8n/di:build: [0m
[35m@n8n/di:build: [0m> @n8n/di@0.10.0 build /Users/joaolucashilgert/Development/Docker/n8n8/packages/@n8n/di
[35m@n8n/di:build: [0m> tsc -p tsconfig.build.json
[35m@n8n/di:build: [0m
[33m@n8n/stylelint-config:build: [0mcache hit, replaying logs [2m28bafe2aeb686d43[0m
[33m@n8n/stylelint-config:build: [0m
[33m@n8n/stylelint-config:build: [0m> @n8n/stylelint-config@0.0.1 build /Users/joaolucashilgert/Development/Docker/n8n8/packages/@n8n/stylelint-config
[33m@n8n/stylelint-config:build: [0m> tsc
[33m@n8n/stylelint-config:build: [0m
[32m@n8n/vitest-config:build: [0mcache hit, replaying logs [2mdf4b355ca9035d08[0m
[32m@n8n/vitest-config:build: [0m
[32m@n8n/vitest-config:build: [0m> @n8n/vitest-config@1.5.0 build /Users/joaolucashilgert/Development/Docker/n8n8/packages/@n8n/vitest-config
[32m@n8n/vitest-config:build: [0m> tsc -p tsconfig.build.json
[32m@n8n/vitest-config:build: [0m
[32m@n8n/errors:build: [0mcache hit, replaying logs [2m06afef9e3e659bad[0m
[32m@n8n/errors:build: [0m
[32m@n8n/errors:build: [0m> @n8n/errors@0.5.0 build /Users/joaolucashilgert/Development/Docker/n8n8/packages/@n8n/errors
[32m@n8n/errors:build: [0m> tsc -p tsconfig.build.json
[32m@n8n/errors:build: [0m
[35m@n8n/client-oauth2:build: [0mcache hit, replaying logs [2me55f87f55c902722[0m
[35m@n8n/client-oauth2:build: [0m
[35m@n8n/client-oauth2:build: [0m> @n8n/client-oauth2@1.0.0-rc.0 build /Users/joaolucashilgert/Development/Docker/n8n8/packages/@n8n/client-oauth2
[35m@n8n/client-oauth2:build: [0m> tsc -p tsconfig.build.json
[35m@n8n/client-oauth2:build: [0m
[35m@n8n/constants:build: [0mcache hit, replaying logs [2m9f356a9f74f25fb3[0m
[35m@n8n/constants:build: [0m
[35m@n8n/constants:build: [0m> @n8n/constants@0.14.0 build /Users/joaolucashilgert/Development/Docker/n8n8/packages/@n8n/constants
[35m@n8n/constants:build: [0m> tsc -p tsconfig.build.json
[35m@n8n/constants:build: [0m
[32m@n8n/codemirror-lang:build: [0mcache hit, replaying logs [2m3f034a2f269646bd[0m
[32m@n8n/codemirror-lang:build: [0m
[32m@n8n/codemirror-lang:build: [0m> @n8n/codemirror-lang@0.3.0 build /Users/joaolucashilgert/Development/Docker/n8n8/packages/@n8n/codemirror-lang
[32m@n8n/codemirror-lang:build: [0m> tsc -p tsconfig.build.json
[32m@n8n/codemirror-lang:build: [0m
[32m@n8n/imap:build: [0mcache hit, replaying logs [2mbc1b13df61ef653e[0m
[32m@n8n/imap:build: [0m
[32m@n8n/imap:build: [0m> @n8n/imap@0.16.0 build /Users/joaolucashilgert/Development/Docker/n8n8/packages/@n8n/imap
[32m@n8n/imap:build: [0m> tsc -p tsconfig.build.json
[32m@n8n/imap:build: [0m
[36m@n8n/extension-sdk:build: [0mcache hit, replaying logs [2m26a8508bca98eaa4[0m
[36m@n8n/extension-sdk:build: [0m
[36m@n8n/extension-sdk:build: [0m> @n8n/extension-sdk@0.9.0 build /Users/joaolucashilgert/Development/Docker/n8n8/packages/@n8n/extension-sdk
[36m@n8n/extension-sdk:build: [0m> pnpm "/^typecheck:.+/" && pnpm clean && tsdown && pnpm create-json-schema
[36m@n8n/extension-sdk:build: [0m
[36m@n8n/extension-sdk:build: [0m
[36m@n8n/extension-sdk:build: [0m> @n8n/extension-sdk@0.9.0 clean /Users/joaolucashilgert/Development/Docker/n8n8/packages/@n8n/extension-sdk
[36m@n8n/extension-sdk:build: [0m> rimraf dist
[36m@n8n/extension-sdk:build: [0m
[36m@n8n/extension-sdk:build: [0m[34mℹ[39m tsdown [2mv0.16.8[22m powered by rolldown [2mv1.0.0-beta.52[22m
[36m@n8n/extension-sdk:build: [0m[34mℹ[39m Using tsdown config: [4m/Users/joaolucashilgert/Development/Docker/n8n8/packages/@n8n/extension-sdk/tsdown.config.ts[24m
[36m@n8n/extension-sdk:build: [0m[34mℹ[39m entry: [34msrc/index.ts, src/schema.ts[39m
[36m@n8n/extension-sdk:build: [0m[34mℹ[39m entry: [34msrc/backend/define.ts, src/backend/index.ts, src/backend/types.ts[39m
[36m@n8n/extension-sdk:build: [0m[34mℹ[39m entry: [34msrc/frontend/define.ts, src/frontend/index.ts, src/frontend/types.ts[39m
[36m@n8n/extension-sdk:build: [0m[34mℹ[39m tsconfig: [34mtsconfig.common.json[39m
[36m@n8n/extension-sdk:build: [0m[34mℹ[39m tsconfig: [34mtsconfig.backend.json[39m
[36m@n8n/extension-sdk:build: [0m[34mℹ[39m tsconfig: [34mtsconfig.frontend.json[39m
[36m@n8n/extension-sdk:build: [0m[34mℹ[39m Build start
[36m@n8n/extension-sdk:build: [0m[34mℹ[39m [33m[CJS][39m [2mdist/[22m[1mindex.cjs[22m        [2m0.12 kB[22m [2m│ gzip: 0.09 kB[22m
[36m@n8n/extension-sdk:build: [0m[34mℹ[39m [33m[CJS][39m [2mdist/[22m[1mschema.cjs[22m       [2m0.12 kB[22m [2m│ gzip: 0.09 kB[22m
[36m@n8n/extension-sdk:build: [0m[34mℹ[39m [33m[CJS][39m [2mdist/[22mschema2.cjs.map  [2m2.62 kB[22m [2m│ gzip: 0.86 kB[22m
[36m@n8n/extension-sdk:build: [0m[34mℹ[39m [33m[CJS][39m [2mdist/[22mschema2.cjs      [2m0.90 kB[22m [2m│ gzip: 0.39 kB[22m
[36m@n8n/extension-sdk:build: [0m[34mℹ[39m [33m[CJS][39m 4 files, total: 3.76 kB
[36m@n8n/extension-sdk:build: [0m[34mℹ[39m [33m[CJS][39m [2mdist/backend/[22m[1mdefine.cjs[22m       [2m0.12 kB[22m [2m│ gzip: 0.09 kB[22m
[36m@n8n/extension-sdk:build: [0m[34mℹ[39m [33m[CJS][39m [2mdist/backend/[22m[1mindex.cjs[22m        [2m0.12 kB[22m [2m│ gzip: 0.09 kB[22m
[36m@n8n/extension-sdk:build: [0m[34mℹ[39m [33m[CJS][39m [2mdist/backend/[22m[1mtypes.cjs[22m        [2m0.00 kB[22m [2m│ gzip: 0.02 kB[22m
[36m@n8n/extension-sdk:build: [0m[34mℹ[39m [33m[CJS][39m [2mdist/backend/[22mdefine2.cjs.map  [2m0.33 kB[22m [2m│ gzip: 0.23 kB[22m
[36m@n8n/extension-sdk:build: [0m[34mℹ[39m [33m[CJS][39m [2mdist/backend/[22mdefine2.cjs      [2m0.29 kB[22m [2m│ gzip: 0.20 kB[22m
[36m@n8n/extension-sdk:build: [0m[34mℹ[39m [33m[CJS][39m 5 files, total: 0.86 kB
[36m@n8n/extension-sdk:build: [0m[34mℹ[39m [33m[CJS][39m [2mdist/frontend/[22m[1mdefine.cjs[22m       [2m0.12 kB[22m [2m│ gzip: 0.09 kB[22m
[36m@n8n/extension-sdk:build: [0m[34mℹ[39m [33m[CJS][39m [2mdist/frontend/[22m[1mindex.cjs[22m        [2m0.12 kB[22m [2m│ gzip: 0.09 kB[22m
[36m@n8n/extension-sdk:build: [0m[34mℹ[39m [33m[CJS][39m [2mdist/frontend/[22m[1mtypes.cjs[22m        [2m0.00 kB[22m [2m│ gzip: 0.02 kB[22m
[36m@n8n/extension-sdk:build: [0m[34mℹ[39m [33m[CJS][39m [2mdist/frontend/[22mdefine2.cjs.map  [2m0.33 kB[22m [2m│ gzip: 0.23 kB[22m
[36m@n8n/extension-sdk:build: [0m[34mℹ[39m [33m[CJS][39m [2mdist/frontend/[22mdefine2.cjs      [2m0.30 kB[22m [2m│ gzip: 0.20 kB[22m
[36m@n8n/extension-sdk:build: [0m[34mℹ[39m [33m[CJS][39m 5 files, total: 0.87 kB
[36m@n8n/extension-sdk:build: [0m[34mℹ[39m [34m[ESM][39m [2mdist/[22m[1mindex.mjs[22m        [2m0.10 kB[22m [2m│ gzip: 0.09 kB[22m
[36m@n8n/extension-sdk:build: [0m[34mℹ[39m [34m[ESM][39m [2mdist/[22m[1mschema.mjs[22m       [2m0.10 kB[22m [2m│ gzip: 0.09 kB[22m
[36m@n8n/extension-sdk:build: [0m[34mℹ[39m [34m[ESM][39m [2mdist/[22mschema2.mjs.map  [2m2.59 kB[22m [2m│ gzip: 0.86 kB[22m
[36m@n8n/extension-sdk:build: [0m[34mℹ[39m [34m[ESM][39m [2mdist/[22mschema2.mjs      [2m0.70 kB[22m [2m│ gzip: 0.33 kB[22m
[36m@n8n/extension-sdk:build: [0m[34mℹ[39m [34m[ESM][39m [2mdist/[22m[32m[1mindex.d.mts[22m[39m      [2m0.14 kB[22m [2m│ gzip: 0.10 kB[22m
[36m@n8n/extension-sdk:build: [0m[34mℹ[39m [34m[ESM][39m [2mdist/[22m[32m[1mschema.d.mts[22m[39m     [2m0.14 kB[22m [2m│ gzip: 0.10 kB[22m
[36m@n8n/extension-sdk:build: [0m[34mℹ[39m [34m[ESM][39m [2mdist/[22m[32mschema2.d.mts[39m    [2m2.37 kB[22m [2m│ gzip: 0.49 kB[22m
[36m@n8n/extension-sdk:build: [0m[34mℹ[39m [34m[ESM][39m 7 files, total: 6.13 kB
[36m@n8n/extension-sdk:build: [0m[34mℹ[39m [33m[CJS][39m [2mdist/[22m[32m[1mindex.d.cts[22m[39m    [2m0.14 kB[22m [2m│ gzip: 0.10 kB[22m
[36m@n8n/extension-sdk:build: [0m[34mℹ[39m [33m[CJS][39m [2mdist/[22m[32m[1mschema.d.cts[22m[39m   [2m0.14 kB[22m [2m│ gzip: 0.10 kB[22m
[36m@n8n/extension-sdk:build: [0m[34mℹ[39m [33m[CJS][39m [2mdist/[22m[32mschema2.d.cts[39m  [2m2.37 kB[22m [2m│ gzip: 0.49 kB[22m
[36m@n8n/extension-sdk:build: [0m[34mℹ[39m [33m[CJS][39m 3 files, total: 2.65 kB
[36m@n8n/extension-sdk:build: [0m[32m✔[39m Build complete in [32m4705ms[39m
[36m@n8n/extension-sdk:build: [0m[34mℹ[39m [33m[CJS][39m [2mdist/backend/[22m[32m[1mindex.d.cts[22m[39m    [2m0.28 kB[22m [2m│ gzip: 0.13 kB[22m
[36m@n8n/extension-sdk:build: [0m[34mℹ[39m [33m[CJS][39m [2mdist/backend/[22m[32m[1mtypes.d.cts[22m[39m    [2m0.19 kB[22m [2m│ gzip: 0.11 kB[22m
[36m@n8n/extension-sdk:build: [0m[34mℹ[39m [33m[CJS][39m [2mdist/backend/[22m[32m[1mdefine.d.cts[22m[39m   [2m0.12 kB[22m [2m│ gzip: 0.10 kB[22m
[36m@n8n/extension-sdk:build: [0m[34mℹ[39m [33m[CJS][39m [2mdist/backend/[22m[32mtypes2.d.cts[39m   [2m0.36 kB[22m [2m│ gzip: 0.20 kB[22m
[36m@n8n/extension-sdk:build: [0m[34mℹ[39m [33m[CJS][39m [2mdist/backend/[22m[32mdefine2.d.cts[39m  [2m0.27 kB[22m [2m│ gzip: 0.18 kB[22m
[36m@n8n/extension-sdk:build: [0m[34mℹ[39m [33m[CJS][39m 5 files, total: 1.22 kB
[36m@n8n/extension-sdk:build: [0m[34mℹ[39m [34m[ESM][39m [2mdist/backend/[22m[1mdefine.mjs[22m       [2m0.10 kB[22m [2m│ gzip: 0.09 kB[22m
[36m@n8n/extension-sdk:build: [0m[34mℹ[39m [34m[ESM][39m [2mdist/backend/[22m[1mindex.mjs[22m        [2m0.10 kB[22m [2m│ gzip: 0.09 kB[22m
[36m@n8n/extension-sdk:build: [0m[34mℹ[39m [34m[ESM][39m [2mdist/backend/[22m[1mtypes.mjs[22m        [2m0.01 kB[22m [2m│ gzip: 0.03 kB[22m
[36m@n8n/extension-sdk:build: [0m[34mℹ[39m [34m[ESM][39m [2mdist/backend/[22mdefine2.mjs.map  [2m0.33 kB[22m [2m│ gzip: 0.23 kB[22m
[36m@n8n/extension-sdk:build: [0m[34mℹ[39m [34m[ESM][39m [2mdist/backend/[22mdefine2.mjs      [2m0.19 kB[22m [2m│ gzip: 0.15 kB[22m
[36m@n8n/extension-sdk:build: [0m[34mℹ[39m [34m[ESM][39m [2mdist/backend/[22m[32m[1mindex.d.mts[22m[39m      [2m0.28 kB[22m [2m│ gzip: 0.13 kB[22m
[36m@n8n/extension-sdk:build: [0m[34mℹ[39m [34m[ESM][39m [2mdist/backend/[22m[32m[1mtypes.d.mts[22m[39m      [2m0.19 kB[22m [2m│ gzip: 0.11 kB[22m
[36m@n8n/extension-sdk:build: [0m[34mℹ[39m [34m[ESM][39m [2mdist/backend/[22m[32m[1mdefine.d.mts[22m[39m     [2m0.12 kB[22m [2m│ gzip: 0.10 kB[22m
[36m@n8n/extension-sdk:build: [0m[34mℹ[39m [34m[ESM][39m [2mdist/backend/[22m[32mtypes2.d.mts[39m     [2m0.36 kB[22m [2m│ gzip: 0.20 kB[22m
[36m@n8n/extension-sdk:build: [0m[34mℹ[39m [34m[ESM][39m [2mdist/backend/[22m[32mdefine2.d.mts[39m    [2m0.27 kB[22m [2m│ gzip: 0.17 kB[22m
[36m@n8n/extension-sdk:build: [0m[34mℹ[39m [34m[ESM][39m 10 files, total: 1.94 kB
[36m@n8n/extension-sdk:build: [0m[32m✔[39m Build complete in [32m4706ms[39m
[36m@n8n/extension-sdk:build: [0m[34mℹ[39m [34m[ESM][39m [2mdist/frontend/[22m[1mdefine.mjs[22m       [2m0.10 kB[22m [2m│ gzip: 0.09 kB[22m
[36m@n8n/extension-sdk:build: [0m[34mℹ[39m [34m[ESM][39m [2mdist/frontend/[22m[1mindex.mjs[22m        [2m0.10 kB[22m [2m│ gzip: 0.09 kB[22m
[36m@n8n/extension-sdk:build: [0m[34mℹ[39m [34m[ESM][39m [2mdist/frontend/[22m[1mtypes.mjs[22m        [2m0.01 kB[22m [2m│ gzip: 0.03 kB[22m
[36m@n8n/extension-sdk:build: [0m[34mℹ[39m [34m[ESM][39m [2mdist/frontend/[22mdefine2.mjs.map  [2m0.33 kB[22m [2m│ gzip: 0.23 kB[22m
[36m@n8n/extension-sdk:build: [0m[34mℹ[39m [34m[ESM][39m [2mdist/frontend/[22mdefine2.mjs      [2m0.19 kB[22m [2m│ gzip: 0.15 kB[22m
[36m@n8n/extension-sdk:build: [0m[34mℹ[39m [34m[ESM][39m [2mdist/frontend/[22m[32m[1mindex.d.mts[22m[39m      [2m0.28 kB[22m [2m│ gzip: 0.13 kB[22m
[36m@n8n/extension-sdk:build: [0m[34mℹ[39m [34m[ESM][39m [2mdist/frontend/[22m[32m[1mtypes.d.mts[22m[39m      [2m0.20 kB[22m [2m│ gzip: 0.11 kB[22m
[36m@n8n/extension-sdk:build: [0m[34mℹ[39m [34m[ESM][39m [2mdist/frontend/[22m[32m[1mdefine.d.mts[22m[39m     [2m0.12 kB[22m [2m│ gzip: 0.10 kB[22m
[36m@n8n/extension-sdk:build: [0m[34mℹ[39m [34m[ESM][39m [2mdist/frontend/[22m[32mtypes2.d.mts[39m     [2m0.57 kB[22m [2m│ gzip: 0.28 kB[22m
[36m@n8n/extension-sdk:build: [0m[34mℹ[39m [34m[ESM][39m [2mdist/frontend/[22m[32mdefine2.d.mts[39m    [2m0.27 kB[22m [2m│ gzip: 0.18 kB[22m
[36m@n8n/extension-sdk:build: [0m[34mℹ[39m [34m[ESM][39m 10 files, total: 2.18 kB
[36m@n8n/extension-sdk:build: [0m[34mℹ[39m [33m[CJS][39m [2mdist/frontend/[22m[32m[1mindex.d.cts[22m[39m    [2m0.28 kB[22m [2m│ gzip: 0.13 kB[22m
[36m@n8n/extension-sdk:build: [0m[34mℹ[39m [33m[CJS][39m [2mdist/frontend/[22m[32m[1mtypes.d.cts[22m[39m    [2m0.20 kB[22m [2m│ gzip: 0.11 kB[22m
[36m@n8n/extension-sdk:build: [0m[34mℹ[39m [33m[CJS][39m [2mdist/frontend/[22m[32m[1mdefine.d.cts[22m[39m   [2m0.12 kB[22m [2m│ gzip: 0.10 kB[22m
[36m@n8n/extension-sdk:build: [0m[34mℹ[39m [33m[CJS][39m [2mdist/frontend/[22m[32mtypes2.d.cts[39m   [2m0.57 kB[22m [2m│ gzip: 0.28 kB[22m
[36m@n8n/extension-sdk:build: [0m[34mℹ[39m [33m[CJS][39m [2mdist/frontend/[22m[32mdefine2.d.cts[39m  [2m0.27 kB[22m [2m│ gzip: 0.18 kB[22m
[36m@n8n/extension-sdk:build: [0m[34mℹ[39m [33m[CJS][39m 5 files, total: 1.45 kB
[36m@n8n/extension-sdk:build: [0m[32m✔[39m Build complete in [32m4706ms[39m
[36m@n8n/extension-sdk:build: [0m
[36m@n8n/extension-sdk:build: [0m> @n8n/extension-sdk@0.9.0 create-json-schema /Users/joaolucashilgert/Development/Docker/n8n8/packages/@n8n/extension-sdk
[36m@n8n/extension-sdk:build: [0m> tsx scripts/create-json-schema.ts
[36m@n8n/extension-sdk:build: [0m
[34m@n8n/n8n-benchmark:build: [0mcache hit, replaying logs [2m8549bf79ff1c93f7[0m
[34m@n8n/n8n-benchmark:build: [0m
[34m@n8n/n8n-benchmark:build: [0m> @n8n/n8n-benchmark@2.0.0-rc.0 build /Users/joaolucashilgert/Development/Docker/n8n8/packages/@n8n/benchmark
[34m@n8n/n8n-benchmark:build: [0m> tsc -p tsconfig.build.json && tsc-alias -p tsconfig.build.json
[34m@n8n/n8n-benchmark:build: [0m
[36m@n8n/n8n-extension-insights:build: [0mcache hit, replaying logs [2m0638b47b41fb1d1f[0m
[36m@n8n/n8n-extension-insights:build: [0m
[36m@n8n/n8n-extension-insights:build: [0m> @n8n/n8n-extension-insights@0.11.0 build /Users/joaolucashilgert/Development/Docker/n8n8/packages/extensions/insights
[36m@n8n/n8n-extension-insights:build: [0m> pnpm cleanup && pnpm run "/^build:.*/"
[36m@n8n/n8n-extension-insights:build: [0m
[36m@n8n/n8n-extension-insights:build: [0m
[36m@n8n/n8n-extension-insights:build: [0m> @n8n/n8n-extension-insights@0.11.0 cleanup /Users/joaolucashilgert/Development/Docker/n8n8/packages/extensions/insights
[36m@n8n/n8n-extension-insights:build: [0m> rimraf dist
[36m@n8n/n8n-extension-insights:build: [0m
[33m@n8n/json-schema-to-zod:build: [0mcache hit, replaying logs [2m544be2c454e114dc[0m
[33m@n8n/json-schema-to-zod:build: [0m
[33m@n8n/json-schema-to-zod:build: [0m> @n8n/json-schema-to-zod@1.6.0 build /Users/joaolucashilgert/Development/Docker/n8n8/packages/@n8n/json-schema-to-zod
[33m@n8n/json-schema-to-zod:build: [0m> rimraf ./dist && pnpm run build:types && pnpm run build:cjs && pnpm run build:esm
[33m@n8n/json-schema-to-zod:build: [0m
[33m@n8n/json-schema-to-zod:build: [0m
[33m@n8n/json-schema-to-zod:build: [0m> @n8n/json-schema-to-zod@1.6.0 build:types /Users/joaolucashilgert/Development/Docker/n8n8/packages/@n8n/json-schema-to-zod
[33m@n8n/json-schema-to-zod:build: [0m> tsc -p tsconfig.types.json
[33m@n8n/json-schema-to-zod:build: [0m
[33m@n8n/json-schema-to-zod:build: [0m
[33m@n8n/json-schema-to-zod:build: [0m> @n8n/json-schema-to-zod@1.6.0 build:cjs /Users/joaolucashilgert/Development/Docker/n8n8/packages/@n8n/json-schema-to-zod
[33m@n8n/json-schema-to-zod:build: [0m> tsc -p tsconfig.cjs.json && node postcjs.cjs
[33m@n8n/json-schema-to-zod:build: [0m
[33m@n8n/json-schema-to-zod:build: [0m
[33m@n8n/json-schema-to-zod:build: [0m> @n8n/json-schema-to-zod@1.6.0 build:esm /Users/joaolucashilgert/Development/Docker/n8n8/packages/@n8n/json-schema-to-zod
[33m@n8n/json-schema-to-zod:build: [0m> tsc -p tsconfig.esm.json && node postesm.cjs
[33m@n8n/json-schema-to-zod:build: [0m
[33m@n8n/codemirror-lang-sql:build: [0mcache hit, replaying logs [2mc208dda042689520[0m
[33m@n8n/codemirror-lang-sql:build: [0m
[33m@n8n/codemirror-lang-sql:build: [0m> @n8n/codemirror-lang-sql@1.3.0 build /Users/joaolucashilgert/Development/Docker/n8n8/packages/@n8n/codemirror-lang-sql
[33m@n8n/codemirror-lang-sql:build: [0m> tsc -p tsconfig.build.json
[33m@n8n/codemirror-lang-sql:build: [0m
[33m@n8n/permissions:build: [0mcache hit, replaying logs [2mcbd033529acb1a04[0m
[33m@n8n/permissions:build: [0m
[33m@n8n/permissions:build: [0m> @n8n/permissions@0.43.0 build /Users/joaolucashilgert/Development/Docker/n8n8/packages/@n8n/permissions
[33m@n8n/permissions:build: [0m> tsc -p tsconfig.build.json
[33m@n8n/permissions:build: [0m
[34m@n8n/eslint-plugin-community-nodes:build: [0mcache hit, replaying logs [2m25e37aed35f41cb0[0m
[34m@n8n/eslint-plugin-community-nodes:build: [0m
[34m@n8n/eslint-plugin-community-nodes:build: [0m> @n8n/eslint-plugin-community-nodes@0.7.0 build /Users/joaolucashilgert/Development/Docker/n8n8/packages/@n8n/eslint-plugin-community-nodes
[34m@n8n/eslint-plugin-community-nodes:build: [0m> tsc --project tsconfig.build.json
[34m@n8n/eslint-plugin-community-nodes:build: [0m
[33m@n8n/eslint-config:build: [0mcache hit, replaying logs [2m2a606ce066746784[0m
[33m@n8n/eslint-config:build: [0m
[33m@n8n/eslint-config:build: [0m> @n8n/eslint-config@0.0.1 build /Users/joaolucashilgert/Development/Docker/n8n8/packages/@n8n/eslint-config
[33m@n8n/eslint-config:build: [0m> tsc
[33m@n8n/eslint-config:build: [0m
[34m@n8n/composables:build: [0mcache hit, replaying logs [2m23eb5fac47bf0e62[0m
[34m@n8n/composables:build: [0m
[34m@n8n/composables:build: [0m> @n8n/composables@1.13.0 build /Users/joaolucashilgert/Development/Docker/n8n8/packages/frontend/@n8n/composables
[34m@n8n/composables:build: [0m> tsdown
[34m@n8n/composables:build: [0m
[34m@n8n/composables:build: [0m[34mℹ[39m tsdown [2mv0.16.8[22m powered by rolldown [2mv1.0.0-beta.52[22m
[34m@n8n/composables:build: [0m[34mℹ[39m Using tsdown config: [4m/Users/joaolucashilgert/Development/Docker/n8n8/packages/frontend/@n8n/composables/tsdown.config.ts[24m
[34m@n8n/composables:build: [0m[34mℹ[39m entry: [34msrc/useDeviceSupport.ts, src/useShortKeyPress.ts, src/useThrottleWithReactiveDelay.ts[39m
[34m@n8n/composables:build: [0m[34mℹ[39m tsconfig: [34mtsconfig.json[39m
[34m@n8n/composables:build: [0m[34mℹ[39m Build start
[34m@n8n/composables:build: [0m[34mℹ[39m Cleaning 18 files
[34m@n8n/composables:build: [0m[34mℹ[39m [33m[CJS][39m [2mdist/[22m[1museDeviceSupport.cjs[22m                  [2m1.76 kB[22m [2m│ gzip: 0.70 kB[22m
[34m@n8n/composables:build: [0m[34mℹ[39m [33m[CJS][39m [2mdist/[22m[1museShortKeyPress.cjs[22m                  [2m0.64 kB[22m [2m│ gzip: 0.33 kB[22m
[34m@n8n/composables:build: [0m[34mℹ[39m [33m[CJS][39m [2mdist/[22m[1museThrottleWithReactiveDelay.cjs[22m      [2m0.61 kB[22m [2m│ gzip: 0.33 kB[22m
[34m@n8n/composables:build: [0m[34mℹ[39m [33m[CJS][39m [2mdist/[22museDeviceSupport.cjs.map              [2m2.58 kB[22m [2m│ gzip: 1.07 kB[22m
[34m@n8n/composables:build: [0m[34mℹ[39m [33m[CJS][39m [2mdist/[22museShortKeyPress.cjs.map              [2m1.26 kB[22m [2m│ gzip: 0.64 kB[22m
[34m@n8n/composables:build: [0m[34mℹ[39m [33m[CJS][39m [2mdist/[22museThrottleWithReactiveDelay.cjs.map  [2m0.88 kB[22m [2m│ gzip: 0.49 kB[22m
[34m@n8n/composables:build: [0m[34mℹ[39m [33m[CJS][39m 6 files, total: 7.73 kB
[34m@n8n/composables:build: [0m[34mℹ[39m [34m[ESM][39m [2mdist/[22m[1museDeviceSupport.mjs[22m                  [2m1.68 kB[22m [2m│ gzip: 0.69 kB[22m
[34m@n8n/composables:build: [0m[34mℹ[39m [34m[ESM][39m [2mdist/[22m[1museShortKeyPress.mjs[22m                  [2m0.57 kB[22m [2m│ gzip: 0.32 kB[22m
[34m@n8n/composables:build: [0m[34mℹ[39m [34m[ESM][39m [2mdist/[22m[1museThrottleWithReactiveDelay.mjs[22m      [2m0.56 kB[22m [2m│ gzip: 0.31 kB[22m
[34m@n8n/composables:build: [0m[34mℹ[39m [34m[ESM][39m [2mdist/[22museDeviceSupport.mjs.map              [2m2.62 kB[22m [2m│ gzip: 1.07 kB[22m
[34m@n8n/composables:build: [0m[34mℹ[39m [34m[ESM][39m [2mdist/[22museShortKeyPress.mjs.map              [2m1.27 kB[22m [2m│ gzip: 0.64 kB[22m
[34m@n8n/composables:build: [0m[34mℹ[39m [34m[ESM][39m [2mdist/[22museThrottleWithReactiveDelay.mjs.map  [2m0.89 kB[22m [2m│ gzip: 0.48 kB[22m
[34m@n8n/composables:build: [0m[34mℹ[39m [34m[ESM][39m [2mdist/[22m[32m[1museDeviceSupport.d.mts[22m[39m                [2m0.47 kB[22m [2m│ gzip: 0.29 kB[22m
[34m@n8n/composables:build: [0m[34mℹ[39m [34m[ESM][39m [2mdist/[22m[32m[1museShortKeyPress.d.mts[22m[39m                [2m0.41 kB[22m [2m│ gzip: 0.25 kB[22m
[34m@n8n/composables:build: [0m[34mℹ[39m [34m[ESM][39m [2mdist/[22m[32m[1museThrottleWithReactiveDelay.d.mts[22m[39m    [2m0.30 kB[22m [2m│ gzip: 0.19 kB[22m
[34m@n8n/composables:build: [0m[34mℹ[39m [34m[ESM][39m 9 files, total: 8.78 kB
[34m@n8n/composables:build: [0m[34mℹ[39m [33m[CJS][39m [2mdist/[22m[32m[1museDeviceSupport.d.cts[22m[39m              [2m0.47 kB[22m [2m│ gzip: 0.29 kB[22m
[34m@n8n/composables:build: [0m[34mℹ[39m [33m[CJS][39m [2mdist/[22m[32m[1museShortKeyPress.d.cts[22m[39m              [2m0.41 kB[22m [2m│ gzip: 0.25 kB[22m
[34m@n8n/composables:build: [0m[34mℹ[39m [33m[CJS][39m [2mdist/[22m[32m[1museThrottleWithReactiveDelay.d.cts[22m[39m  [2m0.30 kB[22m [2m│ gzip: 0.19 kB[22m
[34m@n8n/composables:build: [0m[34mℹ[39m [33m[CJS][39m 3 files, total: 1.18 kB
[34m@n8n/composables:build: [0m[32m✔[39m Build complete in [32m2749ms[39m
[36m@n8n/config:build: [0mcache hit, replaying logs [2mc0b30bc7037a37d4[0m
[36m@n8n/config:build: [0m
[36m@n8n/config:build: [0m> @n8n/config@2.0.0-rc.1 build /Users/joaolucashilgert/Development/Docker/n8n8/packages/@n8n/config
[36m@n8n/config:build: [0m> tsc -p tsconfig.build.json
[36m@n8n/config:build: [0m
[35m@n8n/utils:build: [0mcache hit, replaying logs [2mae9671b9b43bc19a[0m
[35m@n8n/utils:build: [0m
[35m@n8n/utils:build: [0m> @n8n/utils@1.20.0 build /Users/joaolucashilgert/Development/Docker/n8n8/packages/@n8n/utils
[35m@n8n/utils:build: [0m> tsdown
[35m@n8n/utils:build: [0m
[35m@n8n/utils:build: [0m[34mℹ[39m tsdown [2mv0.16.8[22m powered by rolldown [2mv1.0.0-beta.52[22m
[35m@n8n/utils:build: [0m[34mℹ[39m Using tsdown config: [4m/Users/joaolucashilgert/Development/Docker/n8n8/packages/@n8n/utils/tsdown.config.ts[24m
[35m@n8n/utils:build: [0m[34mℹ[39m entry: [34msrc/assert.ts, src/event-bus.ts, src/event-queue.ts, src/index.ts, src/retry.ts, src/number/smartDecimal.ts, src/files/sanitize.ts, src/search/reRankSearchResults.ts, src/search/sublimeSearch.ts, src/string/truncate.ts, src/sort/sortByProperty.ts[39m
[35m@n8n/utils:build: [0m[34mℹ[39m tsconfig: [34mtsconfig.json[39m
[35m@n8n/utils:build: [0m[34mℹ[39m Build start
[35m@n8n/utils:build: [0m[34mℹ[39m Cleaning 109 files
[35m@n8n/utils:build: [0m[34mℹ[39m [33m[CJS][39m [2mdist/[22m[1mindex.cjs[22m                       [2m 1.27 kB[22m [2m│ gzip: 0.33 kB[22m
[35m@n8n/utils:build: [0m[34mℹ[39m [33m[CJS][39m [2mdist/[22m[1msearch/sublimeSearch.cjs[22m        [2m 0.18 kB[22m [2m│ gzip: 0.10 kB[22m
[35m@n8n/utils:build: [0m[34mℹ[39m [33m[CJS][39m [2mdist/[22m[1mstring/truncate.cjs[22m             [2m 0.17 kB[22m [2m│ gzip: 0.09 kB[22m
[35m@n8n/utils:build: [0m[34mℹ[39m [33m[CJS][39m [2mdist/[22m[1msearch/reRankSearchResults.cjs[22m  [2m 0.15 kB[22m [2m│ gzip: 0.09 kB[22m
[35m@n8n/utils:build: [0m[34mℹ[39m [33m[CJS][39m [2mdist/[22m[1msort/sortByProperty.cjs[22m         [2m 0.13 kB[22m [2m│ gzip: 0.08 kB[22m
[35m@n8n/utils:build: [0m[34mℹ[39m [33m[CJS][39m [2mdist/[22m[1mevent-queue.cjs[22m                 [2m 0.12 kB[22m [2m│ gzip: 0.09 kB[22m
[35m@n8n/utils:build: [0m[34mℹ[39m [33m[CJS][39m [2mdist/[22m[1mnumber/smartDecimal.cjs[22m         [2m 0.12 kB[22m [2m│ gzip: 0.08 kB[22m
[35m@n8n/utils:build: [0m[34mℹ[39m [33m[CJS][39m [2mdist/[22m[1mfiles/sanitize.cjs[22m              [2m 0.12 kB[22m [2m│ gzip: 0.09 kB[22m
[35m@n8n/utils:build: [0m[34mℹ[39m [33m[CJS][39m [2mdist/[22m[1mevent-bus.cjs[22m                   [2m 0.11 kB[22m [2m│ gzip: 0.09 kB[22m
[35m@n8n/utils:build: [0m[34mℹ[39m [33m[CJS][39m [2mdist/[22m[1massert.cjs[22m                      [2m 0.09 kB[22m [2m│ gzip: 0.07 kB[22m
[35m@n8n/utils:build: [0m[34mℹ[39m [33m[CJS][39m [2mdist/[22m[1mretry.cjs[22m                       [2m 0.08 kB[22m [2m│ gzip: 0.07 kB[22m
[35m@n8n/utils:build: [0m[34mℹ[39m [33m[CJS][39m [2mdist/[22msublimeSearch.cjs.map           [2m11.66 kB[22m [2m│ gzip: 3.92 kB[22m
[35m@n8n/utils:build: [0m[34mℹ[39m [33m[CJS][39m [2mdist/[22msublimeSearch.cjs               [2m 5.53 kB[22m [2m│ gzip: 1.80 kB[22m
[35m@n8n/utils:build: [0m[34mℹ[39m [33m[CJS][39m [2mdist/[22mevent-bus2.cjs.map              [2m 2.93 kB[22m [2m│ gzip: 0.99 kB[22m
[35m@n8n/utils:build: [0m[34mℹ[39m [33m[CJS][39m [2mdist/[22msanitize.cjs.map                [2m 2.91 kB[22m [2m│ gzip: 1.25 kB[22m
[35m@n8n/utils:build: [0m[34mℹ[39m [33m[CJS][39m [2mdist/[22mretry2.cjs.map                  [2m 2.35 kB[22m [2m│ gzip: 1.05 kB[22m
[35m@n8n/utils:build: [0m[34mℹ[39m [33m[CJS][39m [2mdist/[22mtruncate.cjs.map                [2m 2.33 kB[22m [2m│ gzip: 1.00 kB[22m
[35m@n8n/utils:build: [0m[34mℹ[39m [33m[CJS][39m [2mdist/[22msanitize.cjs                    [2m 1.91 kB[22m [2m│ gzip: 0.90 kB[22m
[35m@n8n/utils:build: [0m[34mℹ[39m [33m[CJS][39m [2mdist/[22mevent-queue2.cjs.map            [2m 1.75 kB[22m [2m│ gzip: 0.83 kB[22m
[35m@n8n/utils:build: [0m[34mℹ[39m [33m[CJS][39m [2mdist/[22mtruncate.cjs                    [2m 1.54 kB[22m [2m│ gzip: 0.68 kB[22m
[35m@n8n/utils:build: [0m[34mℹ[39m [33m[CJS][39m [2mdist/[22mretry2.cjs                      [2m 1.54 kB[22m [2m│ gzip: 0.71 kB[22m
[35m@n8n/utils:build: [0m[34mℹ[39m [33m[CJS][39m [2mdist/[22mreRankSearchResults.cjs.map     [2m 1.27 kB[22m [2m│ gzip: 0.63 kB[22m
[35m@n8n/utils:build: [0m[34mℹ[39m [33m[CJS][39m [2mdist/[22mevent-bus2.cjs                  [2m 1.11 kB[22m [2m│ gzip: 0.52 kB[22m
[35m@n8n/utils:build: [0m[34mℹ[39m [33m[CJS][39m [2mdist/[22mevent-queue2.cjs                [2m 1.10 kB[22m [2m│ gzip: 0.53 kB[22m
[35m@n8n/utils:build: [0m[34mℹ[39m [33m[CJS][39m [2mdist/[22msortByProperty.cjs.map          [2m 0.67 kB[22m [2m│ gzip: 0.41 kB[22m
[35m@n8n/utils:build: [0m[34mℹ[39m [33m[CJS][39m [2mdist/[22mreRankSearchResults.cjs         [2m 0.65 kB[22m [2m│ gzip: 0.34 kB[22m
[35m@n8n/utils:build: [0m[34mℹ[39m [33m[CJS][39m [2mdist/[22msmartDecimal.cjs.map            [2m 0.63 kB[22m [2m│ gzip: 0.37 kB[22m
[35m@n8n/utils:build: [0m[34mℹ[39m [33m[CJS][39m [2mdist/[22msortByProperty.cjs              [2m 0.47 kB[22m [2m│ gzip: 0.30 kB[22m
[35m@n8n/utils:build: [0m[34mℹ[39m [33m[CJS][39m [2mdist/[22massert2.cjs.map                 [2m 0.46 kB[22m [2m│ gzip: 0.33 kB[22m
[35m@n8n/utils:build: [0m[34mℹ[39m [33m[CJS][39m [2mdist/[22msmartDecimal.cjs                [2m 0.42 kB[22m [2m│ gzip: 0.28 kB[22m
[35m@n8n/utils:build: [0m[34mℹ[39m [33m[CJS][39m [2mdist/[22massert2.cjs                     [2m 0.32 kB[22m [2m│ gzip: 0.24 kB[22m
[35m@n8n/utils:build: [0m[34mℹ[39m [33m[CJS][39m 31 files, total: 44.11 kB
[35m@n8n/utils:build: [0m[34mℹ[39m [34m[ESM][39m [2mdist/[22m[1mindex.mjs[22m                         [2m 0.78 kB[22m [2m│ gzip: 0.28 kB[22m
[35m@n8n/utils:build: [0m[34mℹ[39m [34m[ESM][39m [2mdist/[22m[1msearch/sublimeSearch.mjs[22m          [2m 0.12 kB[22m [2m│ gzip: 0.10 kB[22m
[35m@n8n/utils:build: [0m[34mℹ[39m [34m[ESM][39m [2mdist/[22m[1mstring/truncate.mjs[22m               [2m 0.12 kB[22m [2m│ gzip: 0.09 kB[22m
[35m@n8n/utils:build: [0m[34mℹ[39m [34m[ESM][39m [2mdist/[22m[1msearch/reRankSearchResults.mjs[22m    [2m 0.10 kB[22m [2m│ gzip: 0.08 kB[22m
[35m@n8n/utils:build: [0m[34mℹ[39m [34m[ESM][39m [2mdist/[22m[1mevent-queue.mjs[22m                   [2m 0.09 kB[22m [2m│ gzip: 0.08 kB[22m
[35m@n8n/utils:build: [0m[34mℹ[39m [34m[ESM][39m [2mdist/[22m[1msort/sortByProperty.mjs[22m           [2m 0.09 kB[22m [2m│ gzip: 0.08 kB[22m
[35m@n8n/utils:build: [0m[34mℹ[39m [34m[ESM][39m [2mdist/[22m[1mfiles/sanitize.mjs[22m                [2m 0.09 kB[22m [2m│ gzip: 0.08 kB[22m
[35m@n8n/utils:build: [0m[34mℹ[39m [34m[ESM][39m [2mdist/[22m[1mevent-bus.mjs[22m                     [2m 0.08 kB[22m [2m│ gzip: 0.08 kB[22m
[35m@n8n/utils:build: [0m[34mℹ[39m [34m[ESM][39m [2mdist/[22m[1mnumber/smartDecimal.mjs[22m           [2m 0.08 kB[22m [2m│ gzip: 0.07 kB[22m
[35m@n8n/utils:build: [0m[34mℹ[39m [34m[ESM][39m [2mdist/[22m[1massert.mjs[22m                        [2m 0.06 kB[22m [2m│ gzip: 0.07 kB[22m
[35m@n8n/utils:build: [0m[34mℹ[39m [34m[ESM][39m [2mdist/[22m[1mretry.mjs[22m                         [2m 0.06 kB[22m [2m│ gzip: 0.07 kB[22m
[35m@n8n/utils:build: [0m[34mℹ[39m [34m[ESM][39m [2mdist/[22msublimeSearch.mjs.map             [2m11.66 kB[22m [2m│ gzip: 3.92 kB[22m
[35m@n8n/utils:build: [0m[34mℹ[39m [34m[ESM][39m [2mdist/[22msublimeSearch.mjs                 [2m 5.33 kB[22m [2m│ gzip: 1.75 kB[22m
[35m@n8n/utils:build: [0m[34mℹ[39m [34m[ESM][39m [2mdist/[22mevent-bus2.mjs.map                [2m 2.93 kB[22m [2m│ gzip: 0.99 kB[22m
[35m@n8n/utils:build: [0m[34mℹ[39m [34m[ESM][39m [2mdist/[22msanitize.mjs.map                  [2m 2.91 kB[22m [2m│ gzip: 1.25 kB[22m
[35m@n8n/utils:build: [0m[34mℹ[39m [34m[ESM][39m [2mdist/[22mretry2.mjs.map                    [2m 2.35 kB[22m [2m│ gzip: 1.05 kB[22m
[35m@n8n/utils:build: [0m[34mℹ[39m [34m[ESM][39m [2mdist/[22mtruncate.mjs.map                  [2m 2.33 kB[22m [2m│ gzip: 1.00 kB[22m
[35m@n8n/utils:build: [0m[34mℹ[39m [34m[ESM][39m [2mdist/[22msanitize.mjs                      [2m 1.82 kB[22m [2m│ gzip: 0.84 kB[22m
[35m@n8n/utils:build: [0m[34mℹ[39m [34m[ESM][39m [2mdist/[22mevent-queue2.mjs.map              [2m 1.75 kB[22m [2m│ gzip: 0.83 kB[22m
[35m@n8n/utils:build: [0m[34mℹ[39m [34m[ESM][39m [2mdist/[22mretry2.mjs                        [2m 1.45 kB[22m [2m│ gzip: 0.67 kB[22m
[35m@n8n/utils:build: [0m[34mℹ[39m [34m[ESM][39m [2mdist/[22mtruncate.mjs                      [2m 1.34 kB[22m [2m│ gzip: 0.62 kB[22m
[35m@n8n/utils:build: [0m[34mℹ[39m [34m[ESM][39m [2mdist/[22mreRankSearchResults.mjs.map       [2m 1.27 kB[22m [2m│ gzip: 0.63 kB[22m
[35m@n8n/utils:build: [0m[34mℹ[39m [34m[ESM][39m [2mdist/[22mevent-bus2.mjs                    [2m 1.02 kB[22m [2m│ gzip: 0.47 kB[22m
[35m@n8n/utils:build: [0m[34mℹ[39m [34m[ESM][39m [2mdist/[22mevent-queue2.mjs                  [2m 1.00 kB[22m [2m│ gzip: 0.48 kB[22m
[35m@n8n/utils:build: [0m[34mℹ[39m [34m[ESM][39m [2mdist/[22msortByProperty.mjs.map            [2m 0.67 kB[22m [2m│ gzip: 0.41 kB[22m
[35m@n8n/utils:build: [0m[34mℹ[39m [34m[ESM][39m [2mdist/[22msmartDecimal.mjs.map              [2m 0.63 kB[22m [2m│ gzip: 0.37 kB[22m
[35m@n8n/utils:build: [0m[34mℹ[39m [34m[ESM][39m [2mdist/[22mreRankSearchResults.mjs           [2m 0.55 kB[22m [2m│ gzip: 0.30 kB[22m
[35m@n8n/utils:build: [0m[34mℹ[39m [34m[ESM][39m [2mdist/[22massert2.mjs.map                   [2m 0.46 kB[22m [2m│ gzip: 0.33 kB[22m
[35m@n8n/utils:build: [0m[34mℹ[39m [34m[ESM][39m [2mdist/[22msortByProperty.mjs                [2m 0.38 kB[22m [2m│ gzip: 0.25 kB[22m
[35m@n8n/utils:build: [0m[34mℹ[39m [34m[ESM][39m [2mdist/[22msmartDecimal.mjs                  [2m 0.33 kB[22m [2m│ gzip: 0.22 kB[22m
[35m@n8n/utils:build: [0m[34mℹ[39m [34m[ESM][39m [2mdist/[22massert2.mjs                       [2m 0.24 kB[22m [2m│ gzip: 0.19 kB[22m
[35m@n8n/utils:build: [0m[34mℹ[39m [34m[ESM][39m [2mdist/[22m[32m[1mindex.d.mts[22m[39m                       [2m 0.84 kB[22m [2m│ gzip: 0.30 kB[22m
[35m@n8n/utils:build: [0m[34mℹ[39m [34m[ESM][39m [2mdist/[22m[32m[1mevent-bus.d.mts[22m[39m                   [2m 0.14 kB[22m [2m│ gzip: 0.11 kB[22m
[35m@n8n/utils:build: [0m[34mℹ[39m [34m[ESM][39m [2mdist/[22m[32m[1msearch/sublimeSearch.d.mts[22m[39m        [2m 0.12 kB[22m [2m│ gzip: 0.10 kB[22m
[35m@n8n/utils:build: [0m[34mℹ[39m [34m[ESM][39m [2mdist/[22m[32m[1mstring/truncate.d.mts[22m[39m             [2m 0.11 kB[22m [2m│ gzip: 0.09 kB[22m
[35m@n8n/utils:build: [0m[34mℹ[39m [34m[ESM][39m [2mdist/[22m[32m[1msearch/reRankSearchResults.d.mts[22m[39m  [2m 0.10 kB[22m [2m│ gzip: 0.08 kB[22m
[35m@n8n/utils:build: [0m[34mℹ[39m [34m[ESM][39m [2mdist/[22m[32m[1mevent-queue.d.mts[22m[39m                 [2m 0.09 kB[22m [2m│ gzip: 0.08 kB[22m
[35m@n8n/utils:build: [0m[34mℹ[39m [34m[ESM][39m [2mdist/[22m[32m[1msort/sortByProperty.d.mts[22m[39m         [2m 0.09 kB[22m [2m│ gzip: 0.08 kB[22m
[35m@n8n/utils:build: [0m[34mℹ[39m [34m[ESM][39m [2mdist/[22m[32m[1mfiles/sanitize.d.mts[22m[39m              [2m 0.09 kB[22m [2m│ gzip: 0.08 kB[22m
[35m@n8n/utils:build: [0m[34mℹ[39m [34m[ESM][39m [2mdist/[22m[32m[1mnumber/smartDecimal.d.mts[22m[39m         [2m 0.08 kB[22m [2m│ gzip: 0.07 kB[22m
[35m@n8n/utils:build: [0m[34mℹ[39m [34m[ESM][39m [2mdist/[22m[32m[1massert.d.mts[22m[39m                      [2m 0.06 kB[22m [2m│ gzip: 0.07 kB[22m
[35m@n8n/utils:build: [0m[34mℹ[39m [34m[ESM][39m [2mdist/[22m[32m[1mretry.d.mts[22m[39m                       [2m 0.06 kB[22m [2m│ gzip: 0.07 kB[22m
[35m@n8n/utils:build: [0m[34mℹ[39m [34m[ESM][39m [2mdist/[22m[32mevent-bus2.d.mts[39m                  [2m 0.99 kB[22m [2m│ gzip: 0.35 kB[22m
[35m@n8n/utils:build: [0m[34mℹ[39m [34m[ESM][39m [2mdist/[22m[32msublimeSearch.d.mts[39m               [2m 0.39 kB[22m [2m│ gzip: 0.25 kB[22m
[35m@n8n/utils:build: [0m[34mℹ[39m [34m[ESM][39m [2mdist/[22m[32mreRankSearchResults.d.mts[39m         [2m 0.37 kB[22m [2m│ gzip: 0.22 kB[22m
[35m@n8n/utils:build: [0m[34mℹ[39m [34m[ESM][39m [2mdist/[22m[32mretry2.d.mts[39m                      [2m 0.28 kB[22m [2m│ gzip: 0.22 kB[22m
[35m@n8n/utils:build: [0m[34mℹ[39m [34m[ESM][39m [2mdist/[22m[32mtruncate.d.mts[39m                    [2m 0.28 kB[22m [2m│ gzip: 0.18 kB[22m
[35m@n8n/utils:build: [0m[34mℹ[39m [34m[ESM][39m [2mdist/[22m[32mevent-queue2.d.mts[39m                [2m 0.24 kB[22m [2m│ gzip: 0.18 kB[22m
[35m@n8n/utils:build: [0m[34mℹ[39m [34m[ESM][39m [2mdist/[22m[32msortByProperty.d.mts[39m              [2m 0.22 kB[22m [2m│ gzip: 0.17 kB[22m
[35m@n8n/utils:build: [0m[34mℹ[39m [34m[ESM][39m [2mdist/[22m[32msanitize.d.mts[39m                    [2m 0.20 kB[22m [2m│ gzip: 0.16 kB[22m
[35m@n8n/utils:build: [0m[34mℹ[39m [34m[ESM][39m [2mdist/[22m[32msmartDecimal.d.mts[39m                [2m 0.20 kB[22m [2m│ gzip: 0.15 kB[22m
[35m@n8n/utils:build: [0m[34mℹ[39m [34m[ESM][39m [2mdist/[22m[32massert2.d.mts[39m                     [2m 0.18 kB[22m [2m│ gzip: 0.15 kB[22m
[35m@n8n/utils:build: [0m[34mℹ[39m [34m[ESM][39m 52 files, total: 47.21 kB
[35m@n8n/utils:build: [0m[34mℹ[39m [33m[CJS][39m [2mdist/[22m[32m[1mindex.d.cts[22m[39m                       [2m0.84 kB[22m [2m│ gzip: 0.30 kB[22m
[35m@n8n/utils:build: [0m[34mℹ[39m [33m[CJS][39m [2mdist/[22m[32m[1mevent-bus.d.cts[22m[39m                   [2m0.14 kB[22m [2m│ gzip: 0.11 kB[22m
[35m@n8n/utils:build: [0m[34mℹ[39m [33m[CJS][39m [2mdist/[22m[32m[1msearch/sublimeSearch.d.cts[22m[39m        [2m0.12 kB[22m [2m│ gzip: 0.10 kB[22m
[35m@n8n/utils:build: [0m[34mℹ[39m [33m[CJS][39m [2mdist/[22m[32m[1mstring/truncate.d.cts[22m[39m             [2m0.11 kB[22m [2m│ gzip: 0.09 kB[22m
[35m@n8n/utils:build: [0m[34mℹ[39m [33m[CJS][39m [2mdist/[22m[32m[1msearch/reRankSearchResults.d.cts[22m[39m  [2m0.10 kB[22m [2m│ gzip: 0.08 kB[22m
[35m@n8n/utils:build: [0m[34mℹ[39m [33m[CJS][39m [2mdist/[22m[32m[1mevent-queue.d.cts[22m[39m                 [2m0.09 kB[22m [2m│ gzip: 0.08 kB[22m
[35m@n8n/utils:build: [0m[34mℹ[39m [33m[CJS][39m [2mdist/[22m[32m[1msort/sortByProperty.d.cts[22m[39m         [2m0.09 kB[22m [2m│ gzip: 0.08 kB[22m
[35m@n8n/utils:build: [0m[34mℹ[39m [33m[CJS][39m [2mdist/[22m[32m[1mfiles/sanitize.d.cts[22m[39m              [2m0.09 kB[22m [2m│ gzip: 0.08 kB[22m
[35m@n8n/utils:build: [0m[34mℹ[39m [33m[CJS][39m [2mdist/[22m[32m[1mnumber/smartDecimal.d.cts[22m[39m         [2m0.08 kB[22m [2m│ gzip: 0.07 kB[22m
[35m@n8n/utils:build: [0m[34mℹ[39m [33m[CJS][39m [2mdist/[22m[32m[1massert.d.cts[22m[39m                      [2m0.06 kB[22m [2m│ gzip: 0.07 kB[22m
[35m@n8n/utils:build: [0m[34mℹ[39m [33m[CJS][39m [2mdist/[22m[32m[1mretry.d.cts[22m[39m                       [2m0.06 kB[22m [2m│ gzip: 0.07 kB[22m
[35m@n8n/utils:build: [0m[34mℹ[39m [33m[CJS][39m [2mdist/[22m[32mevent-bus2.d.cts[39m                  [2m0.99 kB[22m [2m│ gzip: 0.35 kB[22m
[35m@n8n/utils:build: [0m[34mℹ[39m [33m[CJS][39m [2mdist/[22m[32msublimeSearch.d.cts[39m               [2m0.39 kB[22m [2m│ gzip: 0.25 kB[22m
[35m@n8n/utils:build: [0m[34mℹ[39m [33m[CJS][39m [2mdist/[22m[32mreRankSearchResults.d.cts[39m         [2m0.37 kB[22m [2m│ gzip: 0.22 kB[22m
[35m@n8n/utils:build: [0m[34mℹ[39m [33m[CJS][39m [2mdist/[22m[32mretry2.d.cts[39m                      [2m0.28 kB[22m [2m│ gzip: 0.22 kB[22m
[35m@n8n/utils:build: [0m[34mℹ[39m [33m[CJS][39m [2mdist/[22m[32mtruncate.d.cts[39m                    [2m0.28 kB[22m [2m│ gzip: 0.18 kB[22m
[35m@n8n/utils:build: [0m[34mℹ[39m [33m[CJS][39m [2mdist/[22m[32mevent-queue2.d.cts[39m                [2m0.24 kB[22m [2m│ gzip: 0.18 kB[22m
[35m@n8n/utils:build: [0m[34mℹ[39m [33m[CJS][39m [2mdist/[22m[32msortByProperty.d.cts[39m              [2m0.22 kB[22m [2m│ gzip: 0.17 kB[22m
[35m@n8n/utils:build: [0m[34mℹ[39m [33m[CJS][39m [2mdist/[22m[32msanitize.d.cts[39m                    [2m0.20 kB[22m [2m│ gzip: 0.16 kB[22m
[35m@n8n/utils:build: [0m[34mℹ[39m [33m[CJS][39m [2mdist/[22m[32msmartDecimal.d.cts[39m                [2m0.20 kB[22m [2m│ gzip: 0.15 kB[22m
[35m@n8n/utils:build: [0m[34mℹ[39m [33m[CJS][39m [2mdist/[22m[32massert2.d.cts[39m                     [2m0.18 kB[22m [2m│ gzip: 0.15 kB[22m
[35m@n8n/utils:build: [0m[34mℹ[39m [33m[CJS][39m 21 files, total: 5.14 kB
[35m@n8n/utils:build: [0m[32m✔[39m Build complete in [32m2455ms[39m
[32m@n8n/node-cli:build: [0mcache hit, replaying logs [2mda06aa6fd531d8a8[0m
[32m@n8n/node-cli:build: [0m
[32m@n8n/node-cli:build: [0m> @n8n/node-cli@0.17.0 build /Users/joaolucashilgert/Development/Docker/n8n8/packages/@n8n/node-cli
[32m@n8n/node-cli:build: [0m> tsc -p tsconfig.build.json && pnpm copy-templates
[32m@n8n/node-cli:build: [0m
[32m@n8n/node-cli:build: [0m
[32m@n8n/node-cli:build: [0m> @n8n/node-cli@0.17.0 copy-templates /Users/joaolucashilgert/Development/Docker/n8n8/packages/@n8n/node-cli
[32m@n8n/node-cli:build: [0m> node scripts/copy-templates.mjs
[32m@n8n/node-cli:build: [0m
[36m@n8n/design-system:build: [0mcache hit, replaying logs [2m612a7300965d39b6[0m
[36m@n8n/design-system:build: [0m
[36m@n8n/design-system:build: [0m> @n8n/design-system@2.0.0 build /Users/joaolucashilgert/Development/Docker/n8n8/packages/frontend/@n8n/design-system
[36m@n8n/design-system:build: [0m> vite build
[36m@n8n/design-system:build: [0m
[36m@n8n/design-system:build: [0mrolldown-vite v7.2.10 building client environment for production...
[36m@n8n/design-system:build: [0m[2K[36m@n8n/design-system:build: [0mtransforming...✓ 2748 modules transformed.
[36m@n8n/design-system:build: [0mrendering chunks...
[36m@n8n/design-system:build: [0mcomputing gzip size...
[36m@n8n/design-system:build: [0mdist/design-system.css          131.25 kB │ gzip:  20.71 kB
[36m@n8n/design-system:build: [0mdist/en-CTG8Ntni.js               0.08 kB │ gzip:   0.08 kB
[36m@n8n/design-system:build: [0mdist/en-DbaxML9S.js               4.83 kB │ gzip:   1.74 kB
[36m@n8n/design-system:build: [0mdist/n8n-design-system.es.js  1,937.34 kB │ gzip: 476.17 kB
[36m@n8n/design-system:build: [0m[2K[36m@n8n/design-system:build: [0mtransforming...✓ 2748 modules transformed.
[36m@n8n/design-system:build: [0mrendering chunks...
[36m@n8n/design-system:build: [0mcomputing gzip size...
[36m@n8n/design-system:build: [0mdist/design-system.css           131.25 kB │ gzip:  20.71 kB
[36m@n8n/design-system:build: [0mdist/n8n-design-system.umd.js  1,449.98 kB │ gzip: 416.64 kB
[36m@n8n/design-system:build: [0m✓ built in 8.47s
[36m@n8n/chat:build: [0mcache hit, replaying logs [2m786f31c42997d027[0m
[36m@n8n/chat:build: [0m
[36m@n8n/chat:build: [0m> @n8n/chat@1.0.0 build /Users/joaolucashilgert/Development/Docker/n8n8/packages/frontend/@n8n/chat
[36m@n8n/chat:build: [0m> pnpm build:vite && pnpm build:bundle
[36m@n8n/chat:build: [0m
[36m@n8n/chat:build: [0m
[36m@n8n/chat:build: [0m> @n8n/chat@1.0.0 build:vite /Users/joaolucashilgert/Development/Docker/n8n8/packages/frontend/@n8n/chat
[36m@n8n/chat:build: [0m> cross-env vite build
[36m@n8n/chat:build: [0m
[36m@n8n/chat:build: [0mrolldown-vite v7.2.10 building client environment for production...
[36m@n8n/chat:build: [0m[2K[36m@n8n/chat:build: [0mtransforming...✓ 2926 modules transformed.
[36m@n8n/chat:build: [0mrendering chunks...
[36m@n8n/chat:build: [0m[plugin builtin:vite-reporter] 
[36m@n8n/chat:build: [0m(!) /Users/joaolucashilgert/Development/Docker/n8n8/packages/frontend/@n8n/design-system/src/locale/lang/en.ts is dynamically imported by /Users/joaolucashilgert/Development/Docker/n8n8/packages/frontend/@n8n/design-system/src/locale/index.ts but also statically imported by /Users/joaolucashilgert/Development/Docker/n8n8/packages/frontend/@n8n/design-system/src/locale/index.ts, dynamic import will not move module into another chunk.
[36m@n8n/chat:build: [0m
[36m@n8n/chat:build: [0m
[36m@n8n/chat:build: [0m[vite:dts] Start generate declaration files...
[36m@n8n/chat:build: [0m[vite:dts] Declaration files built in 10307ms.
[36m@n8n/chat:build: [0m
[36m@n8n/chat:build: [0mcomputing gzip size...
[36m@n8n/chat:build: [0mdist/chat.css       63.83 kB │ gzip:   9.85 kB
[36m@n8n/chat:build: [0mdist/chat.es.js  1,084.00 kB │ gzip: 296.09 kB
[36m@n8n/chat:build: [0m[2K[36m@n8n/chat:build: [0mtransforming...✓ 2926 modules transformed.
[36m@n8n/chat:build: [0mrendering chunks...
[36m@n8n/chat:build: [0mcomputing gzip size...
[36m@n8n/chat:build: [0mdist/chat.css      63.83 kB │ gzip:   9.85 kB
[36m@n8n/chat:build: [0mdist/chat.umd.js  804.69 kB │ gzip: 261.03 kB
[36m@n8n/chat:build: [0m✓ built in 22.77s
[36m@n8n/chat:build: [0m
[36m@n8n/chat:build: [0m> @n8n/chat@1.0.0 build:bundle /Users/joaolucashilgert/Development/Docker/n8n8/packages/frontend/@n8n/chat
[36m@n8n/chat:build: [0m> cross-env INCLUDE_VUE=true vite build
[36m@n8n/chat:build: [0m
[36m@n8n/chat:build: [0mrolldown-vite v7.2.10 building client environment for production...
[36m@n8n/chat:build: [0m[2K[36m@n8n/chat:build: [0mtransforming...✓ 2929 modules transformed.
[36m@n8n/chat:build: [0mrendering chunks...
[36m@n8n/chat:build: [0m[plugin builtin:vite-reporter] 
[36m@n8n/chat:build: [0m(!) /Users/joaolucashilgert/Development/Docker/n8n8/packages/frontend/@n8n/design-system/src/locale/lang/en.ts is dynamically imported by /Users/joaolucashilgert/Development/Docker/n8n8/packages/frontend/@n8n/design-system/src/locale/index.ts but also statically imported by /Users/joaolucashilgert/Development/Docker/n8n8/packages/frontend/@n8n/design-system/src/locale/index.ts, dynamic import will not move module into another chunk.
[36m@n8n/chat:build: [0m
[36m@n8n/chat:build: [0m
[36m@n8n/chat:build: [0m[vite:dts] Start generate declaration files...
[36m@n8n/chat:build: [0m[vite:dts] Declaration files built in 8665ms.
[36m@n8n/chat:build: [0m
[36m@n8n/chat:build: [0mcomputing gzip size...
[36m@n8n/chat:build: [0mdist/chat.css              63.83 kB │ gzip:   9.85 kB
[36m@n8n/chat:build: [0mdist/chat.bundle.es.js  1,170.33 kB │ gzip: 324.49 kB
[36m@n8n/chat:build: [0m[2K[36m@n8n/chat:build: [0mtransforming...✓ 2929 modules transformed.
[36m@n8n/chat:build: [0mrendering chunks...
[36m@n8n/chat:build: [0mcomputing gzip size...
[36m@n8n/chat:build: [0mdist/chat.css             63.83 kB │ gzip:   9.85 kB
[36m@n8n/chat:build: [0mdist/chat.bundle.umd.js  808.03 kB │ gzip: 282.77 kB
[36m@n8n/chat:build: [0m✓ built in 20.18s
[36mn8n-workflow:build: [0mcache hit, replaying logs [2me8cd1e8d9a63cdea[0m
[36mn8n-workflow:build: [0m
[36mn8n-workflow:build: [0m> n8n-workflow@2.0.0 build /Users/joaolucashilgert/Development/Docker/n8n8/packages/workflow
[36mn8n-workflow:build: [0m> tsc --build tsconfig.build.esm.json tsconfig.build.cjs.json
[36mn8n-workflow:build: [0m
[35m@n8n/stores:build: [0mcache hit, replaying logs [2m6f31cbba060b1fe1[0m
[35m@n8n/stores:build: [0m
[35m@n8n/stores:build: [0m> @n8n/stores@2.0.0 build /Users/joaolucashilgert/Development/Docker/n8n8/packages/frontend/@n8n/stores
[35m@n8n/stores:build: [0m> tsdown
[35m@n8n/stores:build: [0m
[35m@n8n/stores:build: [0m[34mℹ[39m tsdown [2mv0.16.8[22m powered by rolldown [2mv1.0.0-beta.52[22m
[35m@n8n/stores:build: [0m[34mℹ[39m Using tsdown config: [4m/Users/joaolucashilgert/Development/Docker/n8n8/packages/frontend/@n8n/stores/tsdown.config.ts[24m
[35m@n8n/stores:build: [0m[34mℹ[39m entry: [34msrc/constants.ts, src/index.ts, src/metaTagConfig.ts, src/useAgentRequestStore.ts, src/useRootStore.ts[39m
[35m@n8n/stores:build: [0m[34mℹ[39m tsconfig: [34mtsconfig.json[39m
[35m@n8n/stores:build: [0m[34mℹ[39m Build start
[35m@n8n/stores:build: [0m[34mℹ[39m Cleaning 34 files
[35m@n8n/stores:build: [0m[34mℹ[39m [33m[CJS][39m [2mdist/[22m[1museRootStore.cjs[22m              [2m5.68 kB[22m [2m│ gzip: 1.28 kB[22m
[35m@n8n/stores:build: [0m[34mℹ[39m [33m[CJS][39m [2mdist/[22m[1museAgentRequestStore.cjs[22m      [2m1.90 kB[22m [2m│ gzip: 0.57 kB[22m
[35m@n8n/stores:build: [0m[34mℹ[39m [33m[CJS][39m [2mdist/[22m[1mmetaTagConfig.cjs[22m             [2m0.23 kB[22m [2m│ gzip: 0.11 kB[22m
[35m@n8n/stores:build: [0m[34mℹ[39m [33m[CJS][39m [2mdist/[22m[1mconstants.cjs[22m                 [2m0.10 kB[22m [2m│ gzip: 0.08 kB[22m
[35m@n8n/stores:build: [0m[34mℹ[39m [33m[CJS][39m [2mdist/[22m[1mindex.cjs[22m                     [2m0.10 kB[22m [2m│ gzip: 0.08 kB[22m
[35m@n8n/stores:build: [0m[34mℹ[39m [33m[CJS][39m [2mdist/[22museRootStore.cjs.map          [2m9.94 kB[22m [2m│ gzip: 2.19 kB[22m
[35m@n8n/stores:build: [0m[34mℹ[39m [33m[CJS][39m [2mdist/[22museAgentRequestStore.cjs.map  [2m3.72 kB[22m [2m│ gzip: 1.15 kB[22m
[35m@n8n/stores:build: [0m[34mℹ[39m [33m[CJS][39m [2mdist/[22mconstants2.cjs.map            [2m2.10 kB[22m [2m│ gzip: 0.97 kB[22m
[35m@n8n/stores:build: [0m[34mℹ[39m [33m[CJS][39m [2mdist/[22mmetaTagConfig2.cjs.map        [2m1.85 kB[22m [2m│ gzip: 0.76 kB[22m
[35m@n8n/stores:build: [0m[34mℹ[39m [33m[CJS][39m [2mdist/[22mconstants2.cjs                [2m1.55 kB[22m [2m│ gzip: 0.82 kB[22m
[35m@n8n/stores:build: [0m[34mℹ[39m [33m[CJS][39m [2mdist/[22mmetaTagConfig2.cjs            [2m1.34 kB[22m [2m│ gzip: 0.51 kB[22m
[35m@n8n/stores:build: [0m[34mℹ[39m [33m[CJS][39m 11 files, total: 28.51 kB
[35m@n8n/stores:build: [0m[33m[EMPTY_IMPORT_META] Warning:[0m `import.meta` may not be a valid syntax with the `cjs` output format.
[35m@n8n/stores:build: [0m   [38;5;246m╭[0m[38;5;246m─[0m[38;5;246m[[0m src/useRootStore.ts:8:34 [38;5;246m][0m
[35m@n8n/stores:build: [0m   [38;5;246m│[0m
[35m@n8n/stores:build: [0m [38;5;246m8 │[0m [38;5;249mc[0m[38;5;249mo[0m[38;5;249mn[0m[38;5;249ms[0m[38;5;249mt[0m[38;5;249m [0m[38;5;249m{[0m[38;5;249m [0m[38;5;249mV[0m[38;5;249mU[0m[38;5;249mE[0m[38;5;249m_[0m[38;5;249mA[0m[38;5;249mP[0m[38;5;249mP[0m[38;5;249m_[0m[38;5;249mU[0m[38;5;249mR[0m[38;5;249mL[0m[38;5;249m_[0m[38;5;249mB[0m[38;5;249mA[0m[38;5;249mS[0m[38;5;249mE[0m[38;5;249m_[0m[38;5;249mA[0m[38;5;249mP[0m[38;5;249mI[0m[38;5;249m [0m[38;5;249m}[0m[38;5;249m [0m[38;5;249m=[0m[38;5;249m [0mimport.meta[38;5;249m.[0m[38;5;249me[0m[38;5;249mn[0m[38;5;249mv[0m[38;5;249m;[0m
[35m@n8n/stores:build: [0m [38;5;240m  │[0m                                  ─────┬─────  
[35m@n8n/stores:build: [0m [38;5;240m  │[0m                                       ╰─────── This `import.meta` will be replaced with an empty object (`{}`) automatically. If this is desired, you can suppress this warning by adding `transform.define: { 'import.meta': {} }`. If `import.meta` needs to be kept as-is, you need to set the output format to `esm`.
[35m@n8n/stores:build: [0m[38;5;246m───╯[0m
[35m@n8n/stores:build: [0m
[35m@n8n/stores:build: [0m[34mℹ[39m [34m[ESM][39m [2mdist/[22m[1museRootStore.mjs[22m              [2m 5.43 kB[22m [2m│ gzip: 1.25 kB[22m
[35m@n8n/stores:build: [0m[34mℹ[39m [34m[ESM][39m [2mdist/[22m[1museAgentRequestStore.mjs[22m      [2m 1.86 kB[22m [2m│ gzip: 0.55 kB[22m
[35m@n8n/stores:build: [0m[34mℹ[39m [34m[ESM][39m [2mdist/[22m[1mmetaTagConfig.mjs[22m             [2m 0.16 kB[22m [2m│ gzip: 0.11 kB[22m
[35m@n8n/stores:build: [0m[34mℹ[39m [34m[ESM][39m [2mdist/[22m[1mconstants.mjs[22m                 [2m 0.07 kB[22m [2m│ gzip: 0.08 kB[22m
[35m@n8n/stores:build: [0m[34mℹ[39m [34m[ESM][39m [2mdist/[22m[1mindex.mjs[22m                     [2m 0.07 kB[22m [2m│ gzip: 0.08 kB[22m
[35m@n8n/stores:build: [0m[34mℹ[39m [34m[ESM][39m [2mdist/[22museRootStore.mjs.map          [2m10.02 kB[22m [2m│ gzip: 2.17 kB[22m
[35m@n8n/stores:build: [0m[34mℹ[39m [34m[ESM][39m [2mdist/[22museAgentRequestStore.mjs.map  [2m 3.73 kB[22m [2m│ gzip: 1.16 kB[22m
[35m@n8n/stores:build: [0m[34mℹ[39m [34m[ESM][39m [2mdist/[22mconstants2.mjs.map            [2m 2.10 kB[22m [2m│ gzip: 0.97 kB[22m
[35m@n8n/stores:build: [0m[34mℹ[39m [34m[ESM][39m [2mdist/[22mmetaTagConfig2.mjs.map        [2m 1.85 kB[22m [2m│ gzip: 0.76 kB[22m
[35m@n8n/stores:build: [0m[34mℹ[39m [34m[ESM][39m [2mdist/[22mconstants2.mjs                [2m 1.47 kB[22m [2m│ gzip: 0.76 kB[22m
[35m@n8n/stores:build: [0m[34mℹ[39m [34m[ESM][39m [2mdist/[22mmetaTagConfig2.mjs            [2m 1.12 kB[22m [2m│ gzip: 0.46 kB[22m
[35m@n8n/stores:build: [0m[34mℹ[39m [34m[ESM][39m [2mdist/[22m[32m[1museRootStore.d.mts[22m[39m            [2m 7.48 kB[22m [2m│ gzip: 0.93 kB[22m
[35m@n8n/stores:build: [0m[34mℹ[39m [34m[ESM][39m [2mdist/[22m[32m[1museAgentRequestStore.d.mts[22m[39m    [2m 2.51 kB[22m [2m│ gzip: 0.50 kB[22m
[35m@n8n/stores:build: [0m[34mℹ[39m [34m[ESM][39m [2mdist/[22m[32m[1mmetaTagConfig.d.mts[22m[39m           [2m 0.31 kB[22m [2m│ gzip: 0.17 kB[22m
[35m@n8n/stores:build: [0m[34mℹ[39m [34m[ESM][39m [2mdist/[22m[32m[1mconstants.d.mts[22m[39m               [2m 0.07 kB[22m [2m│ gzip: 0.07 kB[22m
[35m@n8n/stores:build: [0m[34mℹ[39m [34m[ESM][39m [2mdist/[22m[32m[1mindex.d.mts[22m[39m                   [2m 0.07 kB[22m [2m│ gzip: 0.07 kB[22m
[35m@n8n/stores:build: [0m[34mℹ[39m [34m[ESM][39m [2mdist/[22m[32mconstants2.d.mts[39m              [2m 1.93 kB[22m [2m│ gzip: 0.78 kB[22m
[35m@n8n/stores:build: [0m[34mℹ[39m [34m[ESM][39m 17 files, total: 40.22 kB
[35m@n8n/stores:build: [0m[34mℹ[39m [33m[CJS][39m [2mdist/[22m[32m[1museRootStore.d.cts[22m[39m          [2m7.48 kB[22m [2m│ gzip: 0.93 kB[22m
[35m@n8n/stores:build: [0m[34mℹ[39m [33m[CJS][39m [2mdist/[22m[32m[1museAgentRequestStore.d.cts[22m[39m  [2m2.51 kB[22m [2m│ gzip: 0.50 kB[22m
[35m@n8n/stores:build: [0m[34mℹ[39m [33m[CJS][39m [2mdist/[22m[32m[1mmetaTagConfig.d.cts[22m[39m         [2m0.31 kB[22m [2m│ gzip: 0.17 kB[22m
[35m@n8n/stores:build: [0m[34mℹ[39m [33m[CJS][39m [2mdist/[22m[32m[1mconstants.d.cts[22m[39m             [2m0.07 kB[22m [2m│ gzip: 0.07 kB[22m
[35m@n8n/stores:build: [0m[34mℹ[39m [33m[CJS][39m [2mdist/[22m[32m[1mindex.d.cts[22m[39m                 [2m0.07 kB[22m [2m│ gzip: 0.07 kB[22m
[35m@n8n/stores:build: [0m[34mℹ[39m [33m[CJS][39m [2mdist/[22m[32mconstants2.d.cts[39m            [2m1.93 kB[22m [2m│ gzip: 0.78 kB[22m
[35m@n8n/stores:build: [0m[34mℹ[39m [33m[CJS][39m 6 files, total: 12.36 kB
[35m@n8n/stores:build: [0m[32m✔[39m Build complete in [32m3240ms[39m
[35m@n8n/i18n:build: [0mcache hit, replaying logs [2me0e15762befe9255[0m
[35m@n8n/i18n:build: [0m
[35m@n8n/i18n:build: [0m> @n8n/i18n@2.0.0 build /Users/joaolucashilgert/Development/Docker/n8n8/packages/frontend/@n8n/i18n
[35m@n8n/i18n:build: [0m> tsdown
[35m@n8n/i18n:build: [0m
[35m@n8n/i18n:build: [0m[34mℹ[39m tsdown [2mv0.16.8[22m powered by rolldown [2mv1.0.0-beta.52[22m
[35m@n8n/i18n:build: [0m[34mℹ[39m Using tsdown config: [4m/Users/joaolucashilgert/Development/Docker/n8n8/packages/frontend/@n8n/i18n/tsdown.config.ts[24m
[35m@n8n/i18n:build: [0m[34mℹ[39m entry: [34msrc/index.ts, src/types.ts, src/utils.ts[39m
[35m@n8n/i18n:build: [0m[34mℹ[39m tsconfig: [34mtsconfig.json[39m
[35m@n8n/i18n:build: [0m[34mℹ[39m Build start
[35m@n8n/i18n:build: [0m[34mℹ[39m Cleaning 20 files
[35m@n8n/i18n:build: [0m[34mℹ[39m [33m[CJS][39m [2mdist/[22m[1mindex.cjs[22m       [2m341.09 kB[22m [2m│ gzip: 77.33 kB[22m
[35m@n8n/i18n:build: [0m[34mℹ[39m [33m[CJS][39m [2mdist/[22m[1mutils.cjs[22m       [2m  0.29 kB[22m [2m│ gzip:  0.15 kB[22m
[35m@n8n/i18n:build: [0m[34mℹ[39m [33m[CJS][39m [2mdist/[22m[1mtypes.cjs[22m       [2m  0.00 kB[22m [2m│ gzip:  0.02 kB[22m
[35m@n8n/i18n:build: [0m[34mℹ[39m [33m[CJS][39m [2mdist/[22mindex.cjs.map   [2m432.09 kB[22m [2m│ gzip: 87.70 kB[22m
[35m@n8n/i18n:build: [0m[34mℹ[39m [33m[CJS][39m [2mdist/[22mutils2.cjs.map  [2m  3.42 kB[22m [2m│ gzip:  1.35 kB[22m
[35m@n8n/i18n:build: [0m[34mℹ[39m [33m[CJS][39m [2mdist/[22mutils2.cjs      [2m  2.69 kB[22m [2m│ gzip:  1.02 kB[22m
[35m@n8n/i18n:build: [0m[34mℹ[39m [33m[CJS][39m 6 files, total: 779.58 kB
[35m@n8n/i18n:build: [0m[34mℹ[39m [33m[CJS][39m [2mdist/[22m[32m[1mindex.d.cts[22m[39m   [2m220.75 kB[22m [2m│ gzip: 29.82 kB[22m
[35m@n8n/i18n:build: [0m[34mℹ[39m [33m[CJS][39m [2mdist/[22m[32m[1mutils.d.cts[22m[39m   [2m  0.46 kB[22m [2m│ gzip:  0.25 kB[22m
[35m@n8n/i18n:build: [0m[34mℹ[39m [33m[CJS][39m [2mdist/[22m[32m[1mtypes.d.cts[22m[39m   [2m  0.20 kB[22m [2m│ gzip:  0.14 kB[22m
[35m@n8n/i18n:build: [0m[34mℹ[39m [33m[CJS][39m [2mdist/[22m[32mtypes2.d.cts[39m  [2m209.10 kB[22m [2m│ gzip: 28.77 kB[22m
[35m@n8n/i18n:build: [0m[34mℹ[39m [33m[CJS][39m 4 files, total: 430.52 kB
[35m@n8n/i18n:build: [0m[34mℹ[39m [34m[ESM][39m [2mdist/[22m[1mindex.mjs[22m       [2m340.69 kB[22m [2m│ gzip: 77.31 kB[22m
[35m@n8n/i18n:build: [0m[34mℹ[39m [34m[ESM][39m [2mdist/[22m[1mutils.mjs[22m       [2m  0.22 kB[22m [2m│ gzip:  0.15 kB[22m
[35m@n8n/i18n:build: [0m[34mℹ[39m [34m[ESM][39m [2mdist/[22m[1mtypes.mjs[22m       [2m  0.01 kB[22m [2m│ gzip:  0.03 kB[22m
[35m@n8n/i18n:build: [0m[34mℹ[39m [34m[ESM][39m [2mdist/[22mindex.mjs.map   [2m431.99 kB[22m [2m│ gzip: 87.66 kB[22m
[35m@n8n/i18n:build: [0m[34mℹ[39m [34m[ESM][39m [2mdist/[22mutils2.mjs.map  [2m  3.42 kB[22m [2m│ gzip:  1.35 kB[22m
[35m@n8n/i18n:build: [0m[34mℹ[39m [34m[ESM][39m [2mdist/[22mutils2.mjs      [2m  2.27 kB[22m [2m│ gzip:  0.96 kB[22m
[35m@n8n/i18n:build: [0m[34mℹ[39m [34m[ESM][39m [2mdist/[22m[32m[1mindex.d.mts[22m[39m     [2m220.75 kB[22m [2m│ gzip: 29.82 kB[22m
[35m@n8n/i18n:build: [0m[34mℹ[39m [34m[ESM][39m [2mdist/[22m[32m[1mutils.d.mts[22m[39m     [2m  0.46 kB[22m [2m│ gzip:  0.25 kB[22m
[35m@n8n/i18n:build: [0m[34mℹ[39m [34m[ESM][39m [2mdist/[22m[32m[1mtypes.d.mts[22m[39m     [2m  0.20 kB[22m [2m│ gzip:  0.14 kB[22m
[35m@n8n/i18n:build: [0m[34mℹ[39m [34m[ESM][39m [2mdist/[22m[32mtypes2.d.mts[39m    [2m209.10 kB[22m [2m│ gzip: 28.77 kB[22m
[35m@n8n/i18n:build: [0m[34mℹ[39m [34m[ESM][39m 10 files, total: 1209.12 kB
[35m@n8n/i18n:build: [0m[32m✔[39m Build complete in [32m4251ms[39m
[34m@n8n/decorators:build: [0mcache hit, replaying logs [2m6c55b89c4acb6523[0m
[34m@n8n/decorators:build: [0m
[34m@n8n/decorators:build: [0m> @n8n/decorators@1.0.0 build /Users/joaolucashilgert/Development/Docker/n8n8/packages/@n8n/decorators
[34m@n8n/decorators:build: [0m> tsc -p tsconfig.build.json
[34m@n8n/decorators:build: [0m
[33m@n8n/backend-common:build: [0mcache hit, replaying logs [2m06b159d2a04b9171[0m
[33m@n8n/backend-common:build: [0m
[33m@n8n/backend-common:build: [0m> @n8n/backend-common@1.0.0 build /Users/joaolucashilgert/Development/Docker/n8n8/packages/@n8n/backend-common
[33m@n8n/backend-common:build: [0m> tsc -p tsconfig.build.json
[33m@n8n/backend-common:build: [0m
[32m@n8n/api-types:build: [0mcache hit, replaying logs [2m7163a885b260dff0[0m
[32m@n8n/api-types:build: [0m
[32m@n8n/api-types:build: [0m> @n8n/api-types@1.0.0 build /Users/joaolucashilgert/Development/Docker/n8n8/packages/@n8n/api-types
[32m@n8n/api-types:build: [0m> tsc -p tsconfig.build.json
[32m@n8n/api-types:build: [0m
[36mn8n-core:build: [0mcache hit, replaying logs [2m37b2b899b25d7bdd[0m
[36mn8n-core:build: [0m
[36mn8n-core:build: [0m> n8n-core@2.0.0 build /Users/joaolucashilgert/Development/Docker/n8n8/packages/core
[36mn8n-core:build: [0m> tsc -p tsconfig.build.json && tsc-alias -p tsconfig.build.json
[36mn8n-core:build: [0m
[32mn8n-node-dev:build: [0mcache hit, replaying logs [2m43f75dd0075bd0b9[0m
[32mn8n-node-dev:build: [0m
[32mn8n-node-dev:build: [0m> n8n-node-dev@2.0.0 build /Users/joaolucashilgert/Development/Docker/n8n8/packages/node-dev
[32mn8n-node-dev:build: [0m> tsc --noEmit
[32mn8n-node-dev:build: [0m
[35m@n8n/ai-workflow-builder:build: [0mcache hit, replaying logs [2mf58453abf3265812[0m
[35m@n8n/ai-workflow-builder:build: [0m
[35m@n8n/ai-workflow-builder:build: [0m> @n8n/ai-workflow-builder@1.0.0 build /Users/joaolucashilgert/Development/Docker/n8n8/packages/@n8n/ai-workflow-builder.ee
[35m@n8n/ai-workflow-builder:build: [0m> tsc -p ./tsconfig.build.json && tsc-alias -p tsconfig.build.json
[35m@n8n/ai-workflow-builder:build: [0m
[34m@n8n/task-runner:build: [0mcache hit, replaying logs [2m71468a8ff2248851[0m
[34m@n8n/task-runner:build: [0m
[34m@n8n/task-runner:build: [0m> @n8n/task-runner@2.0.0 build /Users/joaolucashilgert/Development/Docker/n8n8/packages/@n8n/task-runner
[34m@n8n/task-runner:build: [0m> tsc -p ./tsconfig.build.json && tsc-alias -p tsconfig.build.json
[34m@n8n/task-runner:build: [0m
[34m@n8n/rest-api-client:build: [0mcache hit, replaying logs [2m4d11f9ca975bb4f1[0m
[34m@n8n/rest-api-client:build: [0m
[34m@n8n/rest-api-client:build: [0m> @n8n/rest-api-client@2.0.0 build /Users/joaolucashilgert/Development/Docker/n8n8/packages/frontend/@n8n/rest-api-client
[34m@n8n/rest-api-client:build: [0m> tsdown
[34m@n8n/rest-api-client:build: [0m
[34m@n8n/rest-api-client:build: [0m[34mℹ[39m tsdown [2mv0.16.8[22m powered by rolldown [2mv1.0.0-beta.52[22m
[34m@n8n/rest-api-client:build: [0m[34mℹ[39m Using tsdown config: [4m/Users/joaolucashilgert/Development/Docker/n8n8/packages/frontend/@n8n/rest-api-client/tsdown.config.ts[24m
[34m@n8n/rest-api-client:build: [0m[34mℹ[39m entry: [34msrc/index.ts, src/types.ts, src/utils.ts, src/api/api-keys.ts, src/api/breaking-changes.ts, src/api/cloudPlans.ts, src/api/communityNodes.ts, src/api/consent.ts, src/api/credentialResolvers.ts, src/api/ctas.ts, src/api/dynamic-banners.ts, src/api/eventbus.ee.ts, src/api/events.ts, src/api/execution.ts, src/api/externalSecrets.ee.ts, src/api/index.ts, src/api/ldap.ts, src/api/mfa.ts, src/api/module-settings.ts, src/api/nodeTypes.ts, src/api/npsSurvey.ts, src/api/orchestration.ts, src/api/prompts.ts, src/api/provisioning.ts, src/api/roles.ts, src/api/settings.ts, src/api/sso.ts, src/api/tags.ts, src/api/templates.ts, src/api/third-party-licenses.ts, src/api/ui.ts, src/api/usage.ts, src/api/users.ts, src/api/versions.ts, src/api/webhooks.ts, src/api/workflowHistory.ts, src/api/workflows.ts[39m
[34m@n8n/rest-api-client:build: [0m[34mℹ[39m tsconfig: [34mtsconfig.json[39m
[34m@n8n/rest-api-client:build: [0m[34mℹ[39m Build start
[34m@n8n/rest-api-client:build: [0m[34mℹ[39m Cleaning 333 files
[34m@n8n/rest-api-client:build: [0m[34mℹ[39m [33m[CJS][39m [2mdist/[22m[1mindex.cjs[22m                     [2m 9.84 kB[22m [2m│ gzip: 1.87 kB[22m
[34m@n8n/rest-api-client:build: [0m[34mℹ[39m [33m[CJS][39m [2mdist/[22m[1mapi/index.cjs[22m                 [2m 9.28 kB[22m [2m│ gzip: 1.74 kB[22m
[34m@n8n/rest-api-client:build: [0m[34mℹ[39m [33m[CJS][39m [2mdist/[22m[1mapi/users.cjs[22m                 [2m 1.19 kB[22m [2m│ gzip: 0.32 kB[22m
[34m@n8n/rest-api-client:build: [0m[34mℹ[39m [33m[CJS][39m [2mdist/[22m[1mapi/nodeTypes.cjs[22m             [2m 0.86 kB[22m [2m│ gzip: 0.25 kB[22m
[34m@n8n/rest-api-client:build: [0m[34mℹ[39m [33m[CJS][39m [2mdist/[22m[1mapi/breaking-changes.cjs[22m      [2m 0.78 kB[22m [2m│ gzip: 0.33 kB[22m
[34m@n8n/rest-api-client:build: [0m[34mℹ[39m [33m[CJS][39m [2mdist/[22m[1mapi/externalSecrets.ee.cjs[22m    [2m 0.68 kB[22m [2m│ gzip: 0.18 kB[22m
[34m@n8n/rest-api-client:build: [0m[34mℹ[39m [33m[CJS][39m [2mdist/[22m[1mapi/credentialResolvers.cjs[22m   [2m 0.63 kB[22m [2m│ gzip: 0.16 kB[22m
[34m@n8n/rest-api-client:build: [0m[34mℹ[39m [33m[CJS][39m [2mdist/[22m[1mutils.cjs[22m                     [2m 0.61 kB[22m [2m│ gzip: 0.22 kB[22m
[34m@n8n/rest-api-client:build: [0m[34mℹ[39m [33m[CJS][39m [2mdist/[22m[1mapi/eventbus.ee.cjs[22m           [2m 0.56 kB[22m [2m│ gzip: 0.19 kB[22m
[34m@n8n/rest-api-client:build: [0m[34mℹ[39m [33m[CJS][39m [2mdist/[22m[1mapi/sso.cjs[22m                   [2m 0.53 kB[22m [2m│ gzip: 0.18 kB[22m
[34m@n8n/rest-api-client:build: [0m[34mℹ[39m [33m[CJS][39m [2mdist/[22m[1mapi/templates.cjs[22m             [2m 0.51 kB[22m [2m│ gzip: 0.18 kB[22m
[34m@n8n/rest-api-client:build: [0m[34mℹ[39m [33m[CJS][39m [2mdist/[22m[1mapi/consent.cjs[22m               [2m 0.50 kB[22m [2m│ gzip: 0.26 kB[22m
[34m@n8n/rest-api-client:build: [0m[34mℹ[39m [33m[CJS][39m [2mdist/[22m[1mapi/communityNodes.cjs[22m        [2m 0.48 kB[22m [2m│ gzip: 0.17 kB[22m
[34m@n8n/rest-api-client:build: [0m[34mℹ[39m [33m[CJS][39m [2mdist/[22m[1mapi/cloudPlans.cjs[22m            [2m 0.48 kB[22m [2m│ gzip: 0.18 kB[22m
[34m@n8n/rest-api-client:build: [0m[34mℹ[39m [33m[CJS][39m [2mdist/[22m[1mapi/usage.cjs[22m                 [2m 0.37 kB[22m [2m│ gzip: 0.17 kB[22m
[34m@n8n/rest-api-client:build: [0m[34mℹ[39m [33m[CJS][39m [2mdist/[22m[1mapi/ldap.cjs[22m                  [2m 0.36 kB[22m [2m│ gzip: 0.16 kB[22m
[34m@n8n/rest-api-client:build: [0m[34mℹ[39m [33m[CJS][39m [2mdist/[22m[1mapi/mfa.cjs[22m                   [2m 0.35 kB[22m [2m│ gzip: 0.17 kB[22m
[34m@n8n/rest-api-client:build: [0m[34mℹ[39m [33m[CJS][39m [2mdist/[22m[1mapi/roles.cjs[22m                 [2m 0.35 kB[22m [2m│ gzip: 0.15 kB[22m
[34m@n8n/rest-api-client:build: [0m[34mℹ[39m [33m[CJS][39m [2mdist/[22m[1mapi/api-keys.cjs[22m              [2m 0.35 kB[22m [2m│ gzip: 0.15 kB[22m
[34m@n8n/rest-api-client:build: [0m[34mℹ[39m [33m[CJS][39m [2mdist/[22m[1mapi/dynamic-banners.cjs[22m       [2m 0.30 kB[22m [2m│ gzip: 0.20 kB[22m
[34m@n8n/rest-api-client:build: [0m[34mℹ[39m [33m[CJS][39m [2mdist/[22m[1mapi/provisioning.cjs[22m          [2m 0.24 kB[22m [2m│ gzip: 0.12 kB[22m
[34m@n8n/rest-api-client:build: [0m[34mℹ[39m [33m[CJS][39m [2mdist/[22m[1mapi/workflowHistory.cjs[22m       [2m 0.24 kB[22m [2m│ gzip: 0.12 kB[22m
[34m@n8n/rest-api-client:build: [0m[34mℹ[39m [33m[CJS][39m [2mdist/[22m[1mapi/versions.cjs[22m              [2m 0.20 kB[22m [2m│ gzip: 0.12 kB[22m
[34m@n8n/rest-api-client:build: [0m[34mℹ[39m [33m[CJS][39m [2mdist/[22m[1mapi/prompts.cjs[22m               [2m 0.20 kB[22m [2m│ gzip: 0.12 kB[22m
[34m@n8n/rest-api-client:build: [0m[34mℹ[39m [33m[CJS][39m [2mdist/[22m[1mapi/third-party-licenses.cjs[22m  [2m 0.19 kB[22m [2m│ gzip: 0.12 kB[22m
[34m@n8n/rest-api-client:build: [0m[34mℹ[39m [33m[CJS][39m [2mdist/[22m[1mapi/module-settings.cjs[22m       [2m 0.16 kB[22m [2m│ gzip: 0.11 kB[22m
[34m@n8n/rest-api-client:build: [0m[34mℹ[39m [33m[CJS][39m [2mdist/[22m[1mapi/orchestration.cjs[22m         [2m 0.16 kB[22m [2m│ gzip: 0.11 kB[22m
[34m@n8n/rest-api-client:build: [0m[34mℹ[39m [33m[CJS][39m [2mdist/[22m[1mapi/npsSurvey.cjs[22m             [2m 0.15 kB[22m [2m│ gzip: 0.10 kB[22m
[34m@n8n/rest-api-client:build: [0m[34mℹ[39m [33m[CJS][39m [2mdist/[22m[1mapi/ui.cjs[22m                    [2m 0.14 kB[22m [2m│ gzip: 0.11 kB[22m
[34m@n8n/rest-api-client:build: [0m[34mℹ[39m [33m[CJS][39m [2mdist/[22m[1mapi/ctas.cjs[22m                  [2m 0.14 kB[22m [2m│ gzip: 0.10 kB[22m
[34m@n8n/rest-api-client:build: [0m[34mℹ[39m [33m[CJS][39m [2mdist/[22m[1mapi/events.cjs[22m                [2m 0.13 kB[22m [2m│ gzip: 0.10 kB[22m
[34m@n8n/rest-api-client:build: [0m[34mℹ[39m [33m[CJS][39m [2mdist/[22m[1mapi/settings.cjs[22m              [2m 0.13 kB[22m [2m│ gzip: 0.09 kB[22m
[34m@n8n/rest-api-client:build: [0m[34mℹ[39m [33m[CJS][39m [2mdist/[22m[1mapi/webhooks.cjs[22m              [2m 0.13 kB[22m [2m│ gzip: 0.10 kB[22m
[34m@n8n/rest-api-client:build: [0m[34mℹ[39m [33m[CJS][39m [2mdist/[22m[1mapi/execution.cjs[22m             [2m 0.00 kB[22m [2m│ gzip: 0.02 kB[22m
[34m@n8n/rest-api-client:build: [0m[34mℹ[39m [33m[CJS][39m [2mdist/[22m[1mapi/tags.cjs[22m                  [2m 0.00 kB[22m [2m│ gzip: 0.02 kB[22m
[34m@n8n/rest-api-client:build: [0m[34mℹ[39m [33m[CJS][39m [2mdist/[22m[1mapi/workflows.cjs[22m             [2m 0.00 kB[22m [2m│ gzip: 0.02 kB[22m
[34m@n8n/rest-api-client:build: [0m[34mℹ[39m [33m[CJS][39m [2mdist/[22m[1mtypes.cjs[22m                     [2m 0.00 kB[22m [2m│ gzip: 0.02 kB[22m
[34m@n8n/rest-api-client:build: [0m[34mℹ[39m [33m[CJS][39m [2mdist/[22mutils2.cjs.map                [2m13.07 kB[22m [2m│ gzip: 4.24 kB[22m
[34m@n8n/rest-api-client:build: [0m[34mℹ[39m [33m[CJS][39m [2mdist/[22mutils2.cjs                    [2m 8.89 kB[22m [2m│ gzip: 2.85 kB[22m
[34m@n8n/rest-api-client:build: [0m[34mℹ[39m [33m[CJS][39m [2mdist/[22musers.cjs.map                 [2m 8.64 kB[22m [2m│ gzip: 1.84 kB[22m
[34m@n8n/rest-api-client:build: [0m[34mℹ[39m [33m[CJS][39m [2mdist/[22mtemplates.cjs.map             [2m 6.30 kB[22m [2m│ gzip: 1.70 kB[22m
[34m@n8n/rest-api-client:build: [0m[34mℹ[39m [33m[CJS][39m [2mdist/[22musers.cjs                     [2m 5.39 kB[22m [2m│ gzip: 0.86 kB[22m
[34m@n8n/rest-api-client:build: [0m[34mℹ[39m [33m[CJS][39m [2mdist/[22mnodeTypes.cjs.map             [2m 4.67 kB[22m [2m│ gzip: 1.32 kB[22m
[34m@n8n/rest-api-client:build: [0m[34mℹ[39m [33m[CJS][39m [2mdist/[22mnodeTypes.cjs                 [2m 3.77 kB[22m [2m│ gzip: 0.84 kB[22m
[34m@n8n/rest-api-client:build: [0m[34mℹ[39m [33m[CJS][39m [2mdist/[22msso.cjs.map                   [2m 2.84 kB[22m [2m│ gzip: 0.77 kB[22m
[34m@n8n/rest-api-client:build: [0m[34mℹ[39m [33m[CJS][39m [2mdist/[22mcloudPlans.cjs.map            [2m 2.79 kB[22m [2m│ gzip: 1.01 kB[22m
[34m@n8n/rest-api-client:build: [0m[34mℹ[39m [33m[CJS][39m [2mdist/[22mexternalSecrets.ee.cjs.map    [2m 2.64 kB[22m [2m│ gzip: 0.70 kB[22m
[34m@n8n/rest-api-client:build: [0m[34mℹ[39m [33m[CJS][39m [2mdist/[22mldap.cjs.map                  [2m 2.63 kB[22m [2m│ gzip: 0.90 kB[22m
[34m@n8n/rest-api-client:build: [0m[34mℹ[39m [33m[CJS][39m [2mdist/[22msso.cjs                       [2m 2.52 kB[22m [2m│ gzip: 0.49 kB[22m
[34m@n8n/rest-api-client:build: [0m[34mℹ[39m [33m[CJS][39m [2mdist/[22mtemplates.cjs                 [2m 2.50 kB[22m [2m│ gzip: 0.59 kB[22m
[34m@n8n/rest-api-client:build: [0m[34mℹ[39m [33m[CJS][39m [2mdist/[22meventbus.ee.cjs.map           [2m 2.33 kB[22m [2m│ gzip: 0.79 kB[22m
[34m@n8n/rest-api-client:build: [0m[34mℹ[39m [33m[CJS][39m [2mdist/[22mexternalSecrets.ee.cjs        [2m 2.31 kB[22m [2m│ gzip: 0.45 kB[22m
[34m@n8n/rest-api-client:build: [0m[34mℹ[39m [33m[CJS][39m [2mdist/[22mcredentialResolvers.cjs.map   [2m 2.25 kB[22m [2m│ gzip: 0.59 kB[22m
[34m@n8n/rest-api-client:build: [0m[34mℹ[39m [33m[CJS][39m [2mdist/[22mcommunityNodes.cjs.map        [2m 2.11 kB[22m [2m│ gzip: 0.82 kB[22m
[34m@n8n/rest-api-client:build: [0m[34mℹ[39m [33m[CJS][39m [2mdist/[22mversions.cjs.map              [2m 2.05 kB[22m [2m│ gzip: 0.78 kB[22m
[34m@n8n/rest-api-client:build: [0m[34mℹ[39m [33m[CJS][39m [2mdist/[22mcredentialResolvers.cjs       [2m 2.00 kB[22m [2m│ gzip: 0.41 kB[22m
[34m@n8n/rest-api-client:build: [0m[34mℹ[39m [33m[CJS][39m [2mdist/[22mworkflowHistory.cjs.map       [2m 1.97 kB[22m [2m│ gzip: 0.71 kB[22m
[34m@n8n/rest-api-client:build: [0m[34mℹ[39m [33m[CJS][39m [2mdist/[22meventbus.ee.cjs               [2m 1.94 kB[22m [2m│ gzip: 0.50 kB[22m
[34m@n8n/rest-api-client:build: [0m[34mℹ[39m [33m[CJS][39m [2mdist/[22mmfa.cjs.map                   [2m 1.88 kB[22m [2m│ gzip: 0.61 kB[22m
[34m@n8n/rest-api-client:build: [0m[34mℹ[39m [33m[CJS][39m [2mdist/[22musage.cjs.map                 [2m 1.80 kB[22m [2m│ gzip: 0.64 kB[22m
[34m@n8n/rest-api-client:build: [0m[34mℹ[39m [33m[CJS][39m [2mdist/[22mcommunityNodes.cjs            [2m 1.76 kB[22m [2m│ gzip: 0.57 kB[22m
[34m@n8n/rest-api-client:build: [0m[34mℹ[39m [33m[CJS][39m [2mdist/[22mroles.cjs.map                 [2m 1.76 kB[22m [2m│ gzip: 0.60 kB[22m
[34m@n8n/rest-api-client:build: [0m[34mℹ[39m [33m[CJS][39m [2mdist/[22mapi-keys.cjs.map              [2m 1.75 kB[22m [2m│ gzip: 0.58 kB[22m
[34m@n8n/rest-api-client:build: [0m[34mℹ[39m [33m[CJS][39m [2mdist/[22mcloudPlans.cjs                [2m 1.69 kB[22m [2m│ gzip: 0.43 kB[22m
[34m@n8n/rest-api-client:build: [0m[34mℹ[39m [33m[CJS][39m [2mdist/[22mmfa.cjs                       [2m 1.63 kB[22m [2m│ gzip: 0.41 kB[22m
[34m@n8n/rest-api-client:build: [0m[34mℹ[39m [33m[CJS][39m [2mdist/[22mapi/breaking-changes.cjs.map  [2m 1.56 kB[22m [2m│ gzip: 0.62 kB[22m
[34m@n8n/rest-api-client:build: [0m[34mℹ[39m [33m[CJS][39m [2mdist/[22musage.cjs                     [2m 1.52 kB[22m [2m│ gzip: 0.42 kB[22m
[34m@n8n/rest-api-client:build: [0m[34mℹ[39m [33m[CJS][39m [2mdist/[22mroles.cjs                     [2m 1.49 kB[22m [2m│ gzip: 0.41 kB[22m
[34m@n8n/rest-api-client:build: [0m[34mℹ[39m [33m[CJS][39m [2mdist/[22mldap.cjs                      [2m 1.47 kB[22m [2m│ gzip: 0.40 kB[22m
[34m@n8n/rest-api-client:build: [0m[34mℹ[39m [33m[CJS][39m [2mdist/[22mapi-keys.cjs                  [2m 1.41 kB[22m [2m│ gzip: 0.39 kB[22m
[34m@n8n/rest-api-client:build: [0m[34mℹ[39m [33m[CJS][39m [2mdist/[22mprompts.cjs.map               [2m 1.16 kB[22m [2m│ gzip: 0.53 kB[22m
[34m@n8n/rest-api-client:build: [0m[34mℹ[39m [33m[CJS][39m [2mdist/[22mprovisioning.cjs.map          [2m 1.08 kB[22m [2m│ gzip: 0.46 kB[22m
[34m@n8n/rest-api-client:build: [0m[34mℹ[39m [33m[CJS][39m [2mdist/[22mapi/consent.cjs.map           [2m 0.96 kB[22m [2m│ gzip: 0.45 kB[22m
[34m@n8n/rest-api-client:build: [0m[34mℹ[39m [33m[CJS][39m [2mdist/[22mapi/dynamic-banners.cjs.map   [2m 0.94 kB[22m [2m│ gzip: 0.51 kB[22m
[34m@n8n/rest-api-client:build: [0m[34mℹ[39m [33m[CJS][39m [2mdist/[22mversions.cjs                  [2m 0.88 kB[22m [2m│ gzip: 0.37 kB[22m
[34m@n8n/rest-api-client:build: [0m[34mℹ[39m [33m[CJS][39m [2mdist/[22mprompts.cjs                   [2m 0.85 kB[22m [2m│ gzip: 0.37 kB[22m
[34m@n8n/rest-api-client:build: [0m[34mℹ[39m [33m[CJS][39m [2mdist/[22mworkflowHistory.cjs           [2m 0.83 kB[22m [2m│ gzip: 0.34 kB[22m
[34m@n8n/rest-api-client:build: [0m[34mℹ[39m [33m[CJS][39m [2mdist/[22mprovisioning.cjs              [2m 0.73 kB[22m [2m│ gzip: 0.32 kB[22m
[34m@n8n/rest-api-client:build: [0m[34mℹ[39m [33m[CJS][39m [2mdist/[22mwebhooks.cjs.map              [2m 0.73 kB[22m [2m│ gzip: 0.42 kB[22m
[34m@n8n/rest-api-client:build: [0m[34mℹ[39m [33m[CJS][39m [2mdist/[22mui.cjs.map                    [2m 0.66 kB[22m [2m│ gzip: 0.40 kB[22m
[34m@n8n/rest-api-client:build: [0m[34mℹ[39m [33m[CJS][39m [2mdist/[22mmodule-settings.cjs.map       [2m 0.56 kB[22m [2m│ gzip: 0.32 kB[22m
[34m@n8n/rest-api-client:build: [0m[34mℹ[39m [33m[CJS][39m [2mdist/[22morchestration.cjs.map         [2m 0.56 kB[22m [2m│ gzip: 0.35 kB[22m
[34m@n8n/rest-api-client:build: [0m[34mℹ[39m [33m[CJS][39m [2mdist/[22mthird-party-licenses.cjs.map  [2m 0.55 kB[22m [2m│ gzip: 0.35 kB[22m
[34m@n8n/rest-api-client:build: [0m[34mℹ[39m [33m[CJS][39m [2mdist/[22mnpsSurvey.cjs.map             [2m 0.55 kB[22m [2m│ gzip: 0.33 kB[22m
[34m@n8n/rest-api-client:build: [0m[34mℹ[39m [33m[CJS][39m [2mdist/[22msettings.cjs.map              [2m 0.52 kB[22m [2m│ gzip: 0.31 kB[22m
[34m@n8n/rest-api-client:build: [0m[34mℹ[39m [33m[CJS][39m [2mdist/[22mthird-party-licenses.cjs      [2m 0.47 kB[22m [2m│ gzip: 0.29 kB[22m
[34m@n8n/rest-api-client:build: [0m[34mℹ[39m [33m[CJS][39m [2mdist/[22morchestration.cjs             [2m 0.47 kB[22m [2m│ gzip: 0.30 kB[22m
[34m@n8n/rest-api-client:build: [0m[34mℹ[39m [33m[CJS][39m [2mdist/[22mevents.cjs.map                [2m 0.46 kB[22m [2m│ gzip: 0.30 kB[22m
[34m@n8n/rest-api-client:build: [0m[34mℹ[39m [33m[CJS][39m [2mdist/[22mctas.cjs.map                  [2m 0.45 kB[22m [2m│ gzip: 0.31 kB[22m
[34m@n8n/rest-api-client:build: [0m[34mℹ[39m [33m[CJS][39m [2mdist/[22mui.cjs                        [2m 0.44 kB[22m [2m│ gzip: 0.29 kB[22m
[34m@n8n/rest-api-client:build: [0m[34mℹ[39m [33m[CJS][39m [2mdist/[22mnpsSurvey.cjs                 [2m 0.42 kB[22m [2m│ gzip: 0.28 kB[22m
[34m@n8n/rest-api-client:build: [0m[34mℹ[39m [33m[CJS][39m [2mdist/[22mmodule-settings.cjs           [2m 0.41 kB[22m [2m│ gzip: 0.27 kB[22m
[34m@n8n/rest-api-client:build: [0m[34mℹ[39m [33m[CJS][39m [2mdist/[22mwebhooks.cjs                  [2m 0.39 kB[22m [2m│ gzip: 0.27 kB[22m
[34m@n8n/rest-api-client:build: [0m[34mℹ[39m [33m[CJS][39m [2mdist/[22mevents.cjs                    [2m 0.39 kB[22m [2m│ gzip: 0.27 kB[22m
[34m@n8n/rest-api-client:build: [0m[34mℹ[39m [33m[CJS][39m [2mdist/[22mctas.cjs                      [2m 0.38 kB[22m [2m│ gzip: 0.26 kB[22m
[34m@n8n/rest-api-client:build: [0m[34mℹ[39m [33m[CJS][39m [2mdist/[22msettings.cjs                  [2m 0.37 kB[22m [2m│ gzip: 0.26 kB[22m
[34m@n8n/rest-api-client:build: [0m[34mℹ[39m [33m[CJS][39m [2mdist/[22mapi.cjs                       [2m 0.00 kB[22m [2m│ gzip: 0.02 kB[22m
[34m@n8n/rest-api-client:build: [0m[34mℹ[39m [33m[CJS][39m 97 files, total: 150.76 kB
[34m@n8n/rest-api-client:build: [0m[33m[EMPTY_IMPORT_META] Warning:[0m `import.meta` may not be a valid syntax with the `cjs` output format.
[34m@n8n/rest-api-client:build: [0m     [38;5;246m╭[0m[38;5;246m─[0m[38;5;246m[[0m src/utils.ts:112:3 [38;5;246m][0m
[34m@n8n/rest-api-client:build: [0m     [38;5;246m│[0m
[34m@n8n/rest-api-client:build: [0m [38;5;246m112 │[0m [38;5;249m [0m[38;5;249m [0m[38;5;249m [0m[38;5;249m [0m[38;5;249m [0m[38;5;249m [0m[38;5;249m [0mimport.meta[38;5;249m.[0m[38;5;249me[0m[38;5;249mn[0m[38;5;249mv[0m[38;5;249m.[0m[38;5;249mN[0m[38;5;249mO[0m[38;5;249mD[0m[38;5;249mE[0m[38;5;249m_[0m[38;5;249mE[0m[38;5;249mN[0m[38;5;249mV[0m[38;5;249m [0m[38;5;249m![0m[38;5;249m=[0m[38;5;249m=[0m[38;5;249m [0m[38;5;249m'[0m[38;5;249mp[0m[38;5;249mr[0m[38;5;249mo[0m[38;5;249md[0m[38;5;249mu[0m[38;5;249mc[0m[38;5;249mt[0m[38;5;249mi[0m[38;5;249mo[0m[38;5;249mn[0m[38;5;249m'[0m[38;5;249m [0m[38;5;249m&[0m[38;5;249m&[0m
[34m@n8n/rest-api-client:build: [0m [38;5;240m    │[0m        ─────┬─────  
[34m@n8n/rest-api-client:build: [0m [38;5;240m    │[0m             ╰─────── This `import.meta` will be replaced with an empty object (`{}`) automatically. If this is desired, you can suppress this warning by adding `transform.define: { 'import.meta': {} }`. If `import.meta` needs to be kept as-is, you need to set the output format to `esm`.
[34m@n8n/rest-api-client:build: [0m[38;5;246m─────╯[0m
[34m@n8n/rest-api-client:build: [0m
[34m@n8n/rest-api-client:build: [0m[34mℹ[39m [33m[CJS][39m [2mdist/[22m[32m[1mindex.d.cts[22m[39m                     [2m9.02 kB[22m [2m│ gzip: 2.30 kB[22m
[34m@n8n/rest-api-client:build: [0m[34mℹ[39m [33m[CJS][39m [2mdist/[22m[32m[1mapi/index.d.cts[22m[39m                 [2m8.60 kB[22m [2m│ gzip: 2.15 kB[22m
[34m@n8n/rest-api-client:build: [0m[34mℹ[39m [33m[CJS][39m [2mdist/[22m[32m[1mapi/users.d.cts[22m[39m                 [2m1.35 kB[22m [2m│ gzip: 0.43 kB[22m
[34m@n8n/rest-api-client:build: [0m[34mℹ[39m [33m[CJS][39m [2mdist/[22m[32m[1mapi/templates.d.cts[22m[39m             [2m1.12 kB[22m [2m│ gzip: 0.33 kB[22m
[34m@n8n/rest-api-client:build: [0m[34mℹ[39m [33m[CJS][39m [2mdist/[22m[32m[1mapi/breaking-changes.d.cts[22m[39m      [2m0.77 kB[22m [2m│ gzip: 0.32 kB[22m
[34m@n8n/rest-api-client:build: [0m[34mℹ[39m [33m[CJS][39m [2mdist/[22m[32m[1mapi/dynamic-banners.d.cts[22m[39m       [2m0.75 kB[22m [2m│ gzip: 0.40 kB[22m
[34m@n8n/rest-api-client:build: [0m[34mℹ[39m [33m[CJS][39m [2mdist/[22m[32m[1mapi/nodeTypes.d.cts[22m[39m             [2m0.63 kB[22m [2m│ gzip: 0.24 kB[22m
[34m@n8n/rest-api-client:build: [0m[34mℹ[39m [33m[CJS][39m [2mdist/[22m[32m[1mapi/consent.d.cts[22m[39m               [2m0.57 kB[22m [2m│ gzip: 0.28 kB[22m
[34m@n8n/rest-api-client:build: [0m[34mℹ[39m [33m[CJS][39m [2mdist/[22m[32m[1mapi/eventbus.ee.d.cts[22m[39m           [2m0.48 kB[22m [2m│ gzip: 0.21 kB[22m
[34m@n8n/rest-api-client:build: [0m[34mℹ[39m [33m[CJS][39m [2mdist/[22m[32m[1mapi/workflowHistory.d.cts[22m[39m       [2m0.47 kB[22m [2m│ gzip: 0.18 kB[22m
[34m@n8n/rest-api-client:build: [0m[34mℹ[39m [33m[CJS][39m [2mdist/[22m[32m[1mapi/sso.d.cts[22m[39m                   [2m0.45 kB[22m [2m│ gzip: 0.20 kB[22m
[34m@n8n/rest-api-client:build: [0m[34mℹ[39m [33m[CJS][39m [2mdist/[22m[32m[1mapi/externalSecrets.ee.d.cts[22m[39m    [2m0.44 kB[22m [2m│ gzip: 0.18 kB[22m
[34m@n8n/rest-api-client:build: [0m[34mℹ[39m [33m[CJS][39m [2mdist/[22m[32m[1mutils.d.cts[22m[39m                     [2m0.43 kB[22m [2m│ gzip: 0.23 kB[22m
[34m@n8n/rest-api-client:build: [0m[34mℹ[39m [33m[CJS][39m [2mdist/[22m[32m[1mapi/cloudPlans.d.cts[22m[39m            [2m0.43 kB[22m [2m│ gzip: 0.22 kB[22m
[34m@n8n/rest-api-client:build: [0m[34mℹ[39m [33m[CJS][39m [2mdist/[22m[32m[1mapi/credentialResolvers.d.cts[22m[39m   [2m0.41 kB[22m [2m│ gzip: 0.15 kB[22m
[34m@n8n/rest-api-client:build: [0m[34mℹ[39m [33m[CJS][39m [2mdist/[22m[32m[1mapi/ldap.d.cts[22m[39m                  [2m0.37 kB[22m [2m│ gzip: 0.18 kB[22m
[34m@n8n/rest-api-client:build: [0m[34mℹ[39m [33m[CJS][39m [2mdist/[22m[32m[1mapi/communityNodes.d.cts[22m[39m        [2m0.33 kB[22m [2m│ gzip: 0.17 kB[22m
[34m@n8n/rest-api-client:build: [0m[34mℹ[39m [33m[CJS][39m [2mdist/[22m[32m[1mapi/mfa.d.cts[22m[39m                   [2m0.29 kB[22m [2m│ gzip: 0.17 kB[22m
[34m@n8n/rest-api-client:build: [0m[34mℹ[39m [33m[CJS][39m [2mdist/[22m[32m[1mapi/usage.d.cts[22m[39m                 [2m0.28 kB[22m [2m│ gzip: 0.16 kB[22m
[34m@n8n/rest-api-client:build: [0m[34mℹ[39m [33m[CJS][39m [2mdist/[22m[32m[1mapi/versions.d.cts[22m[39m              [2m0.26 kB[22m [2m│ gzip: 0.14 kB[22m
[34m@n8n/rest-api-client:build: [0m[34mℹ[39m [33m[CJS][39m [2mdist/[22m[32m[1mapi/roles.d.cts[22m[39m                 [2m0.25 kB[22m [2m│ gzip: 0.14 kB[22m
[34m@n8n/rest-api-client:build: [0m[34mℹ[39m [33m[CJS][39m [2mdist/[22m[32m[1mapi/api-keys.d.cts[22m[39m              [2m0.23 kB[22m [2m│ gzip: 0.14 kB[22m
[34m@n8n/rest-api-client:build: [0m[34mℹ[39m [33m[CJS][39m [2mdist/[22m[32m[1mapi/workflows.d.cts[22m[39m             [2m0.23 kB[22m [2m│ gzip: 0.13 kB[22m
[34m@n8n/rest-api-client:build: [0m[34mℹ[39m [33m[CJS][39m [2mdist/[22m[32m[1mapi/provisioning.d.cts[22m[39m          [2m0.22 kB[22m [2m│ gzip: 0.12 kB[22m
[34m@n8n/rest-api-client:build: [0m[34mℹ[39m [33m[CJS][39m [2mdist/[22m[32m[1mapi/prompts.d.cts[22m[39m               [2m0.20 kB[22m [2m│ gzip: 0.13 kB[22m
[34m@n8n/rest-api-client:build: [0m[34mℹ[39m [33m[CJS][39m [2mdist/[22m[32m[1mapi/third-party-licenses.d.cts[22m[39m  [2m0.13 kB[22m [2m│ gzip: 0.10 kB[22m
[34m@n8n/rest-api-client:build: [0m[34mℹ[39m [33m[CJS][39m [2mdist/[22m[32m[1mapi/orchestration.d.cts[22m[39m         [2m0.12 kB[22m [2m│ gzip: 0.10 kB[22m
[34m@n8n/rest-api-client:build: [0m[34mℹ[39m [33m[CJS][39m [2mdist/[22m[32m[1mapi/ui.d.cts[22m[39m                    [2m0.12 kB[22m [2m│ gzip: 0.10 kB[22m
[34m@n8n/rest-api-client:build: [0m[34mℹ[39m [33m[CJS][39m [2mdist/[22m[32m[1mapi/module-settings.d.cts[22m[39m       [2m0.12 kB[22m [2m│ gzip: 0.10 kB[22m
[34m@n8n/rest-api-client:build: [0m[34mℹ[39m [33m[CJS][39m [2mdist/[22m[32m[1mapi/npsSurvey.d.cts[22m[39m             [2m0.12 kB[22m [2m│ gzip: 0.10 kB[22m
[34m@n8n/rest-api-client:build: [0m[34mℹ[39m [33m[CJS][39m [2mdist/[22m[32m[1mapi/ctas.d.cts[22m[39m                  [2m0.11 kB[22m [2m│ gzip: 0.10 kB[22m
[34m@n8n/rest-api-client:build: [0m[34mℹ[39m [33m[CJS][39m [2mdist/[22m[32m[1mapi/events.d.cts[22m[39m                [2m0.10 kB[22m [2m│ gzip: 0.09 kB[22m
[34m@n8n/rest-api-client:build: [0m[34mℹ[39m [33m[CJS][39m [2mdist/[22m[32m[1mapi/settings.d.cts[22m[39m              [2m0.10 kB[22m [2m│ gzip: 0.09 kB[22m
[34m@n8n/rest-api-client:build: [0m[34mℹ[39m [33m[CJS][39m [2mdist/[22m[32m[1mapi/webhooks.d.cts[22m[39m              [2m0.10 kB[22m [2m│ gzip: 0.09 kB[22m
[34m@n8n/rest-api-client:build: [0m[34mℹ[39m [33m[CJS][39m [2mdist/[22m[32m[1mtypes.d.cts[22m[39m                     [2m0.08 kB[22m [2m│ gzip: 0.08 kB[22m
[34m@n8n/rest-api-client:build: [0m[34mℹ[39m [33m[CJS][39m [2mdist/[22m[32m[1mapi/tags.d.cts[22m[39m                  [2m0.06 kB[22m [2m│ gzip: 0.07 kB[22m
[34m@n8n/rest-api-client:build: [0m[34mℹ[39m [33m[CJS][39m [2mdist/[22m[32m[1mapi/execution.d.cts[22m[39m             [2m0.01 kB[22m [2m│ gzip: 0.03 kB[22m
[34m@n8n/rest-api-client:build: [0m[34mℹ[39m [33m[CJS][39m [2mdist/[22m[32musers.d.cts[39m                     [2m5.50 kB[22m [2m│ gzip: 1.25 kB[22m
[34m@n8n/rest-api-client:build: [0m[34mℹ[39m [33m[CJS][39m [2mdist/[22m[32mtemplates.d.cts[39m                 [2m4.26 kB[22m [2m│ gzip: 1.08 kB[22m
[34m@n8n/rest-api-client:build: [0m[34mℹ[39m [33m[CJS][39m [2mdist/[22m[32mutils2.d.cts[39m                    [2m2.20 kB[22m [2m│ gzip: 0.79 kB[22m
[34m@n8n/rest-api-client:build: [0m[34mℹ[39m [33m[CJS][39m [2mdist/[22m[32mnodeTypes.d.cts[39m                 [2m2.05 kB[22m [2m│ gzip: 0.58 kB[22m
[34m@n8n/rest-api-client:build: [0m[34mℹ[39m [33m[CJS][39m [2mdist/[22m[32mcloudPlans.d.cts[39m                [2m1.94 kB[22m [2m│ gzip: 0.76 kB[22m
[34m@n8n/rest-api-client:build: [0m[34mℹ[39m [33m[CJS][39m [2mdist/[22m[32mldap.d.cts[39m                      [2m1.75 kB[22m [2m│ gzip: 0.62 kB[22m
[34m@n8n/rest-api-client:build: [0m[34mℹ[39m [33m[CJS][39m [2mdist/[22m[32mworkflowHistory.d.cts[39m           [2m1.46 kB[22m [2m│ gzip: 0.54 kB[22m
[34m@n8n/rest-api-client:build: [0m[34mℹ[39m [33m[CJS][39m [2mdist/[22m[32msso.d.cts[39m                       [2m1.38 kB[22m [2m│ gzip: 0.45 kB[22m
[34m@n8n/rest-api-client:build: [0m[34mℹ[39m [33m[CJS][39m [2mdist/[22m[32mversions.d.cts[39m                  [2m1.31 kB[22m [2m│ gzip: 0.51 kB[22m
[34m@n8n/rest-api-client:build: [0m[34mℹ[39m [33m[CJS][39m [2mdist/[22m[32meventbus.ee.d.cts[39m               [2m1.29 kB[22m [2m│ gzip: 0.42 kB[22m
[34m@n8n/rest-api-client:build: [0m[34mℹ[39m [33m[CJS][39m [2mdist/[22m[32mexternalSecrets.ee.d.cts[39m        [2m1.29 kB[22m [2m│ gzip: 0.39 kB[22m
[34m@n8n/rest-api-client:build: [0m[34mℹ[39m [33m[CJS][39m [2mdist/[22m[32mcredentialResolvers.d.cts[39m       [2m1.23 kB[22m [2m│ gzip: 0.35 kB[22m
[34m@n8n/rest-api-client:build: [0m[34mℹ[39m [33m[CJS][39m [2mdist/[22m[32mworkflows.d.cts[39m                 [2m1.22 kB[22m [2m│ gzip: 0.47 kB[22m
[34m@n8n/rest-api-client:build: [0m[34mℹ[39m [33m[CJS][39m [2mdist/[22m[32mmfa.d.cts[39m                       [2m0.94 kB[22m [2m│ gzip: 0.37 kB[22m
[34m@n8n/rest-api-client:build: [0m[34mℹ[39m [33m[CJS][39m [2mdist/[22m[32mapi-keys.d.cts[39m                  [2m0.92 kB[22m [2m│ gzip: 0.36 kB[22m
[34m@n8n/rest-api-client:build: [0m[34mℹ[39m [33m[CJS][39m [2mdist/[22m[32mcommunityNodes.d.cts[39m            [2m0.91 kB[22m [2m│ gzip: 0.36 kB[22m
[34m@n8n/rest-api-client:build: [0m[34mℹ[39m [33m[CJS][39m [2mdist/[22m[32musage.d.cts[39m                     [2m0.91 kB[22m [2m│ gzip: 0.36 kB[22m
[34m@n8n/rest-api-client:build: [0m[34mℹ[39m [33m[CJS][39m [2mdist/[22m[32mroles.d.cts[39m                     [2m0.87 kB[22m [2m│ gzip: 0.34 kB[22m
[34m@n8n/rest-api-client:build: [0m[34mℹ[39m [33m[CJS][39m [2mdist/[22m[32mprovisioning.d.cts[39m              [2m0.68 kB[22m [2m│ gzip: 0.30 kB[22m
[34m@n8n/rest-api-client:build: [0m[34mℹ[39m [33m[CJS][39m [2mdist/[22m[32mprompts.d.cts[39m                   [2m0.53 kB[22m [2m│ gzip: 0.27 kB[22m
[34m@n8n/rest-api-client:build: [0m[34mℹ[39m [33m[CJS][39m [2mdist/[22m[32mwebhooks.d.cts[39m                  [2m0.47 kB[22m [2m│ gzip: 0.28 kB[22m
[34m@n8n/rest-api-client:build: [0m[34mℹ[39m [33m[CJS][39m [2mdist/[22m[32mui.d.cts[39m                        [2m0.36 kB[22m [2m│ gzip: 0.25 kB[22m
[34m@n8n/rest-api-client:build: [0m[34mℹ[39m [33m[CJS][39m [2mdist/[22m[32mmodule-settings.d.cts[39m           [2m0.34 kB[22m [2m│ gzip: 0.22 kB[22m
[34m@n8n/rest-api-client:build: [0m[34mℹ[39m [33m[CJS][39m [2mdist/[22m[32mnpsSurvey.d.cts[39m                 [2m0.33 kB[22m [2m│ gzip: 0.22 kB[22m
[34m@n8n/rest-api-client:build: [0m[34mℹ[39m [33m[CJS][39m [2mdist/[22m[32msettings.d.cts[39m                  [2m0.30 kB[22m [2m│ gzip: 0.20 kB[22m
[34m@n8n/rest-api-client:build: [0m[34mℹ[39m [33m[CJS][39m [2mdist/[22m[32mthird-party-licenses.d.cts[39m      [2m0.28 kB[22m [2m│ gzip: 0.20 kB[22m
[34m@n8n/rest-api-client:build: [0m[34mℹ[39m [33m[CJS][39m [2mdist/[22m[32morchestration.d.cts[39m             [2m0.27 kB[22m [2m│ gzip: 0.20 kB[22m
[34m@n8n/rest-api-client:build: [0m[34mℹ[39m [33m[CJS][39m [2mdist/[22m[32mctas.d.cts[39m                      [2m0.25 kB[22m [2m│ gzip: 0.19 kB[22m
[34m@n8n/rest-api-client:build: [0m[34mℹ[39m [33m[CJS][39m [2mdist/[22m[32mevents.d.cts[39m                    [2m0.24 kB[22m [2m│ gzip: 0.18 kB[22m
[34m@n8n/rest-api-client:build: [0m[34mℹ[39m [33m[CJS][39m [2mdist/[22m[32mtags.d.cts[39m                      [2m0.21 kB[22m [2m│ gzip: 0.16 kB[22m
[34m@n8n/rest-api-client:build: [0m[34mℹ[39m [33m[CJS][39m [2mdist/[22m[32mtypes2.d.cts[39m                    [2m0.18 kB[22m [2m│ gzip: 0.15 kB[22m
[34m@n8n/rest-api-client:build: [0m[34mℹ[39m [33m[CJS][39m [2mdist/[22m[32mindex2.d.cts[39m                    [2m0.01 kB[22m [2m│ gzip: 0.03 kB[22m
[34m@n8n/rest-api-client:build: [0m[34mℹ[39m [33m[CJS][39m 69 files, total: 65.64 kB
[34m@n8n/rest-api-client:build: [0m[34mℹ[39m [34m[ESM][39m [2mdist/[22m[1mindex.mjs[22m                       [2m 6.54 kB[22m [2m│ gzip: 1.76 kB[22m
[34m@n8n/rest-api-client:build: [0m[34mℹ[39m [34m[ESM][39m [2mdist/[22m[1mapi/index.mjs[22m                   [2m 6.20 kB[22m [2m│ gzip: 1.63 kB[22m
[34m@n8n/rest-api-client:build: [0m[34mℹ[39m [34m[ESM][39m [2mdist/[22m[1mapi/users.mjs[22m                   [2m 0.84 kB[22m [2m│ gzip: 0.33 kB[22m
[34m@n8n/rest-api-client:build: [0m[34mℹ[39m [34m[ESM][39m [2mdist/[22m[1mapi/breaking-changes.mjs[22m        [2m 0.69 kB[22m [2m│ gzip: 0.32 kB[22m
[34m@n8n/rest-api-client:build: [0m[34mℹ[39m [34m[ESM][39m [2mdist/[22m[1mapi/nodeTypes.mjs[22m               [2m 0.63 kB[22m [2m│ gzip: 0.24 kB[22m
[34m@n8n/rest-api-client:build: [0m[34mℹ[39m [34m[ESM][39m [2mdist/[22m[1mapi/externalSecrets.ee.mjs[22m      [2m 0.44 kB[22m [2m│ gzip: 0.18 kB[22m
[34m@n8n/rest-api-client:build: [0m[34mℹ[39m [34m[ESM][39m [2mdist/[22m[1mapi/consent.mjs[22m                 [2m 0.44 kB[22m [2m│ gzip: 0.24 kB[22m
[34m@n8n/rest-api-client:build: [0m[34mℹ[39m [34m[ESM][39m [2mdist/[22m[1mapi/credentialResolvers.mjs[22m     [2m 0.42 kB[22m [2m│ gzip: 0.16 kB[22m
[34m@n8n/rest-api-client:build: [0m[34mℹ[39m [34m[ESM][39m [2mdist/[22m[1mutils.mjs[22m                       [2m 0.41 kB[22m [2m│ gzip: 0.23 kB[22m
[34m@n8n/rest-api-client:build: [0m[34mℹ[39m [34m[ESM][39m [2mdist/[22m[1mapi/eventbus.ee.mjs[22m             [2m 0.40 kB[22m [2m│ gzip: 0.19 kB[22m
[34m@n8n/rest-api-client:build: [0m[34mℹ[39m [34m[ESM][39m [2mdist/[22m[1mapi/sso.mjs[22m                     [2m 0.38 kB[22m [2m│ gzip: 0.18 kB[22m
[34m@n8n/rest-api-client:build: [0m[34mℹ[39m [34m[ESM][39m [2mdist/[22m[1mapi/templates.mjs[22m               [2m 0.35 kB[22m [2m│ gzip: 0.17 kB[22m
[34m@n8n/rest-api-client:build: [0m[34mℹ[39m [34m[ESM][39m [2mdist/[22m[1mapi/communityNodes.mjs[22m          [2m 0.33 kB[22m [2m│ gzip: 0.17 kB[22m
[34m@n8n/rest-api-client:build: [0m[34mℹ[39m [34m[ESM][39m [2mdist/[22m[1mapi/cloudPlans.mjs[22m              [2m 0.33 kB[22m [2m│ gzip: 0.18 kB[22m
[34m@n8n/rest-api-client:build: [0m[34mℹ[39m [34m[ESM][39m [2mdist/[22m[1mapi/usage.mjs[22m                   [2m 0.28 kB[22m [2m│ gzip: 0.16 kB[22m
[34m@n8n/rest-api-client:build: [0m[34mℹ[39m [34m[ESM][39m [2mdist/[22m[1mapi/ldap.mjs[22m                    [2m 0.27 kB[22m [2m│ gzip: 0.16 kB[22m
[34m@n8n/rest-api-client:build: [0m[34mℹ[39m [34m[ESM][39m [2mdist/[22m[1mapi/dynamic-banners.mjs[22m         [2m 0.27 kB[22m [2m│ gzip: 0.19 kB[22m
[34m@n8n/rest-api-client:build: [0m[34mℹ[39m [34m[ESM][39m [2mdist/[22m[1mapi/roles.mjs[22m                   [2m 0.26 kB[22m [2m│ gzip: 0.15 kB[22m
[34m@n8n/rest-api-client:build: [0m[34mℹ[39m [34m[ESM][39m [2mdist/[22m[1mapi/mfa.mjs[22m                     [2m 0.25 kB[22m [2m│ gzip: 0.16 kB[22m
[34m@n8n/rest-api-client:build: [0m[34mℹ[39m [34m[ESM][39m [2mdist/[22m[1mapi/api-keys.mjs[22m                [2m 0.24 kB[22m [2m│ gzip: 0.14 kB[22m
[34m@n8n/rest-api-client:build: [0m[34mℹ[39m [34m[ESM][39m [2mdist/[22m[1mapi/provisioning.mjs[22m            [2m 0.18 kB[22m [2m│ gzip: 0.11 kB[22m
[34m@n8n/rest-api-client:build: [0m[34mℹ[39m [34m[ESM][39m [2mdist/[22m[1mapi/workflowHistory.mjs[22m         [2m 0.17 kB[22m [2m│ gzip: 0.11 kB[22m
[34m@n8n/rest-api-client:build: [0m[34mℹ[39m [34m[ESM][39m [2mdist/[22m[1mapi/versions.mjs[22m                [2m 0.15 kB[22m [2m│ gzip: 0.12 kB[22m
[34m@n8n/rest-api-client:build: [0m[34mℹ[39m [34m[ESM][39m [2mdist/[22m[1mapi/prompts.mjs[22m                 [2m 0.15 kB[22m [2m│ gzip: 0.12 kB[22m
[34m@n8n/rest-api-client:build: [0m[34mℹ[39m [34m[ESM][39m [2mdist/[22m[1mapi/third-party-licenses.mjs[22m    [2m 0.13 kB[22m [2m│ gzip: 0.10 kB[22m
[34m@n8n/rest-api-client:build: [0m[34mℹ[39m [34m[ESM][39m [2mdist/[22m[1mapi/orchestration.mjs[22m           [2m 0.12 kB[22m [2m│ gzip: 0.10 kB[22m
[34m@n8n/rest-api-client:build: [0m[34mℹ[39m [34m[ESM][39m [2mdist/[22m[1mapi/ui.mjs[22m                      [2m 0.12 kB[22m [2m│ gzip: 0.10 kB[22m
[34m@n8n/rest-api-client:build: [0m[34mℹ[39m [34m[ESM][39m [2mdist/[22m[1mapi/module-settings.mjs[22m         [2m 0.12 kB[22m [2m│ gzip: 0.10 kB[22m
[34m@n8n/rest-api-client:build: [0m[34mℹ[39m [34m[ESM][39m [2mdist/[22m[1mapi/npsSurvey.mjs[22m               [2m 0.12 kB[22m [2m│ gzip: 0.10 kB[22m
[34m@n8n/rest-api-client:build: [0m[34mℹ[39m [34m[ESM][39m [2mdist/[22m[1mapi/ctas.mjs[22m                    [2m 0.11 kB[22m [2m│ gzip: 0.10 kB[22m
[34m@n8n/rest-api-client:build: [0m[34mℹ[39m [34m[ESM][39m [2mdist/[22m[1mapi/events.mjs[22m                  [2m 0.10 kB[22m [2m│ gzip: 0.09 kB[22m
[34m@n8n/rest-api-client:build: [0m[34mℹ[39m [34m[ESM][39m [2mdist/[22m[1mapi/settings.mjs[22m                [2m 0.10 kB[22m [2m│ gzip: 0.09 kB[22m
[34m@n8n/rest-api-client:build: [0m[34mℹ[39m [34m[ESM][39m [2mdist/[22m[1mapi/webhooks.mjs[22m                [2m 0.10 kB[22m [2m│ gzip: 0.09 kB[22m
[34m@n8n/rest-api-client:build: [0m[34mℹ[39m [34m[ESM][39m [2mdist/[22m[1mapi/execution.mjs[22m               [2m 0.01 kB[22m [2m│ gzip: 0.03 kB[22m
[34m@n8n/rest-api-client:build: [0m[34mℹ[39m [34m[ESM][39m [2mdist/[22m[1mapi/tags.mjs[22m                    [2m 0.01 kB[22m [2m│ gzip: 0.03 kB[22m
[34m@n8n/rest-api-client:build: [0m[34mℹ[39m [34m[ESM][39m [2mdist/[22m[1mapi/workflows.mjs[22m               [2m 0.01 kB[22m [2m│ gzip: 0.03 kB[22m
[34m@n8n/rest-api-client:build: [0m[34mℹ[39m [34m[ESM][39m [2mdist/[22m[1mtypes.mjs[22m                       [2m 0.01 kB[22m [2m│ gzip: 0.03 kB[22m
[34m@n8n/rest-api-client:build: [0m[34mℹ[39m [34m[ESM][39m [2mdist/[22mutils2.mjs.map                  [2m13.01 kB[22m [2m│ gzip: 4.23 kB[22m
[34m@n8n/rest-api-client:build: [0m[34mℹ[39m [34m[ESM][39m [2mdist/[22musers.mjs.map                   [2m 8.60 kB[22m [2m│ gzip: 1.83 kB[22m
[34m@n8n/rest-api-client:build: [0m[34mℹ[39m [34m[ESM][39m [2mdist/[22mutils2.mjs                      [2m 6.52 kB[22m [2m│ gzip: 2.34 kB[22m
[34m@n8n/rest-api-client:build: [0m[34mℹ[39m [34m[ESM][39m [2mdist/[22mtemplates.mjs.map               [2m 6.28 kB[22m [2m│ gzip: 1.70 kB[22m
[34m@n8n/rest-api-client:build: [0m[34mℹ[39m [34m[ESM][39m [2mdist/[22mnodeTypes.mjs.map               [2m 4.64 kB[22m [2m│ gzip: 1.31 kB[22m
[34m@n8n/rest-api-client:build: [0m[34mℹ[39m [34m[ESM][39m [2mdist/[22musers.mjs                       [2m 3.10 kB[22m [2m│ gzip: 0.74 kB[22m
[34m@n8n/rest-api-client:build: [0m[34mℹ[39m [34m[ESM][39m [2mdist/[22msso.mjs.map                     [2m 2.81 kB[22m [2m│ gzip: 0.76 kB[22m
[34m@n8n/rest-api-client:build: [0m[34mℹ[39m [34m[ESM][39m [2mdist/[22mcloudPlans.mjs.map              [2m 2.77 kB[22m [2m│ gzip: 1.00 kB[22m
[34m@n8n/rest-api-client:build: [0m[34mℹ[39m [34m[ESM][39m [2mdist/[22mexternalSecrets.ee.mjs.map      [2m 2.61 kB[22m [2m│ gzip: 0.70 kB[22m
[34m@n8n/rest-api-client:build: [0m[34mℹ[39m [34m[ESM][39m [2mdist/[22mldap.mjs.map                    [2m 2.61 kB[22m [2m│ gzip: 0.89 kB[22m
[34m@n8n/rest-api-client:build: [0m[34mℹ[39m [34m[ESM][39m [2mdist/[22mnodeTypes.mjs                   [2m 2.44 kB[22m [2m│ gzip: 0.73 kB[22m
[34m@n8n/rest-api-client:build: [0m[34mℹ[39m [34m[ESM][39m [2mdist/[22meventbus.ee.mjs.map             [2m 2.31 kB[22m [2m│ gzip: 0.79 kB[22m
[34m@n8n/rest-api-client:build: [0m[34mℹ[39m [34m[ESM][39m [2mdist/[22mcredentialResolvers.mjs.map     [2m 2.22 kB[22m [2m│ gzip: 0.58 kB[22m
[34m@n8n/rest-api-client:build: [0m[34mℹ[39m [34m[ESM][39m [2mdist/[22mcommunityNodes.mjs.map          [2m 2.04 kB[22m [2m│ gzip: 0.80 kB[22m
[34m@n8n/rest-api-client:build: [0m[34mℹ[39m [34m[ESM][39m [2mdist/[22mversions.mjs.map                [2m 1.99 kB[22m [2m│ gzip: 0.76 kB[22m
[34m@n8n/rest-api-client:build: [0m[34mℹ[39m [34m[ESM][39m [2mdist/[22mworkflowHistory.mjs.map         [2m 1.96 kB[22m [2m│ gzip: 0.71 kB[22m
[34m@n8n/rest-api-client:build: [0m[34mℹ[39m [34m[ESM][39m [2mdist/[22mmfa.mjs.map                     [2m 1.85 kB[22m [2m│ gzip: 0.61 kB[22m
[34m@n8n/rest-api-client:build: [0m[34mℹ[39m [34m[ESM][39m [2mdist/[22musage.mjs.map                   [2m 1.77 kB[22m [2m│ gzip: 0.63 kB[22m
[34m@n8n/rest-api-client:build: [0m[34mℹ[39m [34m[ESM][39m [2mdist/[22mroles.mjs.map                   [2m 1.73 kB[22m [2m│ gzip: 0.60 kB[22m
[34m@n8n/rest-api-client:build: [0m[34mℹ[39m [34m[ESM][39m [2mdist/[22mapi-keys.mjs.map                [2m 1.73 kB[22m [2m│ gzip: 0.58 kB[22m
[34m@n8n/rest-api-client:build: [0m[34mℹ[39m [34m[ESM][39m [2mdist/[22mtemplates.mjs                   [2m 1.66 kB[22m [2m│ gzip: 0.51 kB[22m
[34m@n8n/rest-api-client:build: [0m[34mℹ[39m [34m[ESM][39m [2mdist/[22mapi/breaking-changes.mjs.map    [2m 1.53 kB[22m [2m│ gzip: 0.60 kB[22m
[34m@n8n/rest-api-client:build: [0m[34mℹ[39m [34m[ESM][39m [2mdist/[22msso.mjs                         [2m 1.46 kB[22m [2m│ gzip: 0.39 kB[22m
[34m@n8n/rest-api-client:build: [0m[34mℹ[39m [34m[ESM][39m [2mdist/[22mexternalSecrets.ee.mjs          [2m 1.44 kB[22m [2m│ gzip: 0.37 kB[22m
[34m@n8n/rest-api-client:build: [0m[34mℹ[39m [34m[ESM][39m [2mdist/[22mcredentialResolvers.mjs         [2m 1.25 kB[22m [2m│ gzip: 0.34 kB[22m
[34m@n8n/rest-api-client:build: [0m[34mℹ[39m [34m[ESM][39m [2mdist/[22meventbus.ee.mjs                 [2m 1.20 kB[22m [2m│ gzip: 0.42 kB[22m
[34m@n8n/rest-api-client:build: [0m[34mℹ[39m [34m[ESM][39m [2mdist/[22mcommunityNodes.mjs              [2m 1.17 kB[22m [2m│ gzip: 0.50 kB[22m
[34m@n8n/rest-api-client:build: [0m[34mℹ[39m [34m[ESM][39m [2mdist/[22mprompts.mjs.map                 [2m 1.13 kB[22m [2m│ gzip: 0.51 kB[22m
[34m@n8n/rest-api-client:build: [0m[34mℹ[39m [34m[ESM][39m [2mdist/[22mprovisioning.mjs.map            [2m 1.05 kB[22m [2m│ gzip: 0.46 kB[22m
[34m@n8n/rest-api-client:build: [0m[34mℹ[39m [34m[ESM][39m [2mdist/[22mcloudPlans.mjs                  [2m 0.97 kB[22m [2m│ gzip: 0.36 kB[22m
[34m@n8n/rest-api-client:build: [0m[34mℹ[39m [34m[ESM][39m [2mdist/[22mmfa.mjs                         [2m 0.95 kB[22m [2m│ gzip: 0.33 kB[22m
[34m@n8n/rest-api-client:build: [0m[34mℹ[39m [34m[ESM][39m [2mdist/[22mapi/consent.mjs.map             [2m 0.94 kB[22m [2m│ gzip: 0.45 kB[22m
[34m@n8n/rest-api-client:build: [0m[34mℹ[39m [34m[ESM][39m [2mdist/[22mapi/dynamic-banners.mjs.map     [2m 0.94 kB[22m [2m│ gzip: 0.50 kB[22m
[34m@n8n/rest-api-client:build: [0m[34mℹ[39m [34m[ESM][39m [2mdist/[22musage.mjs                       [2m 0.92 kB[22m [2m│ gzip: 0.34 kB[22m
[34m@n8n/rest-api-client:build: [0m[34mℹ[39m [34m[ESM][39m [2mdist/[22mroles.mjs                       [2m 0.90 kB[22m [2m│ gzip: 0.34 kB[22m
[34m@n8n/rest-api-client:build: [0m[34mℹ[39m [34m[ESM][39m [2mdist/[22mldap.mjs                        [2m 0.88 kB[22m [2m│ gzip: 0.33 kB[22m
[34m@n8n/rest-api-client:build: [0m[34mℹ[39m [34m[ESM][39m [2mdist/[22mapi-keys.mjs                    [2m 0.83 kB[22m [2m│ gzip: 0.31 kB[22m
[34m@n8n/rest-api-client:build: [0m[34mℹ[39m [34m[ESM][39m [2mdist/[22mwebhooks.mjs.map                [2m 0.71 kB[22m [2m│ gzip: 0.41 kB[22m
[34m@n8n/rest-api-client:build: [0m[34mℹ[39m [34m[ESM][39m [2mdist/[22mui.mjs.map                      [2m 0.64 kB[22m [2m│ gzip: 0.40 kB[22m
[34m@n8n/rest-api-client:build: [0m[34mℹ[39m [34m[ESM][39m [2mdist/[22mversions.mjs                    [2m 0.62 kB[22m [2m│ gzip: 0.30 kB[22m
[34m@n8n/rest-api-client:build: [0m[34mℹ[39m [34m[ESM][39m [2mdist/[22mprompts.mjs                     [2m 0.59 kB[22m [2m│ gzip: 0.30 kB[22m
[34m@n8n/rest-api-client:build: [0m[34mℹ[39m [34m[ESM][39m [2mdist/[22mworkflowHistory.mjs             [2m 0.59 kB[22m [2m│ gzip: 0.28 kB[22m
[34m@n8n/rest-api-client:build: [0m[34mℹ[39m [34m[ESM][39m [2mdist/[22mthird-party-licenses.mjs.map    [2m 0.54 kB[22m [2m│ gzip: 0.35 kB[22m
[34m@n8n/rest-api-client:build: [0m[34mℹ[39m [34m[ESM][39m [2mdist/[22mmodule-settings.mjs.map         [2m 0.54 kB[22m [2m│ gzip: 0.32 kB[22m
[34m@n8n/rest-api-client:build: [0m[34mℹ[39m [34m[ESM][39m [2mdist/[22morchestration.mjs.map           [2m 0.54 kB[22m [2m│ gzip: 0.35 kB[22m
[34m@n8n/rest-api-client:build: [0m[34mℹ[39m [34m[ESM][39m [2mdist/[22mnpsSurvey.mjs.map               [2m 0.53 kB[22m [2m│ gzip: 0.33 kB[22m
[34m@n8n/rest-api-client:build: [0m[34mℹ[39m [34m[ESM][39m [2mdist/[22msettings.mjs.map                [2m 0.50 kB[22m [2m│ gzip: 0.31 kB[22m
[34m@n8n/rest-api-client:build: [0m[34mℹ[39m [34m[ESM][39m [2mdist/[22mprovisioning.mjs                [2m 0.50 kB[22m [2m│ gzip: 0.25 kB[22m
[34m@n8n/rest-api-client:build: [0m[34mℹ[39m [34m[ESM][39m [2mdist/[22mctas.mjs.map                    [2m 0.45 kB[22m [2m│ gzip: 0.31 kB[22m
[34m@n8n/rest-api-client:build: [0m[34mℹ[39m [34m[ESM][39m [2mdist/[22mevents.mjs.map                  [2m 0.44 kB[22m [2m│ gzip: 0.30 kB[22m
[34m@n8n/rest-api-client:build: [0m[34mℹ[39m [34m[ESM][39m [2mdist/[22morchestration.mjs               [2m 0.36 kB[22m [2m│ gzip: 0.24 kB[22m
[34m@n8n/rest-api-client:build: [0m[34mℹ[39m [34m[ESM][39m [2mdist/[22mthird-party-licenses.mjs        [2m 0.35 kB[22m [2m│ gzip: 0.24 kB[22m
[34m@n8n/rest-api-client:build: [0m[34mℹ[39m [34m[ESM][39m [2mdist/[22mui.mjs                          [2m 0.33 kB[22m [2m│ gzip: 0.23 kB[22m
[34m@n8n/rest-api-client:build: [0m[34mℹ[39m [34m[ESM][39m [2mdist/[22mnpsSurvey.mjs                   [2m 0.32 kB[22m [2m│ gzip: 0.22 kB[22m
[34m@n8n/rest-api-client:build: [0m[34mℹ[39m [34m[ESM][39m [2mdist/[22mmodule-settings.mjs             [2m 0.30 kB[22m [2m│ gzip: 0.20 kB[22m
[34m@n8n/rest-api-client:build: [0m[34mℹ[39m [34m[ESM][39m [2mdist/[22mwebhooks.mjs                    [2m 0.29 kB[22m [2m│ gzip: 0.21 kB[22m
[34m@n8n/rest-api-client:build: [0m[34mℹ[39m [34m[ESM][39m [2mdist/[22mevents.mjs                      [2m 0.29 kB[22m [2m│ gzip: 0.21 kB[22m
[34m@n8n/rest-api-client:build: [0m[34mℹ[39m [34m[ESM][39m [2mdist/[22msettings.mjs                    [2m 0.27 kB[22m [2m│ gzip: 0.20 kB[22m
[34m@n8n/rest-api-client:build: [0m[34mℹ[39m [34m[ESM][39m [2mdist/[22mctas.mjs                        [2m 0.26 kB[22m [2m│ gzip: 0.20 kB[22m
[34m@n8n/rest-api-client:build: [0m[34mℹ[39m [34m[ESM][39m [2mdist/[22mapi.mjs                         [2m 0.01 kB[22m [2m│ gzip: 0.03 kB[22m
[34m@n8n/rest-api-client:build: [0m[34mℹ[39m [34m[ESM][39m [2mdist/[22m[32m[1mindex.d.mts[22m[39m                     [2m 9.02 kB[22m [2m│ gzip: 2.30 kB[22m
[34m@n8n/rest-api-client:build: [0m[34mℹ[39m [34m[ESM][39m [2mdist/[22m[32m[1mapi/index.d.mts[22m[39m                 [2m 8.60 kB[22m [2m│ gzip: 2.15 kB[22m
[34m@n8n/rest-api-client:build: [0m[34mℹ[39m [34m[ESM][39m [2mdist/[22m[32m[1mapi/users.d.mts[22m[39m                 [2m 1.35 kB[22m [2m│ gzip: 0.43 kB[22m
[34m@n8n/rest-api-client:build: [0m[34mℹ[39m [34m[ESM][39m [2mdist/[22m[32m[1mapi/templates.d.mts[22m[39m             [2m 1.12 kB[22m [2m│ gzip: 0.33 kB[22m
[34m@n8n/rest-api-client:build: [0m[34mℹ[39m [34m[ESM][39m [2mdist/[22m[32m[1mapi/breaking-changes.d.mts[22m[39m      [2m 0.77 kB[22m [2m│ gzip: 0.32 kB[22m
[34m@n8n/rest-api-client:build: [0m[34mℹ[39m [34m[ESM][39m [2mdist/[22m[32m[1mapi/dynamic-banners.d.mts[22m[39m       [2m 0.75 kB[22m [2m│ gzip: 0.40 kB[22m
[34m@n8n/rest-api-client:build: [0m[34mℹ[39m [34m[ESM][39m [2mdist/[22m[32m[1mapi/nodeTypes.d.mts[22m[39m             [2m 0.63 kB[22m [2m│ gzip: 0.24 kB[22m
[34m@n8n/rest-api-client:build: [0m[34mℹ[39m [34m[ESM][39m [2mdist/[22m[32m[1mapi/consent.d.mts[22m[39m               [2m 0.57 kB[22m [2m│ gzip: 0.28 kB[22m
[34m@n8n/rest-api-client:build: [0m[34mℹ[39m [34m[ESM][39m [2mdist/[22m[32m[1mapi/eventbus.ee.d.mts[22m[39m           [2m 0.48 kB[22m [2m│ gzip: 0.21 kB[22m
[34m@n8n/rest-api-client:build: [0m[34mℹ[39m [34m[ESM][39m [2mdist/[22m[32m[1mapi/workflowHistory.d.mts[22m[39m       [2m 0.47 kB[22m [2m│ gzip: 0.18 kB[22m
[34m@n8n/rest-api-client:build: [0m[34mℹ[39m [34m[ESM][39m [2mdist/[22m[32m[1mapi/sso.d.mts[22m[39m                   [2m 0.45 kB[22m [2m│ gzip: 0.20 kB[22m
[34m@n8n/rest-api-client:build: [0m[34mℹ[39m [34m[ESM][39m [2mdist/[22m[32m[1mapi/externalSecrets.ee.d.mts[22m[39m    [2m 0.44 kB[22m [2m│ gzip: 0.18 kB[22m
[34m@n8n/rest-api-client:build: [0m[34mℹ[39m [34m[ESM][39m [2mdist/[22m[32m[1mutils.d.mts[22m[39m                     [2m 0.43 kB[22m [2m│ gzip: 0.23 kB[22m
[34m@n8n/rest-api-client:build: [0m[34mℹ[39m [34m[ESM][39m [2mdist/[22m[32m[1mapi/cloudPlans.d.mts[22m[39m            [2m 0.43 kB[22m [2m│ gzip: 0.22 kB[22m
[34m@n8n/rest-api-client:build: [0m[34mℹ[39m [34m[ESM][39m [2mdist/[22m[32m[1mapi/credentialResolvers.d.mts[22m[39m   [2m 0.41 kB[22m [2m│ gzip: 0.15 kB[22m
[34m@n8n/rest-api-client:build: [0m[34mℹ[39m [34m[ESM][39m [2mdist/[22m[32m[1mapi/ldap.d.mts[22m[39m                  [2m 0.37 kB[22m [2m│ gzip: 0.18 kB[22m
[34m@n8n/rest-api-client:build: [0m[34mℹ[39m [34m[ESM][39m [2mdist/[22m[32m[1mapi/communityNodes.d.mts[22m[39m        [2m 0.33 kB[22m [2m│ gzip: 0.17 kB[22m
[34m@n8n/rest-api-client:build: [0m[34mℹ[39m [34m[ESM][39m [2mdist/[22m[32m[1mapi/mfa.d.mts[22m[39m                   [2m 0.29 kB[22m [2m│ gzip: 0.17 kB[22m
[34m@n8n/rest-api-client:build: [0m[34mℹ[39m [34m[ESM][39m [2mdist/[22m[32m[1mapi/usage.d.mts[22m[39m                 [2m 0.28 kB[22m [2m│ gzip: 0.16 kB[22m
[34m@n8n/rest-api-client:build: [0m[34mℹ[39m [34m[ESM][39m [2mdist/[22m[32m[1mapi/versions.d.mts[22m[39m              [2m 0.26 kB[22m [2m│ gzip: 0.14 kB[22m
[34m@n8n/rest-api-client:build: [0m[34mℹ[39m [34m[ESM][39m [2mdist/[22m[32m[1mapi/roles.d.mts[22m[39m                 [2m 0.25 kB[22m [2m│ gzip: 0.14 kB[22m
[34m@n8n/rest-api-client:build: [0m[34mℹ[39m [34m[ESM][39m [2mdist/[22m[32m[1mapi/api-keys.d.mts[22m[39m              [2m 0.23 kB[22m [2m│ gzip: 0.14 kB[22m
[34m@n8n/rest-api-client:build: [0m[34mℹ[39m [34m[ESM][39m [2mdist/[22m[32m[1mapi/workflows.d.mts[22m[39m             [2m 0.23 kB[22m [2m│ gzip: 0.13 kB[22m
[34m@n8n/rest-api-client:build: [0m[34mℹ[39m [34m[ESM][39m [2mdist/[22m[32m[1mapi/provisioning.d.mts[22m[39m          [2m 0.22 kB[22m [2m│ gzip: 0.12 kB[22m
[34m@n8n/rest-api-client:build: [0m[34mℹ[39m [34m[ESM][39m [2mdist/[22m[32m[1mapi/prompts.d.mts[22m[39m               [2m 0.20 kB[22m [2m│ gzip: 0.13 kB[22m
[34m@n8n/rest-api-client:build: [0m[34mℹ[39m [34m[ESM][39m [2mdist/[22m[32m[1mapi/third-party-licenses.d.mts[22m[39m  [2m 0.13 kB[22m [2m│ gzip: 0.10 kB[22m
[34m@n8n/rest-api-client:build: [0m[34mℹ[39m [34m[ESM][39m [2mdist/[22m[32m[1mapi/orchestration.d.mts[22m[39m         [2m 0.12 kB[22m [2m│ gzip: 0.10 kB[22m
[34m@n8n/rest-api-client:build: [0m[34mℹ[39m [34m[ESM][39m [2mdist/[22m[32m[1mapi/ui.d.mts[22m[39m                    [2m 0.12 kB[22m [2m│ gzip: 0.10 kB[22m
[34m@n8n/rest-api-client:build: [0m[34mℹ[39m [34m[ESM][39m [2mdist/[22m[32m[1mapi/module-settings.d.mts[22m[39m       [2m 0.12 kB[22m [2m│ gzip: 0.10 kB[22m
[34m@n8n/rest-api-client:build: [0m[34mℹ[39m [34m[ESM][39m [2mdist/[22m[32m[1mapi/npsSurvey.d.mts[22m[39m             [2m 0.12 kB[22m [2m│ gzip: 0.10 kB[22m
[34m@n8n/rest-api-client:build: [0m[34mℹ[39m [34m[ESM][39m [2mdist/[22m[32m[1mapi/ctas.d.mts[22m[39m                  [2m 0.11 kB[22m [2m│ gzip: 0.10 kB[22m
[34m@n8n/rest-api-client:build: [0m[34mℹ[39m [34m[ESM][39m [2mdist/[22m[32m[1mapi/events.d.mts[22m[39m                [2m 0.10 kB[22m [2m│ gzip: 0.09 kB[22m
[34m@n8n/rest-api-client:build: [0m[34mℹ[39m [34m[ESM][39m [2mdist/[22m[32m[1mapi/settings.d.mts[22m[39m              [2m 0.10 kB[22m [2m│ gzip: 0.09 kB[22m
[34m@n8n/rest-api-client:build: [0m[34mℹ[39m [34m[ESM][39m [2mdist/[22m[32m[1mapi/webhooks.d.mts[22m[39m              [2m 0.10 kB[22m [2m│ gzip: 0.09 kB[22m
[34m@n8n/rest-api-client:build: [0m[34mℹ[39m [34m[ESM][39m [2mdist/[22m[32m[1mtypes.d.mts[22m[39m                     [2m 0.08 kB[22m [2m│ gzip: 0.08 kB[22m
[34m@n8n/rest-api-client:build: [0m[34mℹ[39m [34m[ESM][39m [2mdist/[22m[32m[1mapi/tags.d.mts[22m[39m                  [2m 0.06 kB[22m [2m│ gzip: 0.07 kB[22m
[34m@n8n/rest-api-client:build: [0m[34mℹ[39m [34m[ESM][39m [2mdist/[22m[32m[1mapi/execution.d.mts[22m[39m             [2m 0.01 kB[22m [2m│ gzip: 0.03 kB[22m
[34m@n8n/rest-api-client:build: [0m[34mℹ[39m [34m[ESM][39m [2mdist/[22m[32musers.d.mts[39m                     [2m 5.50 kB[22m [2m│ gzip: 1.25 kB[22m
[34m@n8n/rest-api-client:build: [0m[34mℹ[39m [34m[ESM][39m [2mdist/[22m[32mtemplates.d.mts[39m                 [2m 4.26 kB[22m [2m│ gzip: 1.08 kB[22m
[34m@n8n/rest-api-client:build: [0m[34mℹ[39m [34m[ESM][39m [2mdist/[22m[32mutils2.d.mts[39m                    [2m 2.20 kB[22m [2m│ gzip: 0.79 kB[22m
[34m@n8n/rest-api-client:build: [0m[34mℹ[39m [34m[ESM][39m [2mdist/[22m[32mnodeTypes.d.mts[39m                 [2m 2.05 kB[22m [2m│ gzip: 0.58 kB[22m
[34m@n8n/rest-api-client:build: [0m[34mℹ[39m [34m[ESM][39m [2mdist/[22m[32mcloudPlans.d.mts[39m                [2m 1.94 kB[22m [2m│ gzip: 0.76 kB[22m
[34m@n8n/rest-api-client:build: [0m[34mℹ[39m [34m[ESM][39m [2mdist/[22m[32mldap.d.mts[39m                      [2m 1.75 kB[22m [2m│ gzip: 0.62 kB[22m
[34m@n8n/rest-api-client:build: [0m[34mℹ[39m [34m[ESM][39m [2mdist/[22m[32mworkflowHistory.d.mts[39m           [2m 1.46 kB[22m [2m│ gzip: 0.54 kB[22m
[34m@n8n/rest-api-client:build: [0m[34mℹ[39m [34m[ESM][39m [2mdist/[22m[32msso.d.mts[39m                       [2m 1.38 kB[22m [2m│ gzip: 0.45 kB[22m
[34m@n8n/rest-api-client:build: [0m[34mℹ[39m [34m[ESM][39m [2mdist/[22m[32mversions.d.mts[39m                  [2m 1.31 kB[22m [2m│ gzip: 0.51 kB[22m
[34m@n8n/rest-api-client:build: [0m[34mℹ[39m [34m[ESM][39m [2mdist/[22m[32meventbus.ee.d.mts[39m               [2m 1.29 kB[22m [2m│ gzip: 0.42 kB[22m
[34m@n8n/rest-api-client:build: [0m[34mℹ[39m [34m[ESM][39m [2mdist/[22m[32mexternalSecrets.ee.d.mts[39m        [2m 1.29 kB[22m [2m│ gzip: 0.39 kB[22m
[34m@n8n/rest-api-client:build: [0m[34mℹ[39m [34m[ESM][39m [2mdist/[22m[32mcredentialResolvers.d.mts[39m       [2m 1.23 kB[22m [2m│ gzip: 0.35 kB[22m
[34m@n8n/rest-api-client:build: [0m[34mℹ[39m [34m[ESM][39m [2mdist/[22m[32mworkflows.d.mts[39m                 [2m 1.22 kB[22m [2m│ gzip: 0.47 kB[22m
[34m@n8n/rest-api-client:build: [0m[34mℹ[39m [34m[ESM][39m [2mdist/[22m[32mmfa.d.mts[39m                       [2m 0.94 kB[22m [2m│ gzip: 0.37 kB[22m
[34m@n8n/rest-api-client:build: [0m[34mℹ[39m [34m[ESM][39m [2mdist/[22m[32mapi-keys.d.mts[39m                  [2m 0.92 kB[22m [2m│ gzip: 0.36 kB[22m
[34m@n8n/rest-api-client:build: [0m[34mℹ[39m [34m[ESM][39m [2mdist/[22m[32mcommunityNodes.d.mts[39m            [2m 0.91 kB[22m [2m│ gzip: 0.36 kB[22m
[34m@n8n/rest-api-client:build: [0m[34mℹ[39m [34m[ESM][39m [2mdist/[22m[32musage.d.mts[39m                     [2m 0.91 kB[22m [2m│ gzip: 0.36 kB[22m
[34m@n8n/rest-api-client:build: [0m[34mℹ[39m [34m[ESM][39m [2mdist/[22m[32mroles.d.mts[39m                     [2m 0.87 kB[22m [2m│ gzip: 0.34 kB[22m
[34m@n8n/rest-api-client:build: [0m[34mℹ[39m [34m[ESM][39m [2mdist/[22m[32mprovisioning.d.mts[39m              [2m 0.68 kB[22m [2m│ gzip: 0.30 kB[22m
[34m@n8n/rest-api-client:build: [0m[34mℹ[39m [34m[ESM][39m [2mdist/[22m[32mprompts.d.mts[39m                   [2m 0.53 kB[22m [2m│ gzip: 0.27 kB[22m
[34m@n8n/rest-api-client:build: [0m[34mℹ[39m [34m[ESM][39m [2mdist/[22m[32mwebhooks.d.mts[39m                  [2m 0.47 kB[22m [2m│ gzip: 0.28 kB[22m
[34m@n8n/rest-api-client:build: [0m[34mℹ[39m [34m[ESM][39m [2mdist/[22m[32mui.d.mts[39m                        [2m 0.36 kB[22m [2m│ gzip: 0.25 kB[22m
[34m@n8n/rest-api-client:build: [0m[34mℹ[39m [34m[ESM][39m [2mdist/[22m[32mmodule-settings.d.mts[39m           [2m 0.34 kB[22m [2m│ gzip: 0.22 kB[22m
[34m@n8n/rest-api-client:build: [0m[34mℹ[39m [34m[ESM][39m [2mdist/[22m[32mnpsSurvey.d.mts[39m                 [2m 0.33 kB[22m [2m│ gzip: 0.22 kB[22m
[34m@n8n/rest-api-client:build: [0m[34mℹ[39m [34m[ESM][39m [2mdist/[22m[32msettings.d.mts[39m                  [2m 0.30 kB[22m [2m│ gzip: 0.21 kB[22m
[34m@n8n/rest-api-client:build: [0m[34mℹ[39m [34m[ESM][39m [2mdist/[22m[32mthird-party-licenses.d.mts[39m      [2m 0.28 kB[22m [2m│ gzip: 0.20 kB[22m
[34m@n8n/rest-api-client:build: [0m[34mℹ[39m [34m[ESM][39m [2mdist/[22m[32morchestration.d.mts[39m             [2m 0.27 kB[22m [2m│ gzip: 0.20 kB[22m
[34m@n8n/rest-api-client:build: [0m[34mℹ[39m [34m[ESM][39m [2mdist/[22m[32mctas.d.mts[39m                      [2m 0.25 kB[22m [2m│ gzip: 0.19 kB[22m
[34m@n8n/rest-api-client:build: [0m[34mℹ[39m [34m[ESM][39m [2mdist/[22m[32mevents.d.mts[39m                    [2m 0.24 kB[22m [2m│ gzip: 0.18 kB[22m
[34m@n8n/rest-api-client:build: [0m[34mℹ[39m [34m[ESM][39m [2mdist/[22m[32mtags.d.mts[39m                      [2m 0.21 kB[22m [2m│ gzip: 0.16 kB[22m
[34m@n8n/rest-api-client:build: [0m[34mℹ[39m [34m[ESM][39m [2mdist/[22m[32mtypes2.d.mts[39m                    [2m 0.18 kB[22m [2m│ gzip: 0.15 kB[22m
[34m@n8n/rest-api-client:build: [0m[34mℹ[39m [34m[ESM][39m [2mdist/[22m[32mindex2.d.mts[39m                    [2m 0.01 kB[22m [2m│ gzip: 0.03 kB[22m
[34m@n8n/rest-api-client:build: [0m[34mℹ[39m [34m[ESM][39m 166 files, total: 189.47 kB
[34m@n8n/rest-api-client:build: [0m[32m✔[39m Build complete in [32m4868ms[39m
[33m@n8n/db:build: [0mcache hit, replaying logs [2mcd34aab694250449[0m
[33m@n8n/db:build: [0m
[33m@n8n/db:build: [0m> @n8n/db@1.0.0 build /Users/joaolucashilgert/Development/Docker/n8n8/packages/@n8n/db
[33m@n8n/db:build: [0m> tsc -p tsconfig.build.json
[33m@n8n/db:build: [0m
[34m@n8n/backend-test-utils:build: [0mcache hit, replaying logs [2md5048a6d2bfe5d81[0m
[34m@n8n/backend-test-utils:build: [0m
[34m@n8n/backend-test-utils:build: [0m> @n8n/backend-test-utils@1.0.0 build /Users/joaolucashilgert/Development/Docker/n8n8/packages/@n8n/backend-test-utils
[34m@n8n/backend-test-utils:build: [0m> tsc -p tsconfig.build.json
[34m@n8n/backend-test-utils:build: [0m
[35mn8n-editor-ui:build: [0mcache hit, replaying logs [2ma3017c3918a54b2d[0m
[35mn8n-editor-ui:build: [0m
[35mn8n-editor-ui:build: [0m> n8n-editor-ui@2.0.0 build /Users/joaolucashilgert/Development/Docker/n8n8/packages/frontend/editor-ui
[35mn8n-editor-ui:build: [0m> cross-env VUE_APP_PUBLIC_PATH="/{{BASE_PATH}}/" NODE_OPTIONS="--max-old-space-size=8192" vite build
[35mn8n-editor-ui:build: [0m
[35mn8n-editor-ui:build: [0m`optimizeDeps.rollupOptions` / `ssr.optimizeDeps.rollupOptions` is deprecated. Use `optimizeDeps.rolldownOptions` instead. Note that this option may be set by a plugin. Set VITE_DEPRECATION_TRACE=1 to see where it is called.
[35mn8n-editor-ui:build: [0mYou or a plugin you are using have set `optimizeDeps.esbuildOptions` but this option is now deprecated. Vite now uses Rolldown to optimize the dependencies. Please use `optimizeDeps.rolldownOptions` instead.
[35mn8n-editor-ui:build: [0mplugin-legacy overrode 'build.target'. You should pass 'targets' as an option to this plugin with the list of legacy browsers to support instead.
[35mn8n-editor-ui:build: [0mplugin-legacy 'modernTargets' option overrode the builtin targets of modern chunks. Some versions of browsers between legacy and modern may not be supported.
[35mn8n-editor-ui:build: [0mrolldown-vite v7.2.10 building client environment for production...
[35mn8n-editor-ui:build: [0m[33mWarning: Invalid input options (1 issue found)
[35mn8n-editor-ui:build: [0m- For the "inject". Invalid key: Expected never but received "inject". [0m
[35mn8n-editor-ui:build: [0m<script src="/{{BASE_PATH}}/static/base-path.js"> in "/index.html" can't be bundled without type="module" attribute
[35mn8n-editor-ui:build: [0m<script src="/{{BASE_PATH}}/static/posthog.init.js"> in "/index.html" can't be bundled without type="module" attribute
[35mn8n-editor-ui:build: [0m
[35mn8n-editor-ui:build: [0m/{{BASE_PATH}}/static/prefers-color-scheme.css doesn't exist at build time, it will remain unchanged to be resolved at runtime
[35mn8n-editor-ui:build: [0m[plugin builtin:vite-import-glob] Invalid glob pattern: `@n8n/i18n/locales/*.json` in file 'src/app/dev/i18nHmr.ts'. Glob patterns must start with:
[35mn8n-editor-ui:build: [0m  • '/' for absolute paths from project root
[35mn8n-editor-ui:build: [0m  • './' or '../' for relative paths
[35mn8n-editor-ui:build: [0m  • '**/' for recursive matching from project root
[35mn8n-editor-ui:build: [0m  • '#' for subpath imports (with '*' wildcard)
[35mn8n-editor-ui:build: [0m[plugin rolldown:vite-resolve] Module "os" has been externalized for browser compatibility, imported by "/Users/joaolucashilgert/Development/Docker/n8n8/node_modules/.pnpm/recast@0.22.0/node_modules/recast/lib/util.js". See https://vite.dev/guide/troubleshooting.html#module-externalized-for-browser-compatibility for more details.
[35mn8n-editor-ui:build: [0m[2K[35mn8n-editor-ui:build: [0mtransforming...✓ 6764 modules transformed.
[35mn8n-editor-ui:build: [0mrendering chunks...
[35mn8n-editor-ui:build: [0m[plugin builtin:vite-reporter] 
[35mn8n-editor-ui:build: [0m(!) /Users/joaolucashilgert/Development/Docker/n8n8/packages/frontend/editor-ui/src/features/ndv/parameters/components/CollectionParameter.vue is dynamically imported by /Users/joaolucashilgert/Development/Docker/n8n8/packages/frontend/editor-ui/src/features/ndv/parameters/components/ParameterInputList.vue?vue&type=script&setup=true&lang.ts but also statically imported by /Users/joaolucashilgert/Development/Docker/n8n8/packages/frontend/editor-ui/src/features/ndv/parameters/components/MultipleParameter.vue?vue&type=script&setup=true&lang.ts, dynamic import will not move module into another chunk.
[35mn8n-editor-ui:build: [0m
[35mn8n-editor-ui:build: [0m[vite-plugin-static-copy] Copied 2 items.
[35mn8n-editor-ui:build: [0mcomputing gzip size...
[35mn8n-editor-ui:build: [0mdist/assets/polyfills-legacy-ZrtG9pLa.js                                     199.42 kB
[35mn8n-editor-ui:build: [0mdist/assets/en-legacy-0SwyXYDA.js                                              0.33 kB │ gzip:   0.21 kB
[35mn8n-editor-ui:build: [0mdist/assets/_plugin-vue_export-helper-legacy-DZMI5HPp.js                       0.49 kB │ gzip:   0.28 kB
[35mn8n-editor-ui:build: [0mdist/assets/sourceControl.eventBus-legacy-MxOxktEd.js                          0.50 kB │ gzip:   0.28 kB
[35mn8n-editor-ui:build: [0mdist/assets/smartDecimal-legacy-Pdkg0--b.js                                    0.53 kB │ gzip:   0.30 kB
[35mn8n-editor-ui:build: [0mdist/assets/sortByProperty-legacy-rrInPrlU.js                                  0.59 kB │ gzip:   0.33 kB
[35mn8n-editor-ui:build: [0mdist/assets/core-legacy-DC-y5mGv.js                                            0.68 kB │ gzip:   0.36 kB
[35mn8n-editor-ui:build: [0mdist/assets/RunDataHtml-legacy-BVie3dOo.js                                     0.70 kB │ gzip:   0.35 kB
[35mn8n-editor-ui:build: [0mdist/assets/auth.eventBus-legacy-KYERU3sy.js                                   0.73 kB │ gzip:   0.36 kB
[35mn8n-editor-ui:build: [0mdist/assets/mcp.constants-legacy-CnbSZbtK.js                                   0.80 kB │ gzip:   0.42 kB
[35mn8n-editor-ui:build: [0mdist/assets/fileUtils-legacy-DTg5dwJF.js                                       0.95 kB │ gzip:   0.47 kB
[35mn8n-editor-ui:build: [0mdist/assets/useAzureAdToken-legacy-Brwq9-rh.js                                 1.12 kB │ gzip:   0.47 kB
[35mn8n-editor-ui:build: [0mdist/assets/utils-legacy-Bch84Mgi.js                                           1.35 kB │ gzip:   0.61 kB
[35mn8n-editor-ui:build: [0mdist/assets/useExecutionData-legacy-DG41vRpZ.js                                1.47 kB │ gzip:   0.58 kB
[35mn8n-editor-ui:build: [0mdist/assets/RunDataParsedAiContent-legacy-DKtFjWtR.js                          1.56 kB │ gzip:   0.61 kB
[35mn8n-editor-ui:build: [0mdist/assets/retry-legacy-Ba59wrE3.js                                           1.78 kB │ gzip:   0.74 kB
[35mn8n-editor-ui:build: [0mdist/assets/constants-legacy-BTpqV2Sh.js                                       1.88 kB │ gzip:   0.73 kB
[35mn8n-editor-ui:build: [0mdist/assets/useIntersectionObserver-legacy-djuuUui8.js                         1.89 kB │ gzip:   0.72 kB
[35mn8n-editor-ui:build: [0mdist/assets/uniqBy-legacy-BjlzKpje.js                                          2.03 kB │ gzip:   0.86 kB
[35mn8n-editor-ui:build: [0mdist/assets/EnterpriseEdition.ee-legacy-CIi_wW7D.js                            2.05 kB │ gzip:   0.73 kB
[35mn8n-editor-ui:build: [0mdist/assets/WorkflowActivationErrorMessage-legacy-MYTf87Aw.js                  2.11 kB │ gzip:   0.73 kB
[35mn8n-editor-ui:build: [0mdist/assets/useMcp-legacy-CHEB6ksE.js                                          2.11 kB │ gzip:   0.79 kB
[35mn8n-editor-ui:build: [0mdist/assets/pickBy-legacy-DKCI6SlX.js                                          2.31 kB │ gzip:   0.86 kB
[35mn8n-editor-ui:build: [0mdist/assets/userRoleProvisioning.store-legacy-D5VTldQ6.js                      2.33 kB │ gzip:   0.70 kB
[35mn8n-editor-ui:build: [0mdist/assets/useChatHubSidebarState-legacy-DYcp7yk_.js                          2.44 kB │ gzip:   0.87 kB
[35mn8n-editor-ui:build: [0mdist/assets/useBeforeUnload-legacy-CkWN-fsd.js                                 2.46 kB │ gzip:   0.93 kB
[35mn8n-editor-ui:build: [0mdist/assets/useClipboard-legacy-D2Bhx7wn.js                                    2.64 kB │ gzip:   0.94 kB
[35mn8n-editor-ui:build: [0mdist/assets/dateFormatter-legacy-BWHhJ3dm.js                                   2.75 kB │ gzip:   0.88 kB
[35mn8n-editor-ui:build: [0mdist/assets/orderBy-legacy-BX2nFnse.js                                         2.78 kB │ gzip:   1.05 kB
[35mn8n-editor-ui:build: [0mdist/assets/SignoutView-legacy-pxMSY7rY.js                                     2.78 kB │ gzip:   0.98 kB
[35mn8n-editor-ui:build: [0mdist/assets/insights.constants-legacy-CRqIlukS.js                              2.83 kB │ gzip:   0.91 kB
[35mn8n-editor-ui:build: [0mdist/assets/chunk-legacy-WGN041Ps.js                                           2.87 kB │ gzip:   1.05 kB
[35mn8n-editor-ui:build: [0mdist/assets/VirtualSchema-legacy-BiELWsM3.js                                   2.97 kB │ gzip:   1.03 kB
[35mn8n-editor-ui:build: [0mdist/assets/preload-helper-legacy-CXRjoQ0T.js                                  3.00 kB │ gzip:   1.14 kB
[35mn8n-editor-ui:build: [0mdist/assets/EmptySharedSectionActionBox-legacy-DLw04h7P.js                     3.15 kB │ gzip:   1.07 kB
[35mn8n-editor-ui:build: [0mdist/assets/AnimatedSpinner-legacy-D_4IyEpb.js                                 3.19 kB │ gzip:   1.04 kB
[35mn8n-editor-ui:build: [0mdist/assets/apiKeys.store-legacy-BQb0zqLO.js                                   3.26 kB │ gzip:   0.93 kB
[35mn8n-editor-ui:build: [0mdist/assets/roles.store-legacy-BTth4qfB.js                                     3.71 kB │ gzip:   1.05 kB
[35mn8n-editor-ui:build: [0mdist/assets/PushConnectionTracker-legacy-BDNUS5fF.js                           3.72 kB │ gzip:   1.15 kB
[35mn8n-editor-ui:build: [0mdist/assets/nodeTransforms-legacy-Cn6B4nS-.js                                  3.82 kB │ gzip:   1.12 kB
[35mn8n-editor-ui:build: [0mdist/assets/InsightsChartFailed-legacy-DQAsf1JR.js                             3.87 kB │ gzip:   1.26 kB
[35mn8n-editor-ui:build: [0mdist/assets/WorkflowTagsDropdown-legacy-CZoaT854.js                            3.88 kB │ gzip:   1.15 kB
[35mn8n-editor-ui:build: [0mdist/assets/InsightsChartTotal-legacy-Bc6XeNWK.js                              3.90 kB │ gzip:   1.24 kB
[35mn8n-editor-ui:build: [0mdist/assets/usePageRedirectionHelper-legacy-CJULBJXx.js                        3.95 kB │ gzip:   1.17 kB
[35mn8n-editor-ui:build: [0mdist/assets/AnnotationTagsDropdown.ee-legacy-BVgu49Ce.js                       3.98 kB │ gzip:   1.17 kB
[35mn8n-editor-ui:build: [0mdist/assets/LogsPanel-legacy-DakDuc3O.js                                       3.99 kB │ gzip:   1.35 kB
[35mn8n-editor-ui:build: [0mdist/assets/templateTransforms-legacy-BLdoqDgD.js                              4.02 kB │ gzip:   1.13 kB
[35mn8n-editor-ui:build: [0mdist/assets/CollectionParameter-legacy-C5oaL2pM.js                             4.08 kB │ gzip:   1.37 kB
[35mn8n-editor-ui:build: [0mdist/assets/InsightsChartFailureRate-legacy-DMS5gxq2.js                        4.29 kB │ gzip:   1.36 kB
[35mn8n-editor-ui:build: [0mdist/assets/useExecutionHelpers-legacy-Dtvl0iqP.js                             4.53 kB │ gzip:   1.31 kB
[35mn8n-editor-ui:build: [0mdist/assets/SeverityTag-legacy-BoIGwgTh.js                                     4.55 kB │ gzip:   1.43 kB
[35mn8n-editor-ui:build: [0mdist/assets/InsightsChartAverageRuntime-legacy-I9jGhrsC.js                     4.60 kB │ gzip:   1.45 kB
[35mn8n-editor-ui:build: [0mdist/assets/insights.store-legacy-Buq766M9.js                                  4.62 kB │ gzip:   1.18 kB
[35mn8n-editor-ui:build: [0mdist/assets/SamlOnboarding-legacy-CEHOuLtN.js                                  4.67 kB │ gzip:   1.45 kB
[35mn8n-editor-ui:build: [0mdist/assets/InsightsChartTimeSaved-legacy-CuY0R0QI.js                          4.71 kB │ gzip:   1.47 kB
[35mn8n-editor-ui:build: [0mdist/assets/WorkflowOnboardingView-legacy-BdJzDGmx.js                          4.77 kB │ gzip:   1.34 kB
[35mn8n-editor-ui:build: [0mdist/assets/templateActions-legacy-0aRKjUPE.js                                 4.82 kB │ gzip:   1.37 kB
[35mn8n-editor-ui:build: [0mdist/assets/FileSaver.min-legacy-BnXSWDS2.js                                   5.09 kB │ gzip:   1.74 kB
[35mn8n-editor-ui:build: [0mdist/assets/PageViewLayout-legacy-DtOfvXwb.js                                  5.27 kB │ gzip:   1.38 kB
[35mn8n-editor-ui:build: [0mdist/assets/useKeybindings-legacy-BmAptsxT.js                                  5.29 kB │ gzip:   1.71 kB
[35mn8n-editor-ui:build: [0mdist/assets/DemoFooter-legacy-7BVO5W5K.js                                      5.37 kB │ gzip:   1.75 kB
[35mn8n-editor-ui:build: [0mdist/assets/RunDataHtml-legacy-D3J0xbnF.js                                     5.46 kB │ gzip:   1.45 kB
[35mn8n-editor-ui:build: [0mdist/assets/EntityUnAuthorised-legacy-CVlDDb8S.js                              5.53 kB │ gzip:   1.72 kB
[35mn8n-editor-ui:build: [0mdist/assets/mcp.store-legacy-B7uNFFLP.js                                       5.57 kB │ gzip:   1.39 kB
[35mn8n-editor-ui:build: [0mdist/assets/SetupWorkflowCredentialsButton-legacy-CQKOG6Pr.js                  5.68 kB │ gzip:   1.65 kB
[35mn8n-editor-ui:build: [0mdist/assets/schemaPreview.store-legacy-7WRha-1A.js                             5.81 kB │ gzip:   1.76 kB
[35mn8n-editor-ui:build: [0mdist/assets/nodeIcon-legacy-Bd7ge4Yy.js                                        5.87 kB │ gzip:   1.53 kB
[35mn8n-editor-ui:build: [0mdist/assets/en-legacy-DJK4SpPN.js                                              5.88 kB │ gzip:   1.92 kB
[35mn8n-editor-ui:build: [0mdist/assets/npsSurvey.store-legacy-kydzvGUU.js                                 5.90 kB │ gzip:   1.39 kB
[35mn8n-editor-ui:build: [0mdist/assets/ForgotMyPasswordView-legacy-BZduJJMz.js                            5.92 kB │ gzip:   1.72 kB
[35mn8n-editor-ui:build: [0mdist/assets/EntityNotFound-legacy-HU-2IgG3.js                                  5.95 kB │ gzip:   1.63 kB
[35mn8n-editor-ui:build: [0mdist/assets/usage.store-legacy-_7j_9NJX.js                                     5.99 kB │ gzip:   1.49 kB
[35mn8n-editor-ui:build: [0mdist/assets/DataTableActions-legacy-DG27N7Mi.js                                6.14 kB │ gzip:   1.61 kB
[35mn8n-editor-ui:build: [0mdist/assets/insights.utils-legacy-DTFlq9sr.js                                  6.41 kB │ gzip:   1.69 kB
[35mn8n-editor-ui:build: [0mdist/assets/externalSecrets.ee.store-legacy-Cch2C7ZM.js                        6.56 kB │ gzip:   1.55 kB
[35mn8n-editor-ui:build: [0mdist/assets/useSettingsItems-legacy-cKksYxeo.js                                6.94 kB │ gzip:   1.47 kB
[35mn8n-editor-ui:build: [0mdist/assets/useRecentResources-legacy-BJnfTtmE.js                              6.97 kB │ gzip:   1.90 kB
[35mn8n-editor-ui:build: [0mdist/assets/KeyboardShortcutTooltip-legacy-CPU2B8Tx.js                         7.01 kB │ gzip:   1.70 kB
[35mn8n-editor-ui:build: [0mdist/assets/useWorkflowsCache-legacy-BH6bk8EF.js                               7.07 kB │ gzip:   1.66 kB
[35mn8n-editor-ui:build: [0mdist/assets/chatPanel.store-legacy-DwL46OC1.js                                 7.13 kB │ gzip:   1.79 kB
[35mn8n-editor-ui:build: [0mdist/assets/chartjs.utils-legacy-vdFYTF2T.js                                   7.16 kB │ gzip:   1.31 kB
[35mn8n-editor-ui:build: [0mdist/assets/SignupView-legacy-CEp6GcMD.js                                      7.29 kB │ gzip:   1.96 kB
[35mn8n-editor-ui:build: [0mdist/assets/useTelemetryContext-legacy-D0ztsnFV.js                             7.40 kB │ gzip:   1.97 kB
[35mn8n-editor-ui:build: [0mdist/assets/SetupView-legacy-C255t8Ch.js                                       7.53 kB │ gzip:   1.99 kB
[35mn8n-editor-ui:build: [0mdist/assets/dateformat-legacy-EYZpDbXt.js                                      7.54 kB │ gzip:   2.41 kB
[35mn8n-editor-ui:build: [0mdist/assets/useExecutionDebugging-legacy-CReoZ2wm.js                           7.57 kB │ gzip:   2.07 kB
[35mn8n-editor-ui:build: [0mdist/assets/SelectedItemsInfo-legacy-DRE0_hI3.js                               7.96 kB │ gzip:   1.95 kB
[35mn8n-editor-ui:build: [0mdist/assets/dist-legacy-D61K1tXR.js                                            8.05 kB │ gzip:   2.02 kB
[35mn8n-editor-ui:build: [0mdist/assets/ChangePasswordView-legacy-DkIk_IYQ.js                              8.14 kB │ gzip:   2.11 kB
[35mn8n-editor-ui:build: [0mdist/assets/NodeIcon-legacy-DGjgEzZc.js                                        8.17 kB │ gzip:   1.90 kB
[35mn8n-editor-ui:build: [0mdist/assets/InsightsPaywall-legacy-DjEX_84C.js                                 8.32 kB │ gzip:   2.10 kB
[35mn8n-editor-ui:build: [0mdist/assets/TextWithHighlights-legacy-h_qf4P_e.js                              8.34 kB │ gzip:   2.12 kB
[35mn8n-editor-ui:build: [0mdist/assets/CredentialIcon-legacy-BS4RhJ9f.js                                  8.39 kB │ gzip:   2.02 kB
[35mn8n-editor-ui:build: [0mdist/assets/ChatAgentAvatar-legacy-CM_wMhdp.js                                 8.49 kB │ gzip:   2.12 kB
[35mn8n-editor-ui:build: [0mdist/assets/ErrorView-legacy-Cm_9enaj.js                                       8.58 kB │ gzip:   2.16 kB
[35mn8n-editor-ui:build: [0mdist/assets/TimeAgo-legacy-BzfSMbAG.js                                         8.63 kB │ gzip:   2.64 kB
[35mn8n-editor-ui:build: [0mdist/assets/col-legacy-qNeBwKVF.js                                             8.76 kB │ gzip:   1.86 kB
[35mn8n-editor-ui:build: [0mdist/assets/ProjectIcon-legacy-qE6IOHLY.js                                     8.77 kB │ gzip:   2.18 kB
[35mn8n-editor-ui:build: [0mdist/assets/SaveButton-legacy-BsybtTH5.js                                      8.97 kB │ gzip:   2.14 kB
[35mn8n-editor-ui:build: [0mdist/assets/logStreaming.store-legacy-BCNjIXUS.js                              9.43 kB │ gzip:   2.00 kB
[35mn8n-editor-ui:build: [0mdist/assets/_initCloneObject-legacy-CYv_UKkI.js                                9.62 kB │ gzip:   2.37 kB
[35mn8n-editor-ui:build: [0mdist/assets/cloudPlan.store-legacy-2JrvPwVQ.js                                 9.75 kB │ gzip:   2.42 kB
[35mn8n-editor-ui:build: [0mdist/assets/useWorkflowActivate-legacy-De9zIW5G.js                             9.95 kB │ gzip:   2.18 kB
[35mn8n-editor-ui:build: [0mdist/assets/ProjectBreadcrumb-legacy-CSf0o6Kf.js                              10.15 kB │ gzip:   2.43 kB
[35mn8n-editor-ui:build: [0mdist/assets/overlay-legacy-C6pbS6r9.js                                        10.19 kB │ gzip:   2.50 kB
[35mn8n-editor-ui:build: [0mdist/assets/CopyInput-legacy-B1057Ol9.js                                      10.23 kB │ gzip:   2.57 kB
[35mn8n-editor-ui:build: [0mdist/assets/executions.store-legacy-CvrGDPlV.js                               10.50 kB │ gzip:   2.19 kB
[35mn8n-editor-ui:build: [0mdist/assets/Draggable-legacy-D67rWOVq.js                                      10.56 kB │ gzip:   2.47 kB
[35mn8n-editor-ui:build: [0mdist/assets/sso.store-legacy-DxUaM2R0.js                                      10.60 kB │ gzip:   2.06 kB
[35mn8n-editor-ui:build: [0mdist/assets/usePinnedData-legacy-Df--6PNL.js                                  11.19 kB │ gzip:   2.74 kB
[35mn8n-editor-ui:build: [0mdist/assets/versions.store-legacy-DxJMimUr.js                                 11.19 kB │ gzip:   2.66 kB
[35mn8n-editor-ui:build: [0mdist/assets/focusPanel.store-legacy-DRVp36gF.js                               11.67 kB │ gzip:   3.22 kB
[35mn8n-editor-ui:build: [0mdist/assets/WorkflowExecutionsLandingPage-legacy-81NEW0XL.js                  11.85 kB │ gzip:   2.82 kB
[35mn8n-editor-ui:build: [0mdist/assets/folders.store-legacy-BjxCBOrf.js                                  11.88 kB │ gzip:   2.74 kB
[35mn8n-editor-ui:build: [0mdist/assets/ModelByIdSelectorModal-legacy-DbUBnDye.js                         11.94 kB │ gzip:   2.89 kB
[35mn8n-editor-ui:build: [0mdist/assets/ChatFile-legacy-BGlWV3W-.js                                       12.04 kB │ gzip:   2.79 kB
[35mn8n-editor-ui:build: [0mdist/assets/TemplateCard-legacy-DinEx52Y.js                                   12.09 kB │ gzip:   3.04 kB
[35mn8n-editor-ui:build: [0mdist/assets/TemplatesView-legacy-DlS_Bag8.js                                  12.27 kB │ gzip:   2.29 kB
[35mn8n-editor-ui:build: [0mdist/assets/dataTable.store-legacy-BV7Mfd2X.js                                12.46 kB │ gzip:   2.57 kB
[35mn8n-editor-ui:build: [0mdist/assets/RunDataSearch-legacy-CtHUWwaJ.js                                  12.96 kB │ gzip:   3.27 kB
[35mn8n-editor-ui:build: [0mdist/assets/useDebounce-legacy-D5DrofXy.js                                    13.61 kB │ gzip:   3.66 kB
[35mn8n-editor-ui:build: [0mdist/assets/ChatSidebarOpener-legacy-BYUx_meV.js                              13.75 kB │ gzip:   3.57 kB
[35mn8n-editor-ui:build: [0mdist/assets/CredentialSelectorModal-legacy-B2G7ML0C.js                        13.89 kB │ gzip:   3.12 kB
[35mn8n-editor-ui:build: [0mdist/assets/path-browserify-legacy-Bm-x7BJS.js                                13.97 kB │ gzip:   2.69 kB
[35mn8n-editor-ui:build: [0mdist/assets/ResourceFiltersDropdown-legacy-DAxCQKnP.js                        14.44 kB │ gzip:   3.28 kB
[35mn8n-editor-ui:build: [0mdist/assets/useWorkflowSaving-legacy-C-67jsxj.js                              14.92 kB │ gzip:   3.48 kB
[35mn8n-editor-ui:build: [0mdist/assets/WorkflowPreview-legacy-DEN8ObgQ.js                                14.97 kB │ gzip:   3.29 kB
[35mn8n-editor-ui:build: [0mdist/assets/useActions-legacy-D7H8joMF.js                                     15.27 kB │ gzip:   3.41 kB
[35mn8n-editor-ui:build: [0mdist/assets/AuthView-legacy-DmWRl3Pu.js                                       15.43 kB │ gzip:   3.00 kB
[35mn8n-editor-ui:build: [0mdist/assets/PrebuiltAgentTemplatesView-legacy-CTKPLTZc.js                     15.59 kB │ gzip:   3.20 kB
[35mn8n-editor-ui:build: [0mdist/assets/personalizedTemplatesV3.store-legacy-GUT49RNy.js                  15.85 kB │ gzip:   3.48 kB
[35mn8n-editor-ui:build: [0mdist/assets/SettingsView-legacy-CSDj2DNB.js                                   16.06 kB │ gzip:   3.19 kB
[35mn8n-editor-ui:build: [0mdist/assets/RunDataParsedAiContent-legacy-BG8hN4on.js                         16.15 kB │ gzip:   3.86 kB
[35mn8n-editor-ui:build: [0mdist/assets/TemplatesWorkflowView-legacy-DqDstOQp.js                          16.48 kB │ gzip:   3.78 kB
[35mn8n-editor-ui:build: [0mdist/assets/radio-legacy-BcpVgob_.js                                          16.54 kB │ gzip:   3.16 kB
[35mn8n-editor-ui:build: [0mdist/assets/WorkflowExecutionsInfoAccordion-legacy-hcOJ6JTm.js                16.86 kB │ gzip:   3.60 kB
[35mn8n-editor-ui:build: [0mdist/assets/ProjectRolesView-legacy-CwGhEIY3.js                               16.94 kB │ gzip:   3.91 kB
[35mn8n-editor-ui:build: [0mdist/assets/TemplatesCollectionView-legacy-Dm8C2occ.js                        16.99 kB │ gzip:   3.86 kB
[35mn8n-editor-ui:build: [0mdist/assets/TemplateDetails-legacy-1avFWxSC.js                                17.14 kB │ gzip:   3.03 kB
[35mn8n-editor-ui:build: [0mdist/assets/ModalDrawer-legacy-DLIdLt1j.js                                    17.37 kB │ gzip:   4.18 kB
[35mn8n-editor-ui:build: [0mdist/assets/ProjectCardBadge-legacy-CoKQ7NRw.js                               17.98 kB │ gzip:   3.55 kB
[35mn8n-editor-ui:build: [0mdist/assets/InsightsTableWorkflows-legacy-B4xhbbhg.js                         18.08 kB │ gzip:   4.17 kB
[35mn8n-editor-ui:build: [0mdist/assets/banners.store-legacy-C7JmxWZu.js                                  18.24 kB │ gzip:   3.62 kB
[35mn8n-editor-ui:build: [0mdist/assets/Modal-legacy-CAX9wIOi.js                                          18.26 kB │ gzip:   3.65 kB
[35mn8n-editor-ui:build: [0mdist/assets/TagsDropdown-legacy-CGs-dOlA.js                                   18.27 kB │ gzip:   4.28 kB
[35mn8n-editor-ui:build: [0mdist/assets/NodeCreation-legacy-CBuFvtSc.js                                   19.18 kB │ gzip:   4.47 kB
[35mn8n-editor-ui:build: [0mdist/assets/OAuthConsentView-legacy-B_Xv3z9r.js                               20.04 kB │ gzip:   4.23 kB
[35mn8n-editor-ui:build: [0mdist/assets/MigrationRuleDetail-legacy-CKLlAZVU.js                            20.12 kB │ gzip:   4.73 kB
[35mn8n-editor-ui:build: [0mdist/assets/RunDataJson-legacy-D-9I2ooI.js                                    20.93 kB │ gzip:   4.37 kB
[35mn8n-editor-ui:build: [0mdist/assets/evaluation.constants-legacy-BKBv_G38.js                           21.65 kB │ gzip:   5.28 kB
[35mn8n-editor-ui:build: [0mdist/assets/SettingsExternalSecrets-legacy-ClHNmoRk.js                        21.86 kB │ gzip:   4.51 kB
[35mn8n-editor-ui:build: [0mdist/assets/dialog-legacy-DSzUEUS7.js                                         22.99 kB │ gzip:   4.81 kB
[35mn8n-editor-ui:build: [0mdist/assets/InsightsSummary-legacy-C_XSrymH.js                                23.24 kB │ gzip:   5.15 kB
[35mn8n-editor-ui:build: [0mdist/assets/SetupWorkflowFromTemplateView-legacy-c-WHtHwi.js                  23.34 kB │ gzip:   5.05 kB
[35mn8n-editor-ui:build: [0mdist/assets/MigrationRules-legacy-CDC8jFMp.js                                 23.42 kB │ gzip:   4.31 kB
[35mn8n-editor-ui:build: [0mdist/assets/AgentEditorModal-legacy-eHJqnSS6.js                               23.62 kB │ gzip:   4.79 kB
[35mn8n-editor-ui:build: [0mdist/assets/DataTableView-legacy-DfKzlP83.js                                  23.71 kB │ gzip:   5.12 kB
[35mn8n-editor-ui:build: [0mdist/assets/ProviderSettingsModal-legacy-C0xNAS0b.js                          24.04 kB │ gzip:   4.67 kB
[35mn8n-editor-ui:build: [0mdist/assets/ProjectSharing-legacy-H9eIUY3N.js                                 24.90 kB │ gzip:   4.67 kB
[35mn8n-editor-ui:build: [0mdist/assets/CommunityNodeUpdateInfo-legacy-C4mhawNZ.js                        25.43 kB │ gzip:   4.75 kB
[35mn8n-editor-ui:build: [0mdist/assets/ExternalSecretsProviderConnectionSwitch.ee-legacy-DHqqVOZO.js     25.65 kB │ gzip:   9.51 kB
[35mn8n-editor-ui:build: [0mdist/assets/SettingsChatHubView-legacy-WCzeiYkk.js                            25.72 kB │ gzip:   4.87 kB
[35mn8n-editor-ui:build: [0mdist/assets/SigninView-legacy-CRkHneRa.js                                     25.73 kB │ gzip:   5.52 kB
[35mn8n-editor-ui:build: [0mdist/assets/ProjectRoleView-legacy-Bqgl9QDw.js                                25.97 kB │ gzip:   5.27 kB
[35mn8n-editor-ui:build: [0mdist/assets/ToolsSelectorModal-legacy-09EgQVX9.js                             26.40 kB │ gzip:   5.39 kB
[35mn8n-editor-ui:build: [0mdist/assets/CredentialPicker-legacy-BSPtqUwq.js                               26.89 kB │ gzip:   5.01 kB
[35mn8n-editor-ui:build: [0mdist/assets/SetupTemplateFormStep-legacy-Be2CPRLj.js                          27.94 kB │ gzip:   5.10 kB
[35mn8n-editor-ui:build: [0mdist/assets/aiTemplatesStarterCollection.store-legacy-BJPqSK1L.js             27.96 kB │ gzip:   5.50 kB
[35mn8n-editor-ui:build: [0mdist/assets/FixedCollectionParameter-legacy-DaG0JKSQ.js                       28.10 kB │ gzip:   6.01 kB
[35mn8n-editor-ui:build: [0mdist/assets/SettingsPersonalView-legacy-BnKWr80R.js                           28.91 kB │ gzip:   5.63 kB
[35mn8n-editor-ui:build: [0mdist/assets/SettingsApiView-legacy-CwQ1h7M8.js                                29.02 kB │ gzip:   5.73 kB
[35mn8n-editor-ui:build: [0mdist/assets/buttons.esm-legacy-DvbwORrC.js                                    29.26 kB │ gzip:   7.87 kB
[35mn8n-editor-ui:build: [0mdist/assets/assistant.store-legacy-CvmXaAIg.js                                29.31 kB │ gzip:   5.86 kB
[35mn8n-editor-ui:build: [0mdist/assets/readyToRun.store-legacy-CQPTmwba.js                               29.75 kB │ gzip:   5.85 kB
[35mn8n-editor-ui:build: [0mdist/assets/ChatAgentsView-legacy-DZfKxaMg.js                                 30.18 kB │ gzip:   5.61 kB
[35mn8n-editor-ui:build: [0mdist/assets/TemplateList-legacy-BrHFFLu9.js                                   30.84 kB │ gzip:   5.03 kB
[35mn8n-editor-ui:build: [0mdist/assets/useMessage-legacy-CgBK_jJy.js                                     32.17 kB │ gzip:   6.77 kB
[35mn8n-editor-ui:build: [0mdist/assets/SettingsLogStreamingView-legacy-pu058JUH.js                       33.28 kB │ gzip:   6.31 kB
[35mn8n-editor-ui:build: [0mdist/assets/WorkflowActivator-legacy-Cl5MHczN.js                              33.40 kB │ gzip:   6.07 kB
[35mn8n-editor-ui:build: [0mdist/assets/SettingsCommunityNodesView-legacy-msPjGk2L.js                     33.67 kB │ gzip:   6.24 kB
[35mn8n-editor-ui:build: [0mdist/assets/useCustomAgent-legacy-Bf_QSHCo.js                                 33.88 kB │ gzip:   6.95 kB
[35mn8n-editor-ui:build: [0mdist/assets/empty-legacy-B1sJJLW9.js                                          35.76 kB │ gzip:   6.64 kB
[35mn8n-editor-ui:build: [0mdist/assets/usePushConnection-legacy-Cfaxbnzk.js                              35.90 kB │ gzip:   7.34 kB
[35mn8n-editor-ui:build: [0mdist/assets/TestRunDetailView-legacy-BpAVxBWx.js                              36.06 kB │ gzip:   6.75 kB
[35mn8n-editor-ui:build: [0mdist/assets/InsightsDashboard-legacy-Df-u0-Rv.js                              37.49 kB │ gzip:   7.93 kB
[35mn8n-editor-ui:build: [0mdist/assets/SettingsUsageAndPlan-legacy-DcmqkhOf.js                           37.98 kB │ gzip:   6.51 kB
[35mn8n-editor-ui:build: [0mdist/assets/SettingsSourceControl-legacy-C0Fzf450.js                          38.24 kB │ gzip:   6.35 kB
[35mn8n-editor-ui:build: [0mdist/assets/CredentialsView-legacy-DUZowjdl.js                                39.09 kB │ gzip:   7.87 kB
[35mn8n-editor-ui:build: [0mdist/assets/chat.store-legacy-DtZ4vo5b.js                                     39.91 kB │ gzip:   7.41 kB
[35mn8n-editor-ui:build: [0mdist/assets/ProjectVariables-legacy-CGtditvC.js                               41.35 kB │ gzip:   7.70 kB
[35mn8n-editor-ui:build: [0mdist/assets/templates.store-legacy-BbIrZBf8.js                                42.72 kB │ gzip:  13.59 kB
[35mn8n-editor-ui:build: [0mdist/assets/EvaluationsView-legacy-BJuLsGOy.js                                42.75 kB │ gzip:   7.19 kB
[35mn8n-editor-ui:build: [0mdist/assets/xml-legacy-Vg6pwfic.js                                            43.70 kB │ gzip:   7.85 kB
[35mn8n-editor-ui:build: [0mdist/assets/ProjectHeader-legacy-CLVpg4Y_.js                                  44.08 kB │ gzip:   7.80 kB
[35mn8n-editor-ui:build: [0mdist/assets/ExecutionsTime-legacy-362cvq1w.js                                 44.21 kB │ gzip:   6.76 kB
[35mn8n-editor-ui:build: [0mdist/assets/RunDataTable-legacy-DoBGQnXw.js                                   47.33 kB │ gzip:   9.34 kB
[35mn8n-editor-ui:build: [0mdist/assets/EvaluationsRootView-legacy-Dw3BZepn.js                            49.32 kB │ gzip:   7.32 kB
[35mn8n-editor-ui:build: [0mdist/assets/useRunWorkflow-legacy-DnxVi8K0.js                                 49.96 kB │ gzip:  11.20 kB
[35mn8n-editor-ui:build: [0mdist/assets/CalendarDate-legacy-CNGxdevN.js                                   50.18 kB │ gzip:   9.17 kB
[35mn8n-editor-ui:build: [0mdist/assets/ResourcesListLayout-legacy-B9rsY7hW.js                            50.77 kB │ gzip:   9.25 kB
[35mn8n-editor-ui:build: [0mdist/assets/vue-json-pretty-legacy-ghaUUjXn.js                                53.83 kB │ gzip:  11.49 kB
[35mn8n-editor-ui:build: [0mdist/assets/readyToRunWorkflows.store-legacy-BJeYsrsm.js                      56.17 kB │ gzip:  10.86 kB
[35mn8n-editor-ui:build: [0mdist/assets/ChatSidebar-legacy-DZaCZxeP.js                                    57.52 kB │ gzip:   8.99 kB
[35mn8n-editor-ui:build: [0mdist/assets/WorkflowExecutionsPreview-legacy-xV971v4D.js                      58.84 kB │ gzip:   9.12 kB
[35mn8n-editor-ui:build: [0mdist/assets/SettingsUsersView-legacy-DHovEN-K.js                              60.97 kB │ gzip:   9.98 kB
[35mn8n-editor-ui:build: [0mdist/assets/ExecutionsView-legacy-BeXyDlnu.js                                 64.84 kB │ gzip:  10.32 kB
[35mn8n-editor-ui:build: [0mdist/assets/merge-legacy-Bpd39pGC.js                                          65.91 kB │ gzip:  10.74 kB
[35mn8n-editor-ui:build: [0mdist/assets/NodeDetailsViewV2-legacy-BWyKvd9v.js                              66.16 kB │ gzip:  12.97 kB
[35mn8n-editor-ui:build: [0mdist/assets/useLogsTreeExpand-legacy-D7xM7132.js                              66.27 kB │ gzip:  13.04 kB
[35mn8n-editor-ui:build: [0mdist/assets/WorkerView-legacy-Cuixk7ed.js                                     66.87 kB │ gzip:   9.03 kB
[35mn8n-editor-ui:build: [0mdist/assets/WorkflowExecutionsView-legacy-DVM1gVEU.js                         67.42 kB │ gzip:  10.96 kB
[35mn8n-editor-ui:build: [0mdist/assets/ProjectSettings-legacy-BkdY7niG.js                                67.68 kB │ gzip:  10.85 kB
[35mn8n-editor-ui:build: [0mdist/assets/core-legacy-akSj3Jfb.js                                           69.71 kB │ gzip:  14.94 kB
[35mn8n-editor-ui:build: [0mdist/assets/semver-legacy-Lmx8HO68.js                                         72.06 kB │ gzip:  12.49 kB
[35mn8n-editor-ui:build: [0mdist/assets/core-legacy-edOZRsm4.js                                           76.24 kB │ gzip:  17.01 kB
[35mn8n-editor-ui:build: [0mdist/assets/WorkflowHistory-legacy-BVMvwDGE.js                                76.66 kB │ gzip:  12.02 kB
[35mn8n-editor-ui:build: [0mdist/assets/NodeDetailsView-legacy-2o4SI7js.js                                77.52 kB │ gzip:  13.70 kB
[35mn8n-editor-ui:build: [0mdist/assets/SettingsSso-legacy-4j4_XaQ0.js                                    81.15 kB │ gzip:  12.40 kB
[35mn8n-editor-ui:build: [0mdist/assets/SettingsLdapView-legacy-DGjZSbMT.js                               88.46 kB │ gzip:  17.44 kB
[35mn8n-editor-ui:build: [0mdist/assets/TemplatesSearchView-legacy-ell8Xmpv.js                            89.17 kB │ gzip:  15.23 kB
[35mn8n-editor-ui:build: [0mdist/assets/useCanvasOperations-legacy-CE5N2ra2.js                            92.06 kB │ gzip:  18.28 kB
[35mn8n-editor-ui:build: [0mdist/assets/MainSidebar-legacy-BuiJMFJS.js                                   100.29 kB │ gzip:  15.45 kB
[35mn8n-editor-ui:build: [0mdist/assets/ItemsRenderer-legacy-B9a3c1Ir.js                                 102.40 kB │ gzip:  12.87 kB
[35mn8n-editor-ui:build: [0mdist/assets/useCommandBar-legacy-CalfiBMj.js                                 104.05 kB │ gzip:  17.95 kB
[35mn8n-editor-ui:build: [0mdist/assets/SettingsMCPView-legacy-nfnw3QAd.js                               104.67 kB │ gzip:  13.32 kB
[35mn8n-editor-ui:build: [0mdist/assets/AddDataTableModal-legacy-B_1ESzn-.js                             105.16 kB │ gzip:  19.57 kB
[35mn8n-editor-ui:build: [0mdist/assets/TriggerPanel-legacy-CnZZtKlB.js                                  109.34 kB │ gzip:  17.15 kB
[35mn8n-editor-ui:build: [0mdist/assets/exports-legacy-CMsjHFAD.js                                       118.81 kB │ gzip:  28.79 kB
[35mn8n-editor-ui:build: [0mdist/assets/ChatView-legacy-Datjp49g.js                                      120.06 kB │ gzip:  19.38 kB
[35mn8n-editor-ui:build: [0mdist/assets/VirtualSchema-legacy-DqLJ08OD.js                                 130.80 kB │ gzip:  27.71 kB
[35mn8n-editor-ui:build: [0mdist/assets/NodeCreator-legacy-Awk7n9YB.js                                   131.98 kB │ gzip:  20.23 kB
[35mn8n-editor-ui:build: [0mdist/assets/router-legacy-Dx7b5fJ9.js                                        144.96 kB │ gzip:  24.54 kB
[35mn8n-editor-ui:build: [0mdist/assets/MainHeader-legacy-WsMcvK57.js                                    155.50 kB │ gzip:  24.66 kB
[35mn8n-editor-ui:build: [0mdist/assets/NodeView-legacy-DvnM_bqQ.js                                      165.89 kB │ gzip:  28.54 kB
[35mn8n-editor-ui:build: [0mdist/assets/nodeCreator.store-legacy-CndUwg5T.js                             170.09 kB │ gzip:  27.00 kB
[35mn8n-editor-ui:build: [0mdist/assets/_baseOrderBy-legacy-BVnAcCjF.js                                  170.11 kB │ gzip:  40.43 kB
[35mn8n-editor-ui:build: [0mdist/assets/NodeSettings-legacy-u8OCwMtM.js                                  183.18 kB │ gzip:  29.83 kB
[35mn8n-editor-ui:build: [0mdist/assets/table-legacy-CZWMauot.js                                         195.41 kB │ gzip:  39.40 kB
[35mn8n-editor-ui:build: [0mdist/assets/vue-legacy-Cud7toPY.js                                           196.65 kB │ gzip:  41.85 kB
[35mn8n-editor-ui:build: [0mdist/assets/LogsPanel-legacy-CU9YCWWF.js                                     218.02 kB │ gzip:  32.11 kB
[35mn8n-editor-ui:build: [0mdist/assets/date-picker-legacy-BCpU52DF.js                                   222.80 kB │ gzip:  36.06 kB
[35mn8n-editor-ui:build: [0mdist/assets/WorkflowsView-legacy-BsI1ZJ1p.js                                 235.24 kB │ gzip:  33.00 kB
[35mn8n-editor-ui:build: [0mdist/assets/VueMarkdown-legacy-D6TXo1uF.js                                   242.40 kB │ gzip:  67.70 kB
[35mn8n-editor-ui:build: [0mdist/assets/RunDataJsonActions-legacy-Cd7LnVil.js                            260.50 kB │ gzip:  41.58 kB
[35mn8n-editor-ui:build: [0mdist/assets/truncate-legacy-DDzt55Io.js                                      270.04 kB │ gzip:  57.36 kB
[35mn8n-editor-ui:build: [0mdist/assets/languageModules-legacy-DJ7rxnNL.js                               332.62 kB │ gzip:  77.93 kB
[35mn8n-editor-ui:build: [0mdist/assets/vue.runtime.esm-bundler-legacy-BXNTrsJc.js                       345.79 kB │ gzip:  75.79 kB
[35mn8n-editor-ui:build: [0mdist/assets/useImportCurlCommand-legacy-DDcGq6W-.js                          415.42 kB │ gzip:  68.68 kB
[35mn8n-editor-ui:build: [0mdist/assets/chart-legacy-BNJV-Mk7.js                                         465.89 kB │ gzip:  97.70 kB
[35mn8n-editor-ui:build: [0mdist/assets/sanitize-html-legacy-BDrAi9OP.js                                 519.63 kB │ gzip: 112.06 kB
[35mn8n-editor-ui:build: [0mdist/assets/_MapCache-legacy-DHayCf__.js                                     570.83 kB │ gzip: 115.33 kB
[35mn8n-editor-ui:build: [0mdist/assets/useCanvasMapping-legacy-ByoOGi0Z.js                              751.14 kB │ gzip: 126.58 kB
[35mn8n-editor-ui:build: [0mdist/assets/NDVEmptyState-legacy-Dsr4s3xt.js                                 936.33 kB │ gzip: 194.41 kB
[35mn8n-editor-ui:build: [0mdist/assets/builder.store-legacy-8kCUsi6N.js                               1,263.42 kB │ gzip: 252.82 kB
[35mn8n-editor-ui:build: [0mdist/assets/es-legacy-B5n_7XAh.js                                          1,296.75 kB │ gzip: 325.94 kB
[35mn8n-editor-ui:build: [0mdist/assets/isEmpty-legacy-DpHK1-Ho.js                                     1,573.84 kB │ gzip: 341.35 kB
[35mn8n-editor-ui:build: [0mdist/assets/ParameterInputList-legacy-PVNKfuKM.js                          2,068.84 kB │ gzip: 400.04 kB
[35mn8n-editor-ui:build: [0mdist/assets/DataTableDetailsView-legacy-DFnkiMTD.js                        2,167.91 kB │ gzip: 404.51 kB
[35mn8n-editor-ui:build: [0mdist/assets/index-legacy-VsqCFvkz.js                                       2,253.70 kB │ gzip: 339.38 kB
[35mn8n-editor-ui:build: [0mdist/assets/src-legacy-Bmt0F4I2.js                                         3,160.66 kB │ gzip: 514.76 kB
[35mn8n-editor-ui:build: [0mdist/assets/constants-legacy-gxdn4pS1.js                                   3,635.44 kB │ gzip: 632.85 kB
[35mn8n-editor-ui:build: [0m[33m[EVAL] Warning:[0m Use of direct `eval` function is strongly discouraged as it poses security risks and may cause issues with minification.
[35mn8n-editor-ui:build: [0m      [38;5;246m╭[0m[38;5;246m─[0m[38;5;246m[[0m ../../../node_modules/.pnpm/web-tree-sitter@0.24.3/node_modules/web-tree-sitter/tree-sitter.js:1195:37 [38;5;246m][0m
[35mn8n-editor-ui:build: [0m      [38;5;246m│[0m
[35mn8n-editor-ui:build: [0m [38;5;246m1195 │[0m [38;5;249m [0m[38;5;249m [0m[38;5;249m [0m[38;5;249m [0m[38;5;249m [0m[38;5;249m [0m[38;5;249m [0m[38;5;249m [0m[38;5;249m [0m[38;5;249m [0m[38;5;249m [0m[38;5;249m [0m[38;5;249m [0m[38;5;249m [0m[38;5;249m [0m[38;5;249m [0m[38;5;249mA[0m[38;5;249mS[0m[38;5;249mM[0m[38;5;249m_[0m[38;5;249mC[0m[38;5;249mO[0m[38;5;249mN[0m[38;5;249mS[0m[38;5;249mT[0m[38;5;249mS[0m[38;5;249m[[0m[38;5;249ms[0m[38;5;249mt[0m[38;5;249ma[0m[38;5;249mr[0m[38;5;249mt[0m[38;5;249m][0m[38;5;249m [0m[38;5;249m=[0m[38;5;249m [0meval[38;5;249m([0m[38;5;249mf[0m[38;5;249mu[0m[38;5;249mn[0m[38;5;249mc[0m[38;5;249m)[0m[38;5;249m;[0m
[35mn8n-editor-ui:build: [0m [38;5;240m     │[0m                                     ──┬─  
[35mn8n-editor-ui:build: [0m [38;5;240m     │[0m                                       ╰─── Use of direct `eval` here.
[35mn8n-editor-ui:build: [0m [38;5;240m     │[0m 
[35mn8n-editor-ui:build: [0m [38;5;240m     │[0m [38;5;115mHelp[0m: Consider using indirect eval. For more information, check the documentation: https://rolldown.rs/guide/troubleshooting#avoiding-direct-eval
[35mn8n-editor-ui:build: [0m[38;5;246m──────╯[0m
[35mn8n-editor-ui:build: [0m
[35mn8n-editor-ui:build: [0m[33m[EVAL] Warning:[0m Use of direct `eval` function is strongly discouraged as it poses security risks and may cause issues with minification.
[35mn8n-editor-ui:build: [0m      [38;5;246m╭[0m[38;5;246m─[0m[38;5;246m[[0m ../../../node_modules/.pnpm/web-tree-sitter@0.24.3/node_modules/web-tree-sitter/tree-sitter.js:1221:39 [38;5;246m][0m
[35mn8n-editor-ui:build: [0m      [38;5;246m│[0m
[35mn8n-editor-ui:build: [0m [38;5;246m1221 │[0m [38;5;249m [0m[38;5;249m [0m[38;5;249m [0m[38;5;249m [0m[38;5;249m [0m[38;5;249m [0m[38;5;249m [0m[38;5;249m [0m[38;5;249m [0m[38;5;249m [0m[38;5;249m [0m[38;5;249m [0m[38;5;249m [0m[38;5;249m [0m[38;5;249m [0m[38;5;249m [0m[38;5;249mm[0m[38;5;249mo[0m[38;5;249md[0m[38;5;249mu[0m[38;5;249ml[0m[38;5;249me[0m[38;5;249mE[0m[38;5;249mx[0m[38;5;249mp[0m[38;5;249mo[0m[38;5;249mr[0m[38;5;249mt[0m[38;5;249ms[0m[38;5;249m[[0m[38;5;249mn[0m[38;5;249ma[0m[38;5;249mm[0m[38;5;249me[0m[38;5;249m][0m[38;5;249m [0m[38;5;249m=[0m[38;5;249m [0meval[38;5;249m([0m[38;5;249mf[0m[38;5;249mu[0m[38;5;249mn[0m[38;5;249mc[0m[38;5;249m)[0m[38;5;249m;[0m
[35mn8n-editor-ui:build: [0m [38;5;240m     │[0m                                       ──┬─  
[35mn8n-editor-ui:build: [0m [38;5;240m     │[0m                                         ╰─── Use of direct `eval` here.
[35mn8n-editor-ui:build: [0m [38;5;240m     │[0m 
[35mn8n-editor-ui:build: [0m [38;5;240m     │[0m [38;5;115mHelp[0m: Consider using indirect eval. For more information, check the documentation: https://rolldown.rs/guide/troubleshooting#avoiding-direct-eval
[35mn8n-editor-ui:build: [0m[38;5;246m──────╯[0m
[35mn8n-editor-ui:build: [0m
[35mn8n-editor-ui:build: [0m[33m[IMPORT_IS_UNDEFINED] Warning:[0m Import `currentInstance` will always be undefined because there is no matching export in '../../../node_modules/.pnpm/vue@3.5.25_typescript@5.9.2/node_modules/vue/dist/vue.runtime.esm-bundler.js'
[35mn8n-editor-ui:build: [0m     [38;5;246m╭[0m[38;5;246m─[0m[38;5;246m[[0m ../../../node_modules/.pnpm/vue-i18n@11.2.2_vue@3.5.25_typescript@5.9.2_/node_modules/vue-i18n/dist/vue-i18n.mjs:283:16 [38;5;246m][0m
[35mn8n-editor-ui:build: [0m     [38;5;246m│[0m
[35mn8n-editor-ui:build: [0m [38;5;246m283 │[0m [38;5;249m [0m[38;5;249m [0m[38;5;249m [0m[38;5;249m [0m[38;5;249m [0m[38;5;249m [0m[38;5;249m [0m[38;5;249m [0m[38;5;249mr[0m[38;5;249me[0m[38;5;249mt[0m[38;5;249mu[0m[38;5;249mr[0m[38;5;249mn[0m[38;5;249m [0mVue[name][38;5;249m;[0m
[35mn8n-editor-ui:build: [0m [38;5;240m    │[0m                ────┬────  
[35mn8n-editor-ui:build: [0m [38;5;240m    │[0m                    ╰────── 
[35mn8n-editor-ui:build: [0m[38;5;246m─────╯[0m
[35mn8n-editor-ui:build: [0m
[35mn8n-editor-ui:build: [0m<script src="/{{BASE_PATH}}/static/base-path.js"> in "/index.html" can't be bundled without type="module" attribute
[35mn8n-editor-ui:build: [0m<script src="/{{BASE_PATH}}/static/posthog.init.js"> in "/index.html" can't be bundled without type="module" attribute
[35mn8n-editor-ui:build: [0m[plugin builtin:vite-import-glob] Invalid glob pattern: `@n8n/i18n/locales/*.json` in file 'src/app/dev/i18nHmr.ts'. Glob patterns must start with:
[35mn8n-editor-ui:build: [0m  • '/' for absolute paths from project root
[35mn8n-editor-ui:build: [0m  • './' or '../' for relative paths
[35mn8n-editor-ui:build: [0m  • '**/' for recursive matching from project root
[35mn8n-editor-ui:build: [0m  • '#' for subpath imports (with '*' wildcard)
[35mn8n-editor-ui:build: [0m[plugin rolldown:vite-resolve] Module "os" has been externalized for browser compatibility, imported by "/Users/joaolucashilgert/Development/Docker/n8n8/node_modules/.pnpm/recast@0.22.0/node_modules/recast/lib/util.js". See https://vite.dev/guide/troubleshooting.html#module-externalized-for-browser-compatibility for more details.
[35mn8n-editor-ui:build: [0m[2K[35mn8n-editor-ui:build: [0mtransforming...✓ 6764 modules transformed.
[35mn8n-editor-ui:build: [0mrendering chunks...
[35mn8n-editor-ui:build: [0m[plugin builtin:vite-reporter] 
[35mn8n-editor-ui:build: [0m(!) /Users/joaolucashilgert/Development/Docker/n8n8/packages/frontend/editor-ui/src/features/ndv/parameters/components/CollectionParameter.vue is dynamically imported by /Users/joaolucashilgert/Development/Docker/n8n8/packages/frontend/editor-ui/src/features/ndv/parameters/components/ParameterInputList.vue?vue&type=script&setup=true&lang.ts but also statically imported by /Users/joaolucashilgert/Development/Docker/n8n8/packages/frontend/editor-ui/src/features/ndv/parameters/components/MultipleParameter.vue?vue&type=script&setup=true&lang.ts, dynamic import will not move module into another chunk.
[35mn8n-editor-ui:build: [0m
[35mn8n-editor-ui:build: [0m[vite-plugin-static-copy] Copied 2 items.
[35mn8n-editor-ui:build: [0mcomputing gzip size...
[35mn8n-editor-ui:build: [0mdist/assets/sqlite3-opfs-async-proxy-BrtqH9Si.js                       15.79 kB
[35mn8n-editor-ui:build: [0mdist/index.html                                                        16.12 kB │ gzip:   3.27 kB
[35mn8n-editor-ui:build: [0mdist/assets/element-icons-B-tDfklg.woff                                28.20 kB
[35mn8n-editor-ui:build: [0mdist/assets/element-icons-_lZGOqcG.ttf                                 55.95 kB
[35mn8n-editor-ui:build: [0mdist/assets/CommitMonoVariable-ytizKI8U.woff2                          86.76 kB
[35mn8n-editor-ui:build: [0mdist/assets/doppler-B__k0MeW.webp                                     315.06 kB
[35mn8n-editor-ui:build: [0mdist/assets/InterVariable-DiVDrmQJ.woff2                              352.24 kB
[35mn8n-editor-ui:build: [0mdist/assets/sqlite3-worker1-bundler-friendly-BvaOkVlV.js              363.07 kB
[35mn8n-editor-ui:build: [0mdist/assets/worker-D_LNR8b-.js                                        377.67 kB
[35mn8n-editor-ui:build: [0mdist/assets/InterVariable-Italic-FCBEiFp6.woff2                       387.97 kB
[35mn8n-editor-ui:build: [0mdist/assets/sqlite3-DBpDb1lf.wasm                                     856.44 kB │ gzip: 396.48 kB
[35mn8n-editor-ui:build: [0mdist/assets/typescript.worker-CQpbljUM.js                           7,976.46 kB
[35mn8n-editor-ui:build: [0mdist/assets/EntityNotFound-D6gi5ngN.css                                 0.19 kB │ gzip:   0.16 kB
[35mn8n-editor-ui:build: [0mdist/assets/EntityUnAuthorised-D3XTbU6Y.css                             0.19 kB │ gzip:   0.16 kB
[35mn8n-editor-ui:build: [0mdist/assets/ProjectRolesView-CZqQ656d.css                               0.26 kB │ gzip:   0.17 kB
[35mn8n-editor-ui:build: [0mdist/assets/SeverityTag-C0hCvHeU.css                                    0.27 kB │ gzip:   0.15 kB
[35mn8n-editor-ui:build: [0mdist/assets/MigrationRuleDetail-4tgkxxhX.css                            0.42 kB │ gzip:   0.28 kB
[35mn8n-editor-ui:build: [0mdist/assets/NDVEmptyState-Bho0_Ev8.css                                  0.52 kB │ gzip:   0.28 kB
[35mn8n-editor-ui:build: [0mdist/assets/AnimatedSpinner-CoP6Lyme.css                                0.57 kB │ gzip:   0.19 kB
[35mn8n-editor-ui:build: [0mdist/assets/ProjectRoleView-Ds9qdhh9.css                                0.86 kB │ gzip:   0.42 kB
[35mn8n-editor-ui:build: [0mdist/assets/MigrationRules-wMqorxjv.css                                 1.42 kB │ gzip:   0.50 kB
[35mn8n-editor-ui:build: [0mdist/assets/RunDataHtml-Bu3RZcuV.css                                    2.53 kB │ gzip:   0.46 kB
[35mn8n-editor-ui:build: [0mdist/assets/CredentialIcon-bZrcXcyJ.css                                 2.56 kB │ gzip:   0.47 kB
[35mn8n-editor-ui:build: [0mdist/assets/NodeIcon-U9MPshuN.css                                       2.57 kB │ gzip:   0.48 kB
[35mn8n-editor-ui:build: [0mdist/assets/ModalDrawer-B-12esvU.css                                    2.58 kB │ gzip:   0.48 kB
[35mn8n-editor-ui:build: [0mdist/assets/TextWithHighlights-BgbTzzK2.css                             2.63 kB │ gzip:   0.51 kB
[35mn8n-editor-ui:build: [0mdist/assets/KeyboardShortcutTooltip-pRLqnHdh.css                        2.65 kB │ gzip:   0.52 kB
[35mn8n-editor-ui:build: [0mdist/assets/RunDataJsonActions-CZx7rSSE.css                             2.65 kB │ gzip:   0.52 kB
[35mn8n-editor-ui:build: [0mdist/assets/ChatAgentAvatar-BQdWaF20.css                                2.67 kB │ gzip:   0.51 kB
[35mn8n-editor-ui:build: [0mdist/assets/InsightsPaywall-CE5W3W4m.css                                2.70 kB │ gzip:   0.56 kB
[35mn8n-editor-ui:build: [0mdist/assets/Draggable-DfBtatxg.css                                      2.72 kB │ gzip:   0.55 kB
[35mn8n-editor-ui:build: [0mdist/assets/ExternalSecretsProviderConnectionSwitch-dpp96SMy.css        2.74 kB │ gzip:   0.56 kB
[35mn8n-editor-ui:build: [0mdist/assets/ChatSidebarOpener-CxM-3LAt.css                              2.83 kB │ gzip:   0.61 kB
[35mn8n-editor-ui:build: [0mdist/assets/ModelByIdSelectorModal-CF6s_557.css                         2.86 kB │ gzip:   0.60 kB
[35mn8n-editor-ui:build: [0mdist/assets/SaveButton-Dc01Y2MA.css                                     2.86 kB │ gzip:   0.61 kB
[35mn8n-editor-ui:build: [0mdist/assets/PageViewLayout-Cn6FD0Wt.css                                 2.90 kB │ gzip:   0.62 kB
[35mn8n-editor-ui:build: [0mdist/assets/ErrorView-D2OMvGTk.css                                      2.93 kB │ gzip:   0.62 kB
[35mn8n-editor-ui:build: [0mdist/assets/NodeCreation-CKa3G1zA.css                                   2.93 kB │ gzip:   0.65 kB
[35mn8n-editor-ui:build: [0mdist/assets/SelectedItemsInfo-DDbNnY7M.css                              2.96 kB │ gzip:   0.64 kB
[35mn8n-editor-ui:build: [0mdist/assets/WorkflowExecutionsLandingPage-DMldlKod.css                  2.97 kB │ gzip:   0.63 kB
[35mn8n-editor-ui:build: [0mdist/assets/CredentialSelectorModal-CKQNdS8g.css                        3.05 kB │ gzip:   0.63 kB
[35mn8n-editor-ui:build: [0mdist/assets/TemplatesCollectionView-klb8FT9y.css                        3.06 kB │ gzip:   0.66 kB
[35mn8n-editor-ui:build: [0mdist/assets/SigninView-BQgsTN8o.css                                     3.07 kB │ gzip:   0.68 kB
[35mn8n-editor-ui:build: [0mdist/assets/TemplateCard-DxDBlS6p.css                                   3.10 kB │ gzip:   0.67 kB
[35mn8n-editor-ui:build: [0mdist/assets/SetupWorkflowFromTemplateView-CU2iGJTa.css                  3.10 kB │ gzip:   0.68 kB
[35mn8n-editor-ui:build: [0mdist/assets/SettingsExternalSecrets-CaiOf7cD.css                        3.10 kB │ gzip:   0.65 kB
[35mn8n-editor-ui:build: [0mdist/assets/AgentEditorModal-CwCd7RNA.css                               3.11 kB │ gzip:   0.68 kB
[35mn8n-editor-ui:build: [0mdist/assets/useCommandBar-eK4Fv9lH.css                                  3.12 kB │ gzip:   0.66 kB
[35mn8n-editor-ui:build: [0mdist/assets/WorkflowPreview-CYpzxJej.css                                3.17 kB │ gzip:   0.72 kB
[35mn8n-editor-ui:build: [0mdist/assets/ResourceFiltersDropdown-BACE5ZTX.css                        3.26 kB │ gzip:   0.68 kB
[35mn8n-editor-ui:build: [0mdist/assets/SettingsLdapView-BuamZyhu.css                               3.26 kB │ gzip:   0.70 kB
[35mn8n-editor-ui:build: [0mdist/assets/ProjectBreadcrumb-CAEDvzuN.css                              3.27 kB │ gzip:   0.71 kB
[35mn8n-editor-ui:build: [0mdist/assets/DataTableView-ByKnlVtU.css                                  3.28 kB │ gzip:   0.78 kB
[35mn8n-editor-ui:build: [0mdist/assets/TemplatesWorkflowView-CBjRBbmw.css                          3.29 kB │ gzip:   0.74 kB
[35mn8n-editor-ui:build: [0mdist/assets/RunDataSearch-BvNE3iVy.css                                  3.29 kB │ gzip:   0.72 kB
[35mn8n-editor-ui:build: [0mdist/assets/WorkflowExecutionsInfoAccordion-CEOvJ-SX.css                3.32 kB │ gzip:   0.74 kB
[35mn8n-editor-ui:build: [0mdist/assets/InsightsTableWorkflows-BpSKLmUy.css                         3.32 kB │ gzip:   0.76 kB
[35mn8n-editor-ui:build: [0mdist/assets/ProviderSettingsModal-CZ44KI4I.css                          3.37 kB │ gzip:   0.68 kB
[35mn8n-editor-ui:build: [0mdist/assets/useTelemetryContext-BpnKRIT7.css                            3.38 kB │ gzip:   0.74 kB
[35mn8n-editor-ui:build: [0mdist/assets/PrebuiltAgentTemplatesView-jF7HvWnL.css                     3.40 kB │ gzip:   0.75 kB
[35mn8n-editor-ui:build: [0mdist/assets/ProjectCardBadge-XPHWNQHG.css                               3.41 kB │ gzip:   0.76 kB
[35mn8n-editor-ui:build: [0mdist/assets/ProjectIcon-DT95ZcDW.css                                    3.50 kB │ gzip:   0.72 kB
[35mn8n-editor-ui:build: [0mdist/assets/SettingsPersonalView-DEpYU3TT.css                           3.50 kB │ gzip:   0.82 kB
[35mn8n-editor-ui:build: [0mdist/assets/ToolsSelectorModal-B2z9ibQ0.css                             3.63 kB │ gzip:   0.73 kB
[35mn8n-editor-ui:build: [0mdist/assets/ChatFile-DyV_OG6Q.css                                       3.67 kB │ gzip:   0.85 kB
[35mn8n-editor-ui:build: [0mdist/assets/CopyInput-LoI3iHWE.css                                      3.84 kB │ gzip:   0.91 kB
[35mn8n-editor-ui:build: [0mdist/assets/RunDataParsedAiContent-CvjNCtpG.css                         3.95 kB │ gzip:   0.75 kB
[35mn8n-editor-ui:build: [0mdist/assets/evaluation-BzMQd3Iw.css                                     4.12 kB │ gzip:   0.92 kB
[35mn8n-editor-ui:build: [0mdist/assets/SettingsSourceControl-DEs9MNB6.css                          4.19 kB │ gzip:   0.92 kB
[35mn8n-editor-ui:build: [0mdist/assets/OAuthConsentView-CXZbBKS5.css                               4.44 kB │ gzip:   0.95 kB
[35mn8n-editor-ui:build: [0mdist/assets/TagsDropdown-Do1UB2LF.css                                   4.95 kB │ gzip:   1.12 kB
[35mn8n-editor-ui:build: [0mdist/assets/FixedCollectionParameter-DHvFfGbF.css                       5.13 kB │ gzip:   0.97 kB
[35mn8n-editor-ui:build: [0mdist/assets/InsightsDashboard-CttFeZVb.css                              5.35 kB │ gzip:   1.39 kB
[35mn8n-editor-ui:build: [0mdist/assets/TemplateDetails-DfyKyMyy.css                                5.40 kB │ gzip:   0.65 kB
[35mn8n-editor-ui:build: [0mdist/assets/banners-UK5wWFEI.css                                        5.44 kB │ gzip:   0.67 kB
[35mn8n-editor-ui:build: [0mdist/assets/CommunityNodeUpdateInfo-kPDiipF5.css                        5.52 kB │ gzip:   0.69 kB
[35mn8n-editor-ui:build: [0mdist/assets/SettingsChatHubView-zBt63VWY.css                            5.72 kB │ gzip:   0.75 kB
[35mn8n-editor-ui:build: [0mdist/assets/AuthView-Dg9ZkCud.css                                       5.80 kB │ gzip:   0.80 kB
[35mn8n-editor-ui:build: [0mdist/assets/Modal-DNkRJkUt.css                                          5.90 kB │ gzip:   0.81 kB
[35mn8n-editor-ui:build: [0mdist/assets/TemplatesView-iSPzXjQB.css                                  5.92 kB │ gzip:   0.82 kB
[35mn8n-editor-ui:build: [0mdist/assets/SettingsView-6sirGv9l.css                                   6.01 kB │ gzip:   0.85 kB
[35mn8n-editor-ui:build: [0mdist/assets/SettingsLogStreamingView-xo-rTSA0.css                       6.02 kB │ gzip:   0.91 kB
[35mn8n-editor-ui:build: [0mdist/assets/CredentialsView-BDOl2A0w.css                                6.03 kB │ gzip:   0.90 kB
[35mn8n-editor-ui:build: [0mdist/assets/useCustomAgent-tUoLIUar.css                                 6.12 kB │ gzip:   0.92 kB
[35mn8n-editor-ui:build: [0mdist/assets/InsightsSummary-CnaRV949.css                                6.17 kB │ gzip:   1.35 kB
[35mn8n-editor-ui:build: [0mdist/assets/ProjectSharing-5AaqsE7p.css                                 6.19 kB │ gzip:   0.86 kB
[35mn8n-editor-ui:build: [0mdist/assets/CredentialPicker-CWT-qPMn.css                               6.25 kB │ gzip:   0.96 kB
[35mn8n-editor-ui:build: [0mdist/assets/AddDataTableModal-vT1D9-UY.css                              6.36 kB │ gzip:   1.30 kB
[35mn8n-editor-ui:build: [0mdist/assets/ProjectHeader-DMoL829v.css                                  6.43 kB │ gzip:   1.00 kB
[35mn8n-editor-ui:build: [0mdist/assets/SettingsCommunityNodesView-m7kLUpJK.css                     6.49 kB │ gzip:   0.98 kB
[35mn8n-editor-ui:build: [0mdist/assets/SettingsApiView-Dtl_N9mK.css                                6.64 kB │ gzip:   1.05 kB
[35mn8n-editor-ui:build: [0mdist/assets/ChatAgentsView-bU9DF47q.css                                 7.11 kB │ gzip:   1.15 kB
[35mn8n-editor-ui:build: [0mdist/assets/RunDataJson-LufoUTRy.css                                    7.26 kB │ gzip:   1.10 kB
[35mn8n-editor-ui:build: [0mdist/assets/RunDataTable-D2zvy6Ar.css                                   7.72 kB │ gzip:   1.68 kB
[35mn8n-editor-ui:build: [0mdist/assets/WorkflowActivator-xCBwqG20.css                              8.03 kB │ gzip:   0.78 kB
[35mn8n-editor-ui:build: [0mdist/assets/SetupTemplateFormStep-n3VY06cx.css                          8.25 kB │ gzip:   0.83 kB
[35mn8n-editor-ui:build: [0mdist/assets/NodeDetailsViewV2-CgELKnqG.css                              8.30 kB │ gzip:   1.47 kB
[35mn8n-editor-ui:build: [0mdist/assets/TestRunDetailView-B6RipEoO.css                              8.36 kB │ gzip:   1.49 kB
[35mn8n-editor-ui:build: [0mdist/assets/ProjectVariables-CVX3Lygi.css                               8.87 kB │ gzip:   1.06 kB
[35mn8n-editor-ui:build: [0mdist/assets/SettingsUsersView-CfJcVjkl.css                              9.32 kB │ gzip:   1.15 kB
[35mn8n-editor-ui:build: [0mdist/assets/ProjectSettings-vir6puPd.css                                9.72 kB │ gzip:   1.17 kB
[35mn8n-editor-ui:build: [0mdist/assets/SettingsUsageAndPlan-CX3b3V8W.css                           9.83 kB │ gzip:   1.22 kB
[35mn8n-editor-ui:build: [0mdist/assets/ExecutionsTime-CMWDVq5H.css                                 9.95 kB │ gzip:   1.25 kB
[35mn8n-editor-ui:build: [0mdist/assets/TemplateList-CNUtq0N7.css                                  10.03 kB │ gzip:   1.21 kB
[35mn8n-editor-ui:build: [0mdist/assets/VirtualSchema-q8kFXWD9.css                                 10.14 kB │ gzip:   2.23 kB
[35mn8n-editor-ui:build: [0mdist/assets/ResourcesListLayout-DLAMdJD5.css                           10.30 kB │ gzip:   1.32 kB
[35mn8n-editor-ui:build: [0mdist/assets/ExecutionsView-DP5OXlS4.css                                11.05 kB │ gzip:   1.05 kB
[35mn8n-editor-ui:build: [0mdist/assets/SettingsSso-DPkEVc10.css                                   11.98 kB │ gzip:   1.16 kB
[35mn8n-editor-ui:build: [0mdist/assets/EvaluationsView-CmcDUAS_.css                               12.06 kB │ gzip:   1.28 kB
[35mn8n-editor-ui:build: [0mdist/assets/EvaluationsRootView-D22182Fd.css                           12.34 kB │ gzip:   1.30 kB
[35mn8n-editor-ui:build: [0mdist/assets/useLogsTreeExpand-nZMKe2ps.css                             12.61 kB │ gzip:   1.84 kB
[35mn8n-editor-ui:build: [0mdist/assets/NodeDetailsView-Dy4A-9xj.css                               13.82 kB │ gzip:   1.64 kB
[35mn8n-editor-ui:build: [0mdist/assets/WorkflowExecutionsPreview-BkXT82z5.css                     15.45 kB │ gzip:   1.94 kB
[35mn8n-editor-ui:build: [0mdist/assets/WorkflowHistory-D3BhOWlD.css                               15.82 kB │ gzip:   1.80 kB
[35mn8n-editor-ui:build: [0mdist/assets/WorkflowExecutionsView-J4lWGYW8.css                        16.60 kB │ gzip:   1.85 kB
[35mn8n-editor-ui:build: [0mdist/assets/NodeView-DXad5aKA.css                                      18.81 kB │ gzip:   2.09 kB
[35mn8n-editor-ui:build: [0mdist/assets/ChatSidebar-BPSEDpF_.css                                   19.40 kB │ gzip:   1.83 kB
[35mn8n-editor-ui:build: [0mdist/assets/TemplatesSearchView-BfT0LMil.css                           19.49 kB │ gzip:   1.94 kB
[35mn8n-editor-ui:build: [0mdist/assets/MainSidebar-bwCkn71q.css                                   20.98 kB │ gzip:   2.07 kB
[35mn8n-editor-ui:build: [0mdist/assets/WorkerView-dRylOW7G.css                                    22.85 kB │ gzip:   1.49 kB
[35mn8n-editor-ui:build: [0mdist/assets/TriggerPanel-DlqCrY-j.css                                  25.52 kB │ gzip:   2.63 kB
[35mn8n-editor-ui:build: [0mdist/assets/MainHeader-BrCMY0od.css                                    27.80 kB │ gzip:   2.10 kB
[35mn8n-editor-ui:build: [0mdist/assets/DataTableDetailsView-BdqIkC-W.css                          30.20 kB │ gzip:   2.76 kB
[35mn8n-editor-ui:build: [0mdist/assets/SettingsMCPView-DuDsjRhd.css                               31.21 kB │ gzip:   2.14 kB
[35mn8n-editor-ui:build: [0mdist/assets/ChatView-Doeja5OX.css                                      31.77 kB │ gzip:   3.39 kB
[35mn8n-editor-ui:build: [0mdist/assets/NodeCreator-C-ckvxD7.css                                   36.26 kB │ gzip:   3.17 kB
[35mn8n-editor-ui:build: [0mdist/assets/ItemsRenderer-Bj1n8yoX.css                                 39.12 kB │ gzip:   2.46 kB
[35mn8n-editor-ui:build: [0mdist/assets/NodeSettings-BIOqhOCE.css                                  40.04 kB │ gzip:   3.70 kB
[35mn8n-editor-ui:build: [0mdist/assets/WorkflowsView-DnvmpkIR.css                                 41.06 kB │ gzip:   3.18 kB
[35mn8n-editor-ui:build: [0mdist/assets/isEmpty-CIAN-oWX.css                                       48.42 kB │ gzip:   4.11 kB
[35mn8n-editor-ui:build: [0mdist/assets/LogsPanel-CkyETl2u.css                                     74.30 kB │ gzip:   5.55 kB
[35mn8n-editor-ui:build: [0mdist/assets/useCanvasMapping-DUHri6Ht.css                             110.74 kB │ gzip:   7.15 kB
[35mn8n-editor-ui:build: [0mdist/assets/ParameterInputList-Cqvjzw05.css                           180.37 kB │ gzip:  12.27 kB
[35mn8n-editor-ui:build: [0mdist/assets/src-CSeGTiKU.css                                          407.44 kB │ gzip:  27.59 kB
[35mn8n-editor-ui:build: [0mdist/assets/index-CJpAz8wJ.css                                        696.07 kB │ gzip:  67.34 kB
[35mn8n-editor-ui:build: [0mdist/assets/en-BJIWjiYo.js                                              0.08 kB │ gzip:   0.08 kB
[35mn8n-editor-ui:build: [0mdist/assets/sourceControl.eventBus-nY_KL_PS.js                          0.14 kB │ gzip:   0.12 kB
[35mn8n-editor-ui:build: [0mdist/assets/core-BwYPvK-8.js                                            0.20 kB │ gzip:   0.16 kB
[35mn8n-editor-ui:build: [0mdist/assets/_plugin-vue_export-helper-fRq25RGE.js                       0.22 kB │ gzip:   0.16 kB
[35mn8n-editor-ui:build: [0mdist/assets/smartDecimal-BXx7tsMA.js                                    0.23 kB │ gzip:   0.17 kB
[35mn8n-editor-ui:build: [0mdist/assets/RunDataHtml-DqH3BC88.js                                     0.26 kB │ gzip:   0.18 kB
[35mn8n-editor-ui:build: [0mdist/assets/auth.eventBus-BjqyNIs_.js                                   0.27 kB │ gzip:   0.15 kB
[35mn8n-editor-ui:build: [0mdist/assets/sortByProperty-wMnzjcs4.js                                  0.28 kB │ gzip:   0.20 kB
[35mn8n-editor-ui:build: [0mdist/assets/mcp.constants-atZT2Mgs.js                                   0.48 kB │ gzip:   0.27 kB
[35mn8n-editor-ui:build: [0mdist/assets/uniqBy-4B9bTR9R.js                                          0.49 kB │ gzip:   0.29 kB
[35mn8n-editor-ui:build: [0mdist/assets/fileUtils-DimO3Y9l.js                                       0.60 kB │ gzip:   0.35 kB
[35mn8n-editor-ui:build: [0mdist/assets/RunDataParsedAiContent-CNqaz5vU.js                          0.68 kB │ gzip:   0.36 kB
[35mn8n-editor-ui:build: [0mdist/assets/retry-D0BfqjJh.js                                           0.68 kB │ gzip:   0.35 kB
[35mn8n-editor-ui:build: [0mdist/assets/orderBy-BxVvtEX2.js                                         0.73 kB │ gzip:   0.36 kB
[35mn8n-editor-ui:build: [0mdist/assets/useAzureAdToken-acbwYujW.js                                 0.76 kB │ gzip:   0.34 kB
[35mn8n-editor-ui:build: [0mdist/assets/useIntersectionObserver-pmZaCS_P.js                         0.77 kB │ gzip:   0.36 kB
[35mn8n-editor-ui:build: [0mdist/assets/utils-htU6E3hR.js                                           0.81 kB │ gzip:   0.45 kB
[35mn8n-editor-ui:build: [0mdist/assets/pickBy-BHB7Fe_3.js                                          0.84 kB │ gzip:   0.40 kB
[35mn8n-editor-ui:build: [0mdist/assets/EnterpriseEdition.ee-CNuxyXEA.js                            0.86 kB │ gzip:   0.47 kB
[35mn8n-editor-ui:build: [0mdist/assets/useExecutionData-DtKy1XYt.js                                0.89 kB │ gzip:   0.40 kB
[35mn8n-editor-ui:build: [0mdist/assets/WorkflowActivationErrorMessage-CD9YmRzG.js                  0.90 kB │ gzip:   0.48 kB
[35mn8n-editor-ui:build: [0mdist/assets/PageViewLayout-LHGZDqwo.js                                  0.95 kB │ gzip:   0.46 kB
[35mn8n-editor-ui:build: [0mdist/assets/useMcp-B90vE1OG.js                                          1.07 kB │ gzip:   0.49 kB
[35mn8n-editor-ui:build: [0mdist/assets/SignoutView-BA-3sUEc.js                                     1.18 kB │ gzip:   0.63 kB
[35mn8n-editor-ui:build: [0mdist/assets/userRoleProvisioning.store-Dkn6hGpg.js                      1.26 kB │ gzip:   0.45 kB
[35mn8n-editor-ui:build: [0mdist/assets/useBeforeUnload-DiKUBkFL.js                                 1.35 kB │ gzip:   0.58 kB
[35mn8n-editor-ui:build: [0mdist/assets/constants-H2Ya0mMA.js                                       1.35 kB │ gzip:   0.59 kB
[35mn8n-editor-ui:build: [0mdist/assets/VirtualSchema-DKx0kVtP.js                                   1.36 kB │ gzip:   0.64 kB
[35mn8n-editor-ui:build: [0mdist/assets/RunDataHtml-F8bZPp8k.js                                     1.43 kB │ gzip:   0.68 kB
[35mn8n-editor-ui:build: [0mdist/assets/useChatHubSidebarState-DOGKaWT6.js                          1.45 kB │ gzip:   0.63 kB
[35mn8n-editor-ui:build: [0mdist/assets/EmptySharedSectionActionBox-C6dNtrGx.js                     1.49 kB │ gzip:   0.74 kB
[35mn8n-editor-ui:build: [0mdist/assets/useClipboard-DTODWlsT.js                                    1.51 kB │ gzip:   0.69 kB
[35mn8n-editor-ui:build: [0mdist/assets/useTelemetryContext-Bbtbs2G_.js                             1.60 kB │ gzip:   0.71 kB
[35mn8n-editor-ui:build: [0mdist/assets/AnimatedSpinner-eNMPWtda.js                                 1.70 kB │ gzip:   0.62 kB
[35mn8n-editor-ui:build: [0mdist/assets/PushConnectionTracker-DqMxTdjG.js                           1.80 kB │ gzip:   0.82 kB
[35mn8n-editor-ui:build: [0mdist/assets/InsightsChartFailed-S4U9UyD_.js                             1.80 kB │ gzip:   0.86 kB
[35mn8n-editor-ui:build: [0mdist/assets/LogsPanel-_zhTLszk.js                                       1.85 kB │ gzip:   0.85 kB
[35mn8n-editor-ui:build: [0mdist/assets/CollectionParameter-BGpfAIs8.js                             1.90 kB │ gzip:   0.86 kB
[35mn8n-editor-ui:build: [0mdist/assets/InsightsChartTotal-BSzf-xcO.js                              1.93 kB │ gzip:   0.87 kB
[35mn8n-editor-ui:build: [0mdist/assets/KeyboardShortcutTooltip-vPrISrsA.js                         1.93 kB │ gzip:   0.78 kB
[35mn8n-editor-ui:build: [0mdist/assets/apiKeys.store-DW1cxR59.js                                   1.95 kB │ gzip:   0.69 kB
[35mn8n-editor-ui:build: [0mdist/assets/dateFormatter-B7p1A1-O.js                                   1.98 kB │ gzip:   0.68 kB
[35mn8n-editor-ui:build: [0mdist/assets/insights.constants-BicAb3dA.js                              2.00 kB │ gzip:   0.72 kB
[35mn8n-editor-ui:build: [0mdist/assets/chunk-r2Y0G7H8.js                                           2.02 kB │ gzip:   0.89 kB
[35mn8n-editor-ui:build: [0mdist/assets/InsightsChartFailureRate-D4YCT-3K.js                        2.04 kB │ gzip:   0.94 kB
[35mn8n-editor-ui:build: [0mdist/assets/SeverityTag-9vp8Iaw2.js                                     2.07 kB │ gzip:   0.88 kB
[35mn8n-editor-ui:build: [0mdist/assets/WorkflowTagsDropdown-Brt6Hjvm.js                            2.11 kB │ gzip:   0.86 kB
[35mn8n-editor-ui:build: [0mdist/assets/preload-helper-D8n1yiy9.js                                  2.13 kB │ gzip:   1.00 kB
[35mn8n-editor-ui:build: [0mdist/assets/templateTransforms-Bv7Su-4x.js                              2.15 kB │ gzip:   0.64 kB
[35mn8n-editor-ui:build: [0mdist/assets/AnnotationTagsDropdown.ee-BdVCMBaV.js                       2.17 kB │ gzip:   0.88 kB
[35mn8n-editor-ui:build: [0mdist/assets/InsightsChartAverageRuntime-1XXpfs4c.js                     2.24 kB │ gzip:   1.02 kB
[35mn8n-editor-ui:build: [0mdist/assets/usePageRedirectionHelper-DNRMUhdJ.js                        2.29 kB │ gzip:   0.79 kB
[35mn8n-editor-ui:build: [0mdist/assets/InsightsChartTimeSaved-DCGq3sD8.js                          2.29 kB │ gzip:   1.06 kB
[35mn8n-editor-ui:build: [0mdist/assets/roles.store-BhuTf3s6.js                                     2.37 kB │ gzip:   0.80 kB
[35mn8n-editor-ui:build: [0mdist/assets/SamlOnboarding-BVBjrOzJ.js                                  2.39 kB │ gzip:   1.05 kB
[35mn8n-editor-ui:build: [0mdist/assets/DemoFooter-DrPxxcQ6.js                                      2.42 kB │ gzip:   1.13 kB
[35mn8n-editor-ui:build: [0mdist/assets/WorkflowOnboardingView-SLHWSvrQ.js                          2.43 kB │ gzip:   0.96 kB
[35mn8n-editor-ui:build: [0mdist/assets/nodeTransforms-iy95aLWo.js                                  2.46 kB │ gzip:   0.78 kB
[35mn8n-editor-ui:build: [0mdist/assets/ProjectIcon-wWFqKiMV.js                                     2.51 kB │ gzip:   1.01 kB
[35mn8n-editor-ui:build: [0mdist/assets/SelectedItemsInfo-BaBK8Dvh.js                               2.56 kB │ gzip:   0.94 kB
[35mn8n-editor-ui:build: [0mdist/assets/InsightsPaywall-BMRGG376.js                                 2.71 kB │ gzip:   1.05 kB
[35mn8n-editor-ui:build: [0mdist/assets/ErrorView-iBLVeK0g.js                                       2.75 kB │ gzip:   1.09 kB
[35mn8n-editor-ui:build: [0mdist/assets/useKeybindings-3O_oIGAq.js                                  2.83 kB │ gzip:   1.14 kB
[35mn8n-editor-ui:build: [0mdist/assets/EntityUnAuthorised-DBuZACKM.js                              2.85 kB │ gzip:   1.19 kB
[35mn8n-editor-ui:build: [0mdist/assets/TemplatesView-wJ2Gx4BI.js                                   2.98 kB │ gzip:   0.98 kB
[35mn8n-editor-ui:build: [0mdist/assets/SetupWorkflowCredentialsButton-jM51Wsul.js                  2.99 kB │ gzip:   1.21 kB
[35mn8n-editor-ui:build: [0mdist/assets/templateActions-By_wdf6l.js                                 3.03 kB │ gzip:   1.02 kB
[35mn8n-editor-ui:build: [0mdist/assets/insights.store-DVYMNLuI.js                                  3.03 kB │ gzip:   0.90 kB
[35mn8n-editor-ui:build: [0mdist/assets/TextWithHighlights-Bq1Ml3vu.js                              3.03 kB │ gzip:   1.11 kB
[35mn8n-editor-ui:build: [0mdist/assets/ChatAgentAvatar-C8GG0j-o.js                                 3.04 kB │ gzip:   1.15 kB
[35mn8n-editor-ui:build: [0mdist/assets/NodeIcon-BlFNfaCc.js                                        3.04 kB │ gzip:   1.05 kB
[35mn8n-editor-ui:build: [0mdist/assets/EntityNotFound-D3G20886.js                                  3.06 kB │ gzip:   1.10 kB
[35mn8n-editor-ui:build: [0mdist/assets/CopyInput-DgsrI_Jw.js                                       3.17 kB │ gzip:   1.21 kB
[35mn8n-editor-ui:build: [0mdist/assets/SaveButton-GIx_ucXs.js                                      3.22 kB │ gzip:   1.13 kB
[35mn8n-editor-ui:build: [0mdist/assets/CredentialIcon-COoSxkim.js                                  3.23 kB │ gzip:   1.14 kB
[35mn8n-editor-ui:build: [0mdist/assets/ForgotMyPasswordView-BmsSGzQB.js                            3.24 kB │ gzip:   1.30 kB
[35mn8n-editor-ui:build: [0mdist/assets/useExecutionHelpers-CekCwLf9.js                             3.24 kB │ gzip:   1.07 kB
[35mn8n-editor-ui:build: [0mdist/assets/DataTableActions-CD0L8iZz.js                                3.58 kB │ gzip:   1.23 kB
[35mn8n-editor-ui:build: [0mdist/assets/ProjectBreadcrumb-BNxYsnEf.js                               3.70 kB │ gzip:   1.30 kB
[35mn8n-editor-ui:build: [0mdist/assets/FileSaver.min-BU0W1sXv.js                                   3.74 kB │ gzip:   1.54 kB
[35mn8n-editor-ui:build: [0mdist/assets/schemaPreview.store-CpiZELk3.js                             3.76 kB │ gzip:   1.45 kB
[35mn8n-editor-ui:build: [0mdist/assets/_initCloneObject-CALsS4nI.js                                3.77 kB │ gzip:   1.17 kB
[35mn8n-editor-ui:build: [0mdist/assets/mcp.store-6kfMFKJa.js                                       3.79 kB │ gzip:   1.14 kB
[35mn8n-editor-ui:build: [0mdist/assets/npsSurvey.store-CWxwb3Tf.js                                 3.88 kB │ gzip:   1.10 kB
[35mn8n-editor-ui:build: [0mdist/assets/insights.utils-BQbnLaCJ.js                                  4.12 kB │ gzip:   1.30 kB
[35mn8n-editor-ui:build: [0mdist/assets/usage.store-C3yV9WZY.js                                     4.12 kB │ gzip:   1.25 kB
[35mn8n-editor-ui:build: [0mdist/assets/externalSecrets.ee.store-D6sECs5X.js                        4.24 kB │ gzip:   1.28 kB
[35mn8n-editor-ui:build: [0mdist/assets/nodeIcon-BzcTfEqI.js                                        4.24 kB │ gzip:   1.28 kB
[35mn8n-editor-ui:build: [0mdist/assets/SignupView-JH9S-HIC.js                                      4.26 kB │ gzip:   1.54 kB
[35mn8n-editor-ui:build: [0mdist/assets/chartjs.utils-CkMoLqpa.js                                   4.29 kB │ gzip:   1.05 kB
[35mn8n-editor-ui:build: [0mdist/assets/SetupView-BNHWCqkf.js                                       4.29 kB │ gzip:   1.54 kB
[35mn8n-editor-ui:build: [0mdist/assets/TimeAgo-uQzpWYSV.js                                         4.30 kB │ gzip:   1.63 kB
[35mn8n-editor-ui:build: [0mdist/assets/col-BHLbpOEw.js                                             4.36 kB │ gzip:   1.36 kB
[35mn8n-editor-ui:build: [0mdist/assets/chatPanel.store-B4PiNQOt.js                                 4.39 kB │ gzip:   1.30 kB
[35mn8n-editor-ui:build: [0mdist/assets/Draggable-RCkrNB0Z.js                                       4.53 kB │ gzip:   1.52 kB
[35mn8n-editor-ui:build: [0mdist/assets/ChangePasswordView-BMOb9W36.js                              4.72 kB │ gzip:   1.65 kB
[35mn8n-editor-ui:build: [0mdist/assets/useRecentResources-B3XTAhE1.js                              4.72 kB │ gzip:   1.54 kB
[35mn8n-editor-ui:build: [0mdist/assets/useSettingsItems-DO1OJiEW.js                                4.74 kB │ gzip:   1.23 kB
[35mn8n-editor-ui:build: [0mdist/assets/WorkflowExecutionsLandingPage-CzGt_Jon.js                   4.75 kB │ gzip:   1.62 kB
[35mn8n-editor-ui:build: [0mdist/assets/TemplateCard-Cq8YABUN.js                                    4.79 kB │ gzip:   1.79 kB
[35mn8n-editor-ui:build: [0mdist/assets/ModelByIdSelectorModal-BLVw5V9s.js                          4.84 kB │ gzip:   1.69 kB
[35mn8n-editor-ui:build: [0mdist/assets/useExecutionDebugging-Dci8cBFx.js                           4.85 kB │ gzip:   1.73 kB
[35mn8n-editor-ui:build: [0mdist/assets/en-Cbb_Yvyz.js                                              4.88 kB │ gzip:   1.76 kB
[35mn8n-editor-ui:build: [0mdist/assets/ChatFile-zJPXN_Gc.js                                        4.95 kB │ gzip:   1.50 kB
[35mn8n-editor-ui:build: [0mdist/assets/dist-D4CbyW_c.js                                            5.08 kB │ gzip:   1.69 kB
[35mn8n-editor-ui:build: [0mdist/assets/SettingsView-DO_wu0UQ.js                                    5.12 kB │ gzip:   1.69 kB
[35mn8n-editor-ui:build: [0mdist/assets/AuthView-D10D7pe6.js                                        5.21 kB │ gzip:   1.65 kB
[35mn8n-editor-ui:build: [0mdist/assets/dateformat-BPRsPKQE.js                                      5.30 kB │ gzip:   1.99 kB
[35mn8n-editor-ui:build: [0mdist/assets/useWorkflowsCache-DuRG2kgk.js                               5.30 kB │ gzip:   1.44 kB
[35mn8n-editor-ui:build: [0mdist/assets/RunDataSearch-CTAMzG_M.js                                   5.51 kB │ gzip:   2.00 kB
[35mn8n-editor-ui:build: [0mdist/assets/useDebounce-DK5ZUA7z.js                                     5.60 kB │ gzip:   1.76 kB
[35mn8n-editor-ui:build: [0mdist/assets/overlay-Dr71Q9cm.js                                         5.73 kB │ gzip:   1.96 kB
[35mn8n-editor-ui:build: [0mdist/assets/ChatSidebarOpener-BvHEteiy.js                               6.02 kB │ gzip:   2.25 kB
[35mn8n-editor-ui:build: [0mdist/assets/CredentialSelectorModal-BGDP6Isx.js                         6.14 kB │ gzip:   1.86 kB
[35mn8n-editor-ui:build: [0mdist/assets/TemplateDetails-rbaiegWR.js                                 6.63 kB │ gzip:   1.82 kB
[35mn8n-editor-ui:build: [0mdist/assets/cloudPlan.store-BFqxfuEO.js                                 6.74 kB │ gzip:   2.12 kB
[35mn8n-editor-ui:build: [0mdist/assets/logStreaming.store-B2qMqb75.js                              6.75 kB │ gzip:   1.74 kB
[35mn8n-editor-ui:build: [0mdist/assets/ResourceFiltersDropdown-BOKRO4i_.js                         6.76 kB │ gzip:   2.14 kB
[35mn8n-editor-ui:build: [0mdist/assets/PrebuiltAgentTemplatesView-Bifwo2GL.js                      7.10 kB │ gzip:   1.83 kB
[35mn8n-editor-ui:build: [0mdist/assets/Modal-DXpWiViF.js                                           7.14 kB │ gzip:   2.27 kB
[35mn8n-editor-ui:build: [0mdist/assets/WorkflowPreview-DEO4a-WF.js                                 7.21 kB │ gzip:   2.11 kB
[35mn8n-editor-ui:build: [0mdist/assets/executions.store-iJifGsHI.js                                7.26 kB │ gzip:   1.87 kB
[35mn8n-editor-ui:build: [0mdist/assets/banners.store-DeUlQ36C.js                                   7.29 kB │ gzip:   2.33 kB
[35mn8n-editor-ui:build: [0mdist/assets/sso.store-DO0obTR1.js                                       7.31 kB │ gzip:   1.70 kB
[35mn8n-editor-ui:build: [0mdist/assets/useWorkflowActivate-BkX-92EY.js                             7.34 kB │ gzip:   1.83 kB
[35mn8n-editor-ui:build: [0mdist/assets/TemplatesWorkflowView-Duw68xET.js                           7.47 kB │ gzip:   2.35 kB
[35mn8n-editor-ui:build: [0mdist/assets/versions.store-v4qW1r-P.js                                  7.53 kB │ gzip:   2.27 kB
[35mn8n-editor-ui:build: [0mdist/assets/RunDataParsedAiContent-3WFzPvWq.js                          7.72 kB │ gzip:   2.52 kB
[35mn8n-editor-ui:build: [0mdist/assets/TemplatesCollectionView-CnwfBgGi.js                         7.88 kB │ gzip:   2.46 kB
[35mn8n-editor-ui:build: [0mdist/assets/usePinnedData-kZ9BgLBC.js                                   8.07 kB │ gzip:   2.38 kB
[35mn8n-editor-ui:build: [0mdist/assets/TagsDropdown-d7ACnJeS.js                                    8.11 kB │ gzip:   2.63 kB
[35mn8n-editor-ui:build: [0mdist/assets/folders.store-DH_lQyhA.js                                   8.41 kB │ gzip:   2.29 kB
[35mn8n-editor-ui:build: [0mdist/assets/focusPanel.store-D4hOLA4V.js                                8.43 kB │ gzip:   2.82 kB
[35mn8n-editor-ui:build: [0mdist/assets/WorkflowExecutionsInfoAccordion-B2QEiGjM.js                 8.67 kB │ gzip:   2.31 kB
[35mn8n-editor-ui:build: [0mdist/assets/dataTable.store-LKlSkF8e.js                                 8.76 kB │ gzip:   2.21 kB
[35mn8n-editor-ui:build: [0mdist/assets/ModalDrawer-BwXUCVm8.js                                     8.95 kB │ gzip:   2.93 kB
[35mn8n-editor-ui:build: [0mdist/assets/ProjectCardBadge-85nGHVZ6.js                                9.07 kB │ gzip:   2.30 kB
[35mn8n-editor-ui:build: [0mdist/assets/RunDataJson-BVkg7da9.js                                     9.09 kB │ gzip:   2.93 kB
[35mn8n-editor-ui:build: [0mdist/assets/radio-BQYC5uwe.js                                           9.43 kB │ gzip:   2.52 kB
[35mn8n-editor-ui:build: [0mdist/assets/InsightsTableWorkflows-DtoGU5VB.js                          9.69 kB │ gzip:   3.01 kB
[35mn8n-editor-ui:build: [0mdist/assets/OAuthConsentView-DjkgF-En.js                                9.89 kB │ gzip:   2.69 kB
[35mn8n-editor-ui:build: [0mdist/assets/useActions-C3q9hsal.js                                      9.91 kB │ gzip:   2.90 kB
[35mn8n-editor-ui:build: [0mdist/assets/ProjectRolesView-CX_hJYoV.js                               10.03 kB │ gzip:   3.01 kB
[35mn8n-editor-ui:build: [0mdist/assets/path-browserify-BlQEUdcG.js                                10.08 kB │ gzip:   2.43 kB
[35mn8n-editor-ui:build: [0mdist/assets/useWorkflowSaving-_yXIbhnL.js                              10.13 kB │ gzip:   2.86 kB
[35mn8n-editor-ui:build: [0mdist/assets/InsightsSummary-rR8kBzWU.js                                10.59 kB │ gzip:   3.10 kB
[35mn8n-editor-ui:build: [0mdist/assets/NodeCreation-CEmp2dOP.js                                   10.99 kB │ gzip:   3.46 kB
[35mn8n-editor-ui:build: [0mdist/assets/SettingsExternalSecrets-CEf_bfH1.js                        11.15 kB │ gzip:   3.10 kB
[35mn8n-editor-ui:build: [0mdist/assets/evaluation.constants-iGJYdpgB.js                           11.39 kB │ gzip:   3.72 kB
[35mn8n-editor-ui:build: [0mdist/assets/SetupTemplateFormStep-q8xO5_4j.js                          11.58 kB │ gzip:   3.20 kB
[35mn8n-editor-ui:build: [0mdist/assets/CommunityNodeUpdateInfo-CtV18v9K.js                        11.84 kB │ gzip:   3.26 kB
[35mn8n-editor-ui:build: [0mdist/assets/ProjectSharing-CNIIJ9bh.js                                 11.84 kB │ gzip:   3.16 kB
[35mn8n-editor-ui:build: [0mdist/assets/personalizedTemplatesV3.store-pDxJPy9N.js                  11.89 kB │ gzip:   3.12 kB
[35mn8n-editor-ui:build: [0mdist/assets/SetupWorkflowFromTemplateView-DGSQSTs9.js                  12.12 kB │ gzip:   3.41 kB
[35mn8n-editor-ui:build: [0mdist/assets/SettingsChatHubView-DYL6Ty3n.js                            12.13 kB │ gzip:   3.35 kB
[35mn8n-editor-ui:build: [0mdist/assets/DataTableView-DJUtGR-K.js                                  12.25 kB │ gzip:   3.49 kB
[35mn8n-editor-ui:build: [0mdist/assets/MigrationRuleDetail-WC0knoXR.js                            12.50 kB │ gzip:   3.71 kB
[35mn8n-editor-ui:build: [0mdist/assets/TemplateList-Bj_NoYir.js                                   12.82 kB │ gzip:   3.10 kB
[35mn8n-editor-ui:build: [0mdist/assets/CredentialPicker-0m6m0W8X.js                               13.16 kB │ gzip:   3.38 kB
[35mn8n-editor-ui:build: [0mdist/assets/ProviderSettingsModal-CTjW-b3A.js                          13.40 kB │ gzip:   3.25 kB
[35mn8n-editor-ui:build: [0mdist/assets/AgentEditorModal-CLx7ljhA.js                               13.59 kB │ gzip:   3.40 kB
[35mn8n-editor-ui:build: [0mdist/assets/dialog-CslGdrFp.js                                         13.67 kB │ gzip:   4.07 kB
[35mn8n-editor-ui:build: [0mdist/assets/SettingsApiView-DDcJbmSh.js                                13.97 kB │ gzip:   3.88 kB
[35mn8n-editor-ui:build: [0mdist/assets/SigninView-BiGuTZ1z.js                                     14.11 kB │ gzip:   4.05 kB
[35mn8n-editor-ui:build: [0mdist/assets/ChatAgentsView-BNgpSxct.js                                 14.19 kB │ gzip:   3.62 kB
[35mn8n-editor-ui:build: [0mdist/assets/MigrationRules-BZIgFUJE.js                                 14.25 kB │ gzip:   3.12 kB
[35mn8n-editor-ui:build: [0mdist/assets/ToolsSelectorModal-BV1tfwhD.js                             14.46 kB │ gzip:   3.83 kB
[35mn8n-editor-ui:build: [0mdist/assets/FixedCollectionParameter-lwTx8nCb.js                       15.03 kB │ gzip:   4.16 kB
[35mn8n-editor-ui:build: [0mdist/assets/WorkflowActivator-7orFJySf.js                              16.31 kB │ gzip:   4.41 kB
[35mn8n-editor-ui:build: [0mdist/assets/SettingsPersonalView-BdM2tl3u.js                           16.71 kB │ gzip:   4.03 kB
[35mn8n-editor-ui:build: [0mdist/assets/ExternalSecretsProviderConnectionSwitch.ee-BJV2jdtJ.js     16.98 kB │ gzip:   8.25 kB
[35mn8n-editor-ui:build: [0mdist/assets/SettingsCommunityNodesView-CEqJKOc0.js                     17.01 kB │ gzip:   4.30 kB
[35mn8n-editor-ui:build: [0mdist/assets/ProjectRoleView-cSr0e7XO.js                                17.10 kB │ gzip:   4.15 kB
[35mn8n-editor-ui:build: [0mdist/assets/useCustomAgent-aAoElk2I.js                                 17.21 kB │ gzip:   4.95 kB
[35mn8n-editor-ui:build: [0mdist/assets/SettingsLogStreamingView-CIGrp-id.js                       17.42 kB │ gzip:   4.51 kB
[35mn8n-editor-ui:build: [0mdist/assets/TestRunDetailView-AQrkY2PL.js                              18.05 kB │ gzip:   4.49 kB
[35mn8n-editor-ui:build: [0mdist/assets/SettingsUsageAndPlan-CLzK03-j.js                           18.33 kB │ gzip:   4.46 kB
[35mn8n-editor-ui:build: [0mdist/assets/EvaluationsView-DRw_VXWB.js                                18.56 kB │ gzip:   4.90 kB
[35mn8n-editor-ui:build: [0mdist/assets/aiTemplatesStarterCollection.store-Didb7t2B.js             19.72 kB │ gzip:   5.09 kB
[35mn8n-editor-ui:build: [0mdist/assets/readyToRun.store-DWXcQwLS.js                               20.03 kB │ gzip:   5.00 kB
[35mn8n-editor-ui:build: [0mdist/assets/ProjectVariables-TSUxYLdR.js                               20.61 kB │ gzip:   5.55 kB
[35mn8n-editor-ui:build: [0mdist/assets/assistant.store-CU-v7m2C.js                                20.66 kB │ gzip:   5.08 kB
[35mn8n-editor-ui:build: [0mdist/assets/CredentialsView-BQ8mVi3E.js                                21.16 kB │ gzip:   5.83 kB
[35mn8n-editor-ui:build: [0mdist/assets/InsightsDashboard-DF6_yQl_.js                              22.36 kB │ gzip:   5.97 kB
[35mn8n-editor-ui:build: [0mdist/assets/ChatSidebar-B_VVBdpM.js                                    22.43 kB │ gzip:   5.78 kB
[35mn8n-editor-ui:build: [0mdist/assets/useMessage-B_qP12o3.js                                     22.52 kB │ gzip:   5.89 kB
[35mn8n-editor-ui:build: [0mdist/assets/ExecutionsTime-C0EavR24.js                                 23.04 kB │ gzip:   4.70 kB
[35mn8n-editor-ui:build: [0mdist/assets/usePushConnection-Bzqfs3PA.js                              23.35 kB │ gzip:   5.51 kB
[35mn8n-editor-ui:build: [0mdist/assets/EvaluationsRootView-CeXdvuZB.js                            23.90 kB │ gzip:   5.03 kB
[35mn8n-editor-ui:build: [0mdist/assets/empty-Gru612Th.js                                          24.23 kB │ gzip:   5.61 kB
[35mn8n-editor-ui:build: [0mdist/assets/buttons.esm-C_hIULK9.js                                    24.52 kB │ gzip:   7.46 kB
[35mn8n-editor-ui:build: [0mdist/assets/ProjectHeader-DY8LLWWh.js                                  24.57 kB │ gzip:   5.69 kB
[35mn8n-editor-ui:build: [0mdist/assets/SettingsSourceControl-CROoZASQ.js                          24.82 kB │ gzip:   4.87 kB
[35mn8n-editor-ui:build: [0mdist/assets/ResourcesListLayout-CImz_KKd.js                            26.98 kB │ gzip:   6.70 kB
[35mn8n-editor-ui:build: [0mdist/assets/merge-BiYOiHue.js                                          27.11 kB │ gzip:   5.68 kB
[35mn8n-editor-ui:build: [0mdist/assets/RunDataTable-BC-WhnZg.js                                   27.27 kB │ gzip:   6.64 kB
[35mn8n-editor-ui:build: [0mdist/assets/WorkerView-CNvyJlrB.js                                     27.52 kB │ gzip:   6.13 kB
[35mn8n-editor-ui:build: [0mdist/assets/WorkflowExecutionsPreview-CAOBzEye.js                      28.06 kB │ gzip:   6.03 kB
[35mn8n-editor-ui:build: [0mdist/assets/chat.store-DlxBUhzz.js                                     30.98 kB │ gzip:   6.82 kB
[35mn8n-editor-ui:build: [0mdist/assets/SettingsUsersView-SbOyYbHd.js                              33.48 kB │ gzip:   7.43 kB
[35mn8n-editor-ui:build: [0mdist/assets/WorkflowExecutionsView-D6Sa5s0w.js                         34.05 kB │ gzip:   7.89 kB
[35mn8n-editor-ui:build: [0mdist/assets/ExecutionsView-OzhqCVw5.js                                 36.15 kB │ gzip:   7.90 kB
[35mn8n-editor-ui:build: [0mdist/assets/useRunWorkflow-hbT1_3Ir.js                                 36.69 kB │ gzip:   9.50 kB
[35mn8n-editor-ui:build: [0mdist/assets/xml-DT-_vMZu.js                                            37.19 kB │ gzip:   7.70 kB
[35mn8n-editor-ui:build: [0mdist/assets/useLogsTreeExpand-C1LZNHx2.js                              37.50 kB │ gzip:   9.56 kB
[35mn8n-editor-ui:build: [0mdist/assets/ItemsRenderer-Cn48j-jw.js                                  37.81 kB │ gzip:   8.07 kB
[35mn8n-editor-ui:build: [0mdist/assets/vue-json-pretty-C1ghn3gA.js                                38.13 kB │ gzip:  10.64 kB
[35mn8n-editor-ui:build: [0mdist/assets/core-CajlxMos.js                                           38.16 kB │ gzip:  10.82 kB
[35mn8n-editor-ui:build: [0mdist/assets/CalendarDate-B_KL0WkH.js                                   38.64 kB │ gzip:   8.11 kB
[35mn8n-editor-ui:build: [0mdist/assets/WorkflowHistory-BQ8QkocQ.js                                38.91 kB │ gzip:   8.40 kB
[35mn8n-editor-ui:build: [0mdist/assets/ProjectSettings-C0v_CQxP.js                                39.03 kB │ gzip:   8.23 kB
[35mn8n-editor-ui:build: [0mdist/assets/NodeDetailsViewV2-DLedma4u.js                              39.48 kB │ gzip:   9.86 kB
[35mn8n-editor-ui:build: [0mdist/assets/templates.store-CPucPT0t.js                                39.88 kB │ gzip:  13.21 kB
[35mn8n-editor-ui:build: [0mdist/assets/readyToRunWorkflows.store-DUPZuczP.js                      40.34 kB │ gzip:  10.29 kB
[35mn8n-editor-ui:build: [0mdist/assets/NodeDetailsView-CifBN1H1.js                                44.02 kB │ gzip:  10.37 kB
[35mn8n-editor-ui:build: [0mdist/assets/TemplatesSearchView-bIjGHqGq.js                            44.31 kB │ gzip:  10.44 kB
[35mn8n-editor-ui:build: [0mdist/assets/SettingsMCPView-B7MeyB1C.js                                47.96 kB │ gzip:   9.34 kB
[35mn8n-editor-ui:build: [0mdist/assets/SettingsSso-BAYuJmsS.js                                    50.63 kB │ gzip:   9.75 kB
[35mn8n-editor-ui:build: [0mdist/assets/semver-DwRGqsPw.js                                         51.18 kB │ gzip:  11.19 kB
[35mn8n-editor-ui:build: [0mdist/assets/MainSidebar-C9FM0aHW.js                                    51.94 kB │ gzip:  11.17 kB
[35mn8n-editor-ui:build: [0mdist/assets/core-C_LJckWT.js                                           54.96 kB │ gzip:  13.72 kB
[35mn8n-editor-ui:build: [0mdist/assets/TriggerPanel-BAA77Ntu.js                                   56.96 kB │ gzip:  12.31 kB
[35mn8n-editor-ui:build: [0mdist/assets/SettingsLdapView-CPpy4Siv.js                               60.50 kB │ gzip:  14.34 kB
[35mn8n-editor-ui:build: [0mdist/assets/ChatView-Bkbw-Sn8.js                                       60.56 kB │ gzip:  13.43 kB
[35mn8n-editor-ui:build: [0mdist/assets/exports-DYhtCs5q.js                                        61.33 kB │ gzip:  15.85 kB
[35mn8n-editor-ui:build: [0mdist/assets/AddDataTableModal-pDx5MagI.js                              61.54 kB │ gzip:  14.49 kB
[35mn8n-editor-ui:build: [0mdist/assets/NodeCreator-CODF9qm8.js                                    63.32 kB │ gzip:  14.20 kB
[35mn8n-editor-ui:build: [0mdist/assets/useCanvasOperations-DLgNrOxu.js                            71.30 kB │ gzip:  16.02 kB
[35mn8n-editor-ui:build: [0mdist/assets/useCommandBar-BtYgB04i.js                                  76.94 kB │ gzip:  15.07 kB
[35mn8n-editor-ui:build: [0mdist/assets/NodeSettings-BJ-ts3Q4.js                                   82.24 kB │ gzip:  17.84 kB
[35mn8n-editor-ui:build: [0mdist/assets/MainHeader-BRTQGEwx.js                                     83.27 kB │ gzip:  18.57 kB
[35mn8n-editor-ui:build: [0mdist/assets/VirtualSchema-CwbbdRmc.js                                  85.27 kB │ gzip:  22.49 kB
[35mn8n-editor-ui:build: [0mdist/assets/LogsPanel-BJ02P693.js                                      97.22 kB │ gzip:  22.13 kB
[35mn8n-editor-ui:build: [0mdist/assets/_baseOrderBy-Cj58HoCw.js                                  104.56 kB │ gzip:  29.62 kB
[35mn8n-editor-ui:build: [0mdist/assets/NodeView-BkAgpLpr.js                                      104.99 kB │ gzip:  23.92 kB
[35mn8n-editor-ui:build: [0mdist/assets/router-SNL1k_wk.js                                        116.98 kB │ gzip:  26.57 kB
[35mn8n-editor-ui:build: [0mdist/assets/nodeCreator.store-Ch_u7tbJ.js                             124.04 kB │ gzip:  23.98 kB
[35mn8n-editor-ui:build: [0mdist/assets/table-DcDsgvlp.js                                         134.51 kB │ gzip:  32.90 kB
[35mn8n-editor-ui:build: [0mdist/assets/WorkflowsView-BS997z6Z.js                                 136.40 kB │ gzip:  25.38 kB
[35mn8n-editor-ui:build: [0mdist/assets/vue-CHrsf0jF.js                                           155.56 kB │ gzip:  38.84 kB
[35mn8n-editor-ui:build: [0mdist/assets/date-picker-Z3yuJ8Hr.js                                   157.82 kB │ gzip:  32.43 kB
[35mn8n-editor-ui:build: [0mdist/assets/VueMarkdown-B9TalI-B.js                                   162.99 kB │ gzip:  53.47 kB
[35mn8n-editor-ui:build: [0mdist/assets/truncate-DnvbmFuP.js                                      164.57 kB │ gzip:  41.22 kB
[35mn8n-editor-ui:build: [0mdist/assets/RunDataJsonActions-monJzYPt.js                            178.65 kB │ gzip:  38.08 kB
[35mn8n-editor-ui:build: [0mdist/assets/vue.runtime.esm-bundler-CO6uGScn.js                       279.76 kB │ gzip:  70.22 kB
[35mn8n-editor-ui:build: [0mdist/assets/languageModules-DhK2J66K.js                               297.51 kB │ gzip:  83.29 kB
[35mn8n-editor-ui:build: [0mdist/assets/useImportCurlCommand-CADA7tsK.js                          314.01 kB │ gzip:  63.48 kB
[35mn8n-editor-ui:build: [0mdist/assets/chart-GT3xUCGm.js                                         353.74 kB │ gzip:  87.03 kB
[35mn8n-editor-ui:build: [0mdist/assets/sanitize-html-CFYDV4T-.js                                 370.67 kB │ gzip:  95.48 kB
[35mn8n-editor-ui:build: [0mdist/assets/useCanvasMapping-BSO9fLwd.js                              452.52 kB │ gzip: 102.87 kB
[35mn8n-editor-ui:build: [0mdist/assets/_MapCache-CiwAssfp.js                                     470.61 kB │ gzip: 105.03 kB
[35mn8n-editor-ui:build: [0mdist/assets/NDVEmptyState-C4bwwC28.js                                 743.11 kB │ gzip: 186.33 kB
[35mn8n-editor-ui:build: [0mdist/assets/builder.store-BtGd-9W5.js                                 960.68 kB │ gzip: 224.84 kB
[35mn8n-editor-ui:build: [0mdist/assets/isEmpty-BB4OpyI8.js                                     1,066.19 kB │ gzip: 266.55 kB
[35mn8n-editor-ui:build: [0mdist/assets/index-Cu1byYIU.js                                       1,077.20 kB │ gzip: 225.60 kB
[35mn8n-editor-ui:build: [0mdist/assets/es-DjjaMyBN.js                                          1,190.50 kB │ gzip: 324.96 kB
[35mn8n-editor-ui:build: [0mdist/assets/ParameterInputList-JT-fW3eD.js                          1,418.55 kB │ gzip: 353.07 kB
[35mn8n-editor-ui:build: [0mdist/assets/DataTableDetailsView-CIW3VSWF.js                        1,625.79 kB │ gzip: 363.51 kB
[35mn8n-editor-ui:build: [0mdist/assets/src-CmnRXzNE.js                                         1,807.25 kB │ gzip: 392.65 kB
[35mn8n-editor-ui:build: [0mdist/assets/constants-BBVaFWrc.js                                   2,849.50 kB │ gzip: 550.47 kB
[35mn8n-editor-ui:build: [0m[33m[EVAL] Warning:[0m Use of direct `eval` function is strongly discouraged as it poses security risks and may cause issues with minification.
[35mn8n-editor-ui:build: [0m      [38;5;246m╭[0m[38;5;246m─[0m[38;5;246m[[0m ../../../node_modules/.pnpm/web-tree-sitter@0.24.3/node_modules/web-tree-sitter/tree-sitter.js:1195:37 [38;5;246m][0m
[35mn8n-editor-ui:build: [0m      [38;5;246m│[0m
[35mn8n-editor-ui:build: [0m [38;5;246m1195 │[0m [38;5;249m [0m[38;5;249m [0m[38;5;249m [0m[38;5;249m [0m[38;5;249m [0m[38;5;249m [0m[38;5;249m [0m[38;5;249m [0m[38;5;249m [0m[38;5;249m [0m[38;5;249m [0m[38;5;249m [0m[38;5;249m [0m[38;5;249m [0m[38;5;249m [0m[38;5;249m [0m[38;5;249mA[0m[38;5;249mS[0m[38;5;249mM[0m[38;5;249m_[0m[38;5;249mC[0m[38;5;249mO[0m[38;5;249mN[0m[38;5;249mS[0m[38;5;249mT[0m[38;5;249mS[0m[38;5;249m[[0m[38;5;249ms[0m[38;5;249mt[0m[38;5;249ma[0m[38;5;249mr[0m[38;5;249mt[0m[38;5;249m][0m[38;5;249m [0m[38;5;249m=[0m[38;5;249m [0meval[38;5;249m([0m[38;5;249mf[0m[38;5;249mu[0m[38;5;249mn[0m[38;5;249mc[0m[38;5;249m)[0m[38;5;249m;[0m
[35mn8n-editor-ui:build: [0m [38;5;240m     │[0m                                     ──┬─  
[35mn8n-editor-ui:build: [0m [38;5;240m     │[0m                                       ╰─── Use of direct `eval` here.
[35mn8n-editor-ui:build: [0m [38;5;240m     │[0m 
[35mn8n-editor-ui:build: [0m [38;5;240m     │[0m [38;5;115mHelp[0m: Consider using indirect eval. For more information, check the documentation: https://rolldown.rs/guide/troubleshooting#avoiding-direct-eval
[35mn8n-editor-ui:build: [0m[38;5;246m──────╯[0m
[35mn8n-editor-ui:build: [0m
[35mn8n-editor-ui:build: [0m[33m[EVAL] Warning:[0m Use of direct `eval` function is strongly discouraged as it poses security risks and may cause issues with minification.
[35mn8n-editor-ui:build: [0m      [38;5;246m╭[0m[38;5;246m─[0m[38;5;246m[[0m ../../../node_modules/.pnpm/web-tree-sitter@0.24.3/node_modules/web-tree-sitter/tree-sitter.js:1221:39 [38;5;246m][0m
[35mn8n-editor-ui:build: [0m      [38;5;246m│[0m
[35mn8n-editor-ui:build: [0m [38;5;246m1221 │[0m [38;5;249m [0m[38;5;249m [0m[38;5;249m [0m[38;5;249m [0m[38;5;249m [0m[38;5;249m [0m[38;5;249m [0m[38;5;249m [0m[38;5;249m [0m[38;5;249m [0m[38;5;249m [0m[38;5;249m [0m[38;5;249m [0m[38;5;249m [0m[38;5;249m [0m[38;5;249m [0m[38;5;249mm[0m[38;5;249mo[0m[38;5;249md[0m[38;5;249mu[0m[38;5;249ml[0m[38;5;249me[0m[38;5;249mE[0m[38;5;249mx[0m[38;5;249mp[0m[38;5;249mo[0m[38;5;249mr[0m[38;5;249mt[0m[38;5;249ms[0m[38;5;249m[[0m[38;5;249mn[0m[38;5;249ma[0m[38;5;249mm[0m[38;5;249me[0m[38;5;249m][0m[38;5;249m [0m[38;5;249m=[0m[38;5;249m [0meval[38;5;249m([0m[38;5;249mf[0m[38;5;249mu[0m[38;5;249mn[0m[38;5;249mc[0m[38;5;249m)[0m[38;5;249m;[0m
[35mn8n-editor-ui:build: [0m [38;5;240m     │[0m                                       ──┬─  
[35mn8n-editor-ui:build: [0m [38;5;240m     │[0m                                         ╰─── Use of direct `eval` here.
[35mn8n-editor-ui:build: [0m [38;5;240m     │[0m 
[35mn8n-editor-ui:build: [0m [38;5;240m     │[0m [38;5;115mHelp[0m: Consider using indirect eval. For more information, check the documentation: https://rolldown.rs/guide/troubleshooting#avoiding-direct-eval
[35mn8n-editor-ui:build: [0m[38;5;246m──────╯[0m
[35mn8n-editor-ui:build: [0m
[35mn8n-editor-ui:build: [0m[33m[IMPORT_IS_UNDEFINED] Warning:[0m Import `currentInstance` will always be undefined because there is no matching export in '../../../node_modules/.pnpm/vue@3.5.25_typescript@5.9.2/node_modules/vue/dist/vue.runtime.esm-bundler.js'
[35mn8n-editor-ui:build: [0m     [38;5;246m╭[0m[38;5;246m─[0m[38;5;246m[[0m ../../../node_modules/.pnpm/vue-i18n@11.2.2_vue@3.5.25_typescript@5.9.2_/node_modules/vue-i18n/dist/vue-i18n.mjs:283:16 [38;5;246m][0m
[35mn8n-editor-ui:build: [0m     [38;5;246m│[0m
[35mn8n-editor-ui:build: [0m [38;5;246m283 │[0m [38;5;249m [0m[38;5;249m [0m[38;5;249m [0m[38;5;249m [0m[38;5;249m [0m[38;5;249m [0m[38;5;249m [0m[38;5;249m [0m[38;5;249mr[0m[38;5;249me[0m[38;5;249mt[0m[38;5;249mu[0m[38;5;249mr[0m[38;5;249mn[0m[38;5;249m [0mVue[name][38;5;249m;[0m
[35mn8n-editor-ui:build: [0m [38;5;240m    │[0m                ────┬────  
[35mn8n-editor-ui:build: [0m [38;5;240m    │[0m                    ╰────── 
[35mn8n-editor-ui:build: [0m[38;5;246m─────╯[0m
[35mn8n-editor-ui:build: [0m
[35mn8n-editor-ui:build: [0m✓ built in 1m 22s
[33mn8n-nodes-base:build: [0mcache hit, replaying logs [2m4dca7ab718604fd9[0m
[33mn8n-nodes-base:build: [0m
[33mn8n-nodes-base:build: [0m> n8n-nodes-base@2.0.0 build /Users/joaolucashilgert/Development/Docker/n8n8/packages/nodes-base
[33mn8n-nodes-base:build: [0m> tsc --build tsconfig.build.cjs.json && pnpm copy-nodes-json && tsc-alias -p tsconfig.build.cjs.json && pnpm n8n-copy-static-files && pnpm n8n-generate-translations && pnpm n8n-generate-metadata
[33mn8n-nodes-base:build: [0m
[33mn8n-nodes-base:build: [0m
[33mn8n-nodes-base:build: [0m> n8n-nodes-base@2.0.0 copy-nodes-json /Users/joaolucashilgert/Development/Docker/n8n8/packages/nodes-base
[33mn8n-nodes-base:build: [0m> node scripts/copy-nodes-json.js .
[33mn8n-nodes-base:build: [0m
[33mn8n-nodes-base:build: [0mDefault locale set to: [35men[0m
[33mn8n-nodes-base:build: [0mNo translation required - Skipping translations build...
[35m@n8n/n8n-nodes-langchain:build: [0mcache hit, replaying logs [2m0c9d06049b84d1a1[0m
[35m@n8n/n8n-nodes-langchain:build: [0m
[35m@n8n/n8n-nodes-langchain:build: [0m> @n8n/n8n-nodes-langchain@2.0.0 build /Users/joaolucashilgert/Development/Docker/n8n8/packages/@n8n/nodes-langchain
[35m@n8n/n8n-nodes-langchain:build: [0m> tsup --tsconfig tsconfig.build.json && pnpm copy-nodes-json && tsc-alias -p tsconfig.build.json && pnpm copy-tokenizer-json && pnpm n8n-copy-static-files && pnpm n8n-generate-metadata
[35m@n8n/n8n-nodes-langchain:build: [0m
[35m@n8n/n8n-nodes-langchain:build: [0m
[35m@n8n/n8n-nodes-langchain:build: [0m> @n8n/n8n-nodes-langchain@2.0.0 copy-nodes-json /Users/joaolucashilgert/Development/Docker/n8n8/packages/@n8n/nodes-langchain
[35m@n8n/n8n-nodes-langchain:build: [0m> node ../../nodes-base/scripts/copy-nodes-json.js .
[35m@n8n/n8n-nodes-langchain:build: [0m
[35m@n8n/n8n-nodes-langchain:build: [0m
[35m@n8n/n8n-nodes-langchain:build: [0m> @n8n/n8n-nodes-langchain@2.0.0 copy-tokenizer-json /Users/joaolucashilgert/Development/Docker/n8n8/packages/@n8n/nodes-langchain
[35m@n8n/n8n-nodes-langchain:build: [0m> node scripts/copy-tokenizer-json.js .
[35m@n8n/n8n-nodes-langchain:build: [0m
[35m@n8n/n8n-nodes-langchain:build: [0mCopied: utils/tokenizer/cl100k_base.json -> dist/utils/tokenizer/cl100k_base.json
[35m@n8n/n8n-nodes-langchain:build: [0mCopied: utils/tokenizer/o200k_base.json -> dist/utils/tokenizer/o200k_base.json
[33mn8n:build: [0mcache hit, replaying logs [2mf8663b2bcda91ece[0m
[33mn8n:build: [0m
[33mn8n:build: [0m> n8n@2.0.0 build /Users/joaolucashilgert/Development/Docker/n8n8/packages/cli
[33mn8n:build: [0m> tsc -p tsconfig.build.json && tsc-alias -p tsconfig.build.json && pnpm run build:data
[33mn8n:build: [0m
[33mn8n:build: [0m
[33mn8n:build: [0m> n8n@2.0.0 build:data /Users/joaolucashilgert/Development/Docker/n8n8/packages/cli
[33mn8n:build: [0m> node scripts/build.mjs
[33mn8n:build: [0m

[1m Tasks:    [32m[1m39 successful[0m, 39 total[0m
[1mCached:    [1m39 cached[0m, 39 total[0m
[1m  Time:    [1m3.191s[0m [1m[38;2;18;45;128m>[0m[0;1m[1m[38;2;4;45;162m>[0m[0;1m[1m[38;2;1;45;194m>[0m[0;1m[1m[38;2;6;45;221m [0m[0;1m[1m[38;2;21;45;241mF[0m[0;1m[1m[38;2;44;45;252mU[0m[0;1m[1m[38;2;73;45;254mL[0m[0;1m[1m[38;2;106;45;247mL[0m[0;1m[1m[38;2;141;45;230m [0m[0;1m[1m[38;2;175;45;206mT[0m[0;1m[1m[38;2;205;45;176mU[0m[0;1m[1m[38;2;229;45;142mR[0m[0;1m[1m[38;2;246;45;107mB[0m[0;1m[1m[38;2;254;45;74mO[0m[0;1m[0m[0m

INFO: Generating third-party licenses...
$ cd /Users/joaolucashilgert/Development/Docker/n8n8 && node scripts/generate-third-party-licenses.mjs
[34m🚀 Generating third-party licenses for n8n...[39m
[33m📊 Running license-checker...[39m
(node:35373) [DEP0170] DeprecationWarning: The URL git+ssh://git@github.com:apertureless/vue-chartjs.git is invalid. Future versions of Node.js will throw an error.
(Use `node --trace-deprecation ...` to show where the warning was created)
[32m✅ License data collected[39m
[32m✅ Parsed 2710 packages[39m
[33m📝 Building markdown document...[39m
[36m📦 Processed 2697 packages in 37 license groups[39m
[34mℹ️  Used fallback texts for: PSF, Custom: https://img.shields.io/npm/dw/, UNKNOWN, CC-BY-3.0, (MIT OR CC0-1.0), Custom: http://en.wikipedia.org/wiki/Uuencoding, Custom: https://github.com/colinhacks/zod[39m
[32m✅ All license types have texts[39m
[32m[39m
[32m🎉 License generation completed successfully![39m
[32m📄 Output: /Users/joaolucashilgert/Development/Docker/n8n8/packages/cli/THIRD_PARTY_LICENSES.md[39m
[32m📦 Packages: 2697[39m
✅ Third-party licenses generated successfully
✅ pnpm install and build completed
✅ Package build completed in 9s
-----------------------------------------------
INFO: Performing pre-deploy cleanup on package.json files...
$ cd /Users/joaolucashilgert/Development/Docker/n8n8 && find . -name "package.json" -not -path "./node_modules/*" -not -path "*/node_modules/*" -not -path "./compiled/*" -type f
./package.json
./packages/core/package.json
./packages/frontend/editor-ui/package.json
./packages/frontend/@n8n/storybook/package.json
./packages/frontend/@n8n/composables/package.json
./packages/frontend/@n8n/chat/package.json
./packages/frontend/@n8n/stores/package.json
./packages/frontend/@n8n/rest-api-client/package.json
./packages/frontend/@n8n/i18n/package.json
./packages/frontend/@n8n/design-system/package.json
./packages/cli/package.json
./packages/extensions/insights/package.json
./packages/nodes-base/package.json
./packages/testing/playwright/package.json
./packages/testing/containers/package.json
./packages/workflow/package.json
./packages/@n8n/benchmark/package.json
./packages/@n8n/backend-test-utils/package.json
./packages/@n8n/backend-common/package.json
./packages/@n8n/di/package.json
./packages/@n8n/imap/package.json
./packages/@n8n/config/package.json
./packages/@n8n/decorators/package.json
./packages/@n8n/nodes-langchain/package.json
./packages/@n8n/constants/package.json
./packages/@n8n/ai-workflow-builder.ee/package.json
./packages/@n8n/node-cli/dist/template/templates/programmatic/example/template/package.json
./packages/@n8n/node-cli/dist/template/templates/declarative/github-issues/template/package.json
./packages/@n8n/node-cli/dist/template/templates/declarative/custom/template/package.json
./packages/@n8n/node-cli/package.json
./packages/@n8n/node-cli/src/template/templates/programmatic/example/template/package.json
./packages/@n8n/node-cli/src/template/templates/declarative/github-issues/template/package.json
./packages/@n8n/node-cli/src/template/templates/declarative/custom/template/package.json
./packages/@n8n/vitest-config/package.json
./packages/@n8n/scan-community-package/package.json
./packages/@n8n/json-schema-to-zod/dist/esm/package.json
./packages/@n8n/json-schema-to-zod/dist/cjs/package.json
./packages/@n8n/json-schema-to-zod/package.json
./packages/@n8n/codemirror-lang-sql/package.json
./packages/@n8n/utils/package.json
./packages/@n8n/permissions/package.json
./packages/@n8n/eslint-plugin-community-nodes/package.json
./packages/@n8n/stylelint-config/package.json
./packages/@n8n/eslint-config/package.json
./packages/@n8n/task-runner/package.json
./packages/@n8n/codemirror-lang/package.json
./packages/@n8n/api-types/package.json
./packages/@n8n/client-oauth2/package.json
./packages/@n8n/db/package.json
./packages/@n8n/typescript-config/package.json
./packages/@n8n/create-node/package.json
./packages/@n8n/errors/package.json
./packages/@n8n/extension-sdk/package.json
./packages/node-dev/package.json
./.github/scripts/package.json
$ cd /Users/joaolucashilgert/Development/Docker/n8n8 && node .github/scripts/trim-fe-packageJson.js
INFO: Performing selective patch cleanup...
✅ Kept backend patches: pdfjs-dist, pkce-challenge, bull
Removed FE/dev patches that are not in the list of backend patches to keep: pdfjs-dist, pkce-challenge, bull
INFO: Creating pruned production deployment in '/Users/joaolucashilgert/Development/Docker/n8n8/compiled'...
$ cd /Users/joaolucashilgert/Development/Docker/n8n8 && NODE_ENV=production DOCKER_BUILD=true pnpm --filter=n8n --prod --legacy deploy --no-optional ./compiled
[43m[30m WARN [39m[49m Shared workspace lockfile detected but configuration forces legacy deploy implementation.
packages/cli                             | [43m[30m WARN [39m[49m [31mdeprecated[39m infisical-node@1.3.0
packages/cli                             | [43m[30m WARN [39m[49m [31mdeprecated[39m @types/psl@1.11.0
packages/@n8n/codemirror-lang-sql        | [43m[30m WARN [39m[49m [31mdeprecated[39m @codemirror/text@0.19.6
packages/nodes-base                      | [43m[30m WARN [39m[49m [31mdeprecated[39m gm@1.25.1
packages/@n8n/nodes-langchain            | [43m[30m WARN [39m[49m [31mdeprecated[39m @langchain/google-vertexai@2.0.0
[43m[30m WARN [39m[49m [31m24 deprecated subdependencies found:[39m @aws-sdk/protocol-http@3.374.0, @aws-sdk/signature-v4@3.374.0, @langchain/google-common@2.0.0, @langchain/google-gauth@2.0.0, @npmcli/move-file@1.1.2, abab@2.0.6, are-we-there-yet@3.0.1, debuglog@1.0.1, domexception@4.0.0, gauge@4.0.4, glob@7.2.3, inflight@1.0.6, lodash.get@4.4.2, mailsplit@5.4.0, node-domexception@1.0.0, npmlog@6.0.2, osenv@0.1.5, q@2.0.3, read-installed@4.0.3, read-package-json@2.1.2, readdir-scoped-modules@1.1.0, rimraf@2.6.3, rimraf@3.0.2, yaeti@0.0.6
[43m[30m WARN [39m[49m Issues with peer dependencies found
[0mpackages/@n8n/create-node[0m
└─┬ @n8n/node-cli [90m0.17.0[39m
  └─┬ eslint-plugin-n8n-nodes-base [90m1.16.3[39m
    └─┬ @typescript-eslint/utils [90m6.21.0[39m
      └── [93m✕ unmet peer[39m eslint@"^7.0.0 || ^8.0.0": found 9.29.0

[0mpackages/@n8n/eslint-config[0m
└─┬ @n8n/vitest-config [90m1.5.0[39m
  ├── [31m✕ missing peer[39m vite@catalog:
  └── [93m✕ unmet peer[39m vitest@catalog:: found 3.2.4
Peer dependencies that should be installed:
  vite@catalog:

[0mpackages/@n8n/eslint-plugin-community-nodes[0m
└─┬ @n8n/vitest-config [90m1.5.0[39m
  ├── [31m✕ missing peer[39m vite@catalog:
  └── [93m✕ unmet peer[39m vitest@catalog:: found 3.2.4
Peer dependencies that should be installed:
  vite@catalog:

[0mpackages/@n8n/extension-sdk[0m
└─┬ @vitejs/plugin-vue [90m5.2.4[39m
  └── [93m✕ unmet peer[39m vite@"^5.0.0 || ^6.0.0": found 7.2.10

[0mpackages/@n8n/imap[0m
├─┬ @n8n/vitest-config [90m1.5.0[39m
│ ├── [31m✕ missing peer[39m vite@catalog:
│ └── [31m✕ missing peer[39m vitest@catalog:
└─┬ vitest-mock-extended [90m3.1.0[39m
  └── [31m✕ missing peer[39m vitest@>=3.0.0
[31m✕ Conflicting peer dependencies:[39m
[31m  vitest[39m
Peer dependencies that should be installed:
  vite@catalog:

[0mpackages/@n8n/node-cli[0m
├─┬ @n8n/vitest-config [90m1.5.0[39m
│ ├── [31m✕ missing peer[39m vite@catalog:
│ └── [93m✕ unmet peer[39m vitest@catalog:: found 3.2.4
└─┬ eslint-plugin-n8n-nodes-base [90m1.16.3[39m
  └─┬ @typescript-eslint/utils [90m6.21.0[39m
    └── [93m✕ unmet peer[39m eslint@"^7.0.0 || ^8.0.0": found 9.39.1
Peer dependencies that should be installed:
  vite@catalog:

[0mpackages/@n8n/nodes-langchain[0m
├─┬ @getzep/zep-cloud [90m1.0.6[39m
│ ├── [93m✕ unmet peer[39m langchain@~0.1.19: found 1.1.1
│ └── [93m✕ unmet peer[39m @langchain/core@~0.1.29: found 1.1.0
└─┬ @browserbasehq/stagehand [90m1.14.0[39m
  ├── [93m✕ unmet peer[39m dotenv@^16.4.5: found 17.2.3
  └── [93m✕ unmet peer[39m openai@^4.62.1: found 6.10.0

[0mpackages/@n8n/utils[0m
└─┬ @n8n/vitest-config [90m1.5.0[39m
  ├── [93m✕ unmet peer[39m vite@catalog:: found 7.2.10
  └── [93m✕ unmet peer[39m vitest@catalog:: found 3.2.4

[0mpackages/cli[0m
├─┬ epub2 [90m3.0.2[39m
│ └─┬ crlf-normalize [90m1.0.20[39m
│   └─┬ ts-type [90m3.0.1[39m
│     └── [31m✕ missing peer[39m ts-toolbelt@^9.6.0
├─┬ @n8n/n8n-nodes-langchain [90m2.0.0[39m
│ └─┬ epub2 [90m3.0.2[39m
│   └── [31m✕ missing peer[39m ts-toolbelt@^9.6.0
├─┬ @getzep/zep-cloud [90m1.0.6[39m
│ ├── [93m✕ unmet peer[39m langchain@~0.1.19: found 1.1.1
│ └── [93m✕ unmet peer[39m @langchain/core@~0.1.29: found 1.1.0
└─┬ @browserbasehq/stagehand [90m1.14.0[39m
  ├── [93m✕ unmet peer[39m dotenv@^16.4.5: found 17.2.3
  └── [93m✕ unmet peer[39m openai@^4.62.1: found 6.10.0
Peer dependencies that should be installed:
  ts-toolbelt@">=9.6.0 <10.0.0-0"

[0mpackages/extensions/insights[0m
└─┬ @n8n/extension-sdk [90m0.9.0[39m
  ├── [93m✕ unmet peer[39m vue@catalog:frontend: found 3.5.25
  └── [93m✕ unmet peer[39m vue-router@catalog:frontend: found 4.6.3

[0mpackages/frontend/@n8n/composables[0m
└─┬ @n8n/vitest-config [90m1.5.0[39m
  ├── [93m✕ unmet peer[39m vite@catalog:: found 7.2.10
  └── [93m✕ unmet peer[39m vitest@catalog:: found 3.2.4

[0mpackages/frontend/@n8n/i18n[0m
└─┬ @n8n/vitest-config [90m1.5.0[39m
  ├── [93m✕ unmet peer[39m vite@catalog:: found 7.2.10
  └── [93m✕ unmet peer[39m vitest@catalog:: found 3.2.4

[0mpackages/frontend/@n8n/rest-api-client[0m
├─┬ @n8n/i18n [90m2.0.0[39m
│ ├── [31m✕ missing peer[39m vue@catalog:frontend
│ └─┬ vue-i18n [90m11.2.2[39m
│   └── [31m✕ missing peer[39m vue@^3.0.0
└─┬ @n8n/vitest-config [90m1.5.0[39m
  ├── [93m✕ unmet peer[39m vite@catalog:: found 7.2.10
  └── [93m✕ unmet peer[39m vitest@catalog:: found 3.2.4
[31m✕ Conflicting peer dependencies:[39m
[31m  vue[39m

[0mpackages/frontend/@n8n/stores[0m
└─┬ @n8n/vitest-config [90m1.5.0[39m
  ├── [93m✕ unmet peer[39m vite@catalog:: found 7.2.10
  └── [93m✕ unmet peer[39m vitest@catalog:: found 3.2.4

[0mpackages/frontend/@n8n/storybook[0m
├─┬ @chromatic-com/storybook [90m3.2.7[39m
│ └── [93m✕ unmet peer[39m storybook@"^8.2.0 || ^8.3.0-0 || ^8.4.0-0 || ^8.5.0-0 || ^8.6.0-0": found 9.1.7
└─┬ storybook-dark-mode [90m4.0.2[39m
  ├─┬ @storybook/manager-api [90m8.6.14[39m
  │ └── [93m✕ unmet peer[39m storybook@"^8.2.0 || ^8.3.0-0 || ^8.4.0-0 || ^8.5.0-0 || ^8.6.0-0": found 9.1.7
  ├─┬ @storybook/theming [90m8.6.14[39m
  │ └── [93m✕ unmet peer[39m storybook@"^8.2.0 || ^8.3.0-0 || ^8.4.0-0 || ^8.5.0-0 || ^8.6.0-0": found 9.1.7
  ├─┬ @storybook/components [90m8.6.14[39m
  │ └── [93m✕ unmet peer[39m storybook@"^8.2.0 || ^8.3.0-0 || ^8.4.0-0 || ^8.5.0-0 || ^8.6.0-0": found 9.1.7
  └─┬ @storybook/core-events [90m8.6.14[39m
    └── [93m✕ unmet peer[39m storybook@"^8.2.0 || ^8.3.0-0 || ^8.4.0-0 || ^8.5.0-0 || ^8.6.0-0": found 9.1.7

[0mpackages/testing/playwright[0m
├─┬ n8n [90m2.0.0[39m
│ └─┬ @n8n/n8n-nodes-langchain [90m2.0.0[39m
│   ├─┬ epub2 [90m3.0.2[39m
│   │ └── [31m✕ missing peer[39m ts-toolbelt@^9.6.0
│   └─┬ @getzep/zep-cloud [90m1.0.6[39m
│     ├── ✕ unmet peer langchain@~0.1.19: found 1.1.1 in @n8n/n8n-nodes-langchain
│     └── ✕ unmet peer @langchain/core@~0.1.29: found 1.1.0 in @n8n/n8n-nodes-langchain
└─┬ @browserbasehq/stagehand [90m1.14.0[39m
  ├── [93m✕ unmet peer[39m dotenv@^16.4.5: found 17.2.3
  └── [93m✕ unmet peer[39m openai@^4.62.1: found 6.10.0
Peer dependencies that should be installed:
  ts-toolbelt@^9.6.0

[0mpackages/workflow[0m
└─┬ @n8n/vitest-config [90m1.5.0[39m
  ├── [31m✕ missing peer[39m vite@catalog:
  └── [93m✕ unmet peer[39m vitest@catalog:: found 3.2.4
Peer dependencies that should be installed:
  vite@catalog:
INFO: Creating JavaScript task runner deployment in '/Users/joaolucashilgert/Development/Docker/n8n8/dist/task-runner-javascript'...
$ cd /Users/joaolucashilgert/Development/Docker/n8n8 && NODE_ENV=production DOCKER_BUILD=true pnpm --filter=@n8n/task-runner --prod --legacy deploy --no-optional /Users/joaolucashilgert/Development/Docker/n8n8/dist/task-runner-javascript
[43m[30m WARN [39m[49m Shared workspace lockfile detected but configuration forces legacy deploy implementation.
packages/@n8n/codemirror-lang-sql        | [43m[30m WARN [39m[49m [31mdeprecated[39m @codemirror/text@0.19.6
packages/@n8n/eslint-config              | [43m[30m WARN [39m[49m [31mdeprecated[39m @types/psl@1.11.0
packages/nodes-base                      | [43m[30m WARN [39m[49m [31mdeprecated[39m gm@1.25.1
packages/@n8n/nodes-langchain            | [43m[30m WARN [39m[49m [31mdeprecated[39m @langchain/google-vertexai@2.0.0
packages/cli                             | [43m[30m WARN [39m[49m [31mdeprecated[39m infisical-node@1.3.0
[43m[30m WARN [39m[49m [31m24 deprecated subdependencies found:[39m @aws-sdk/protocol-http@3.374.0, @aws-sdk/signature-v4@3.374.0, @langchain/google-common@2.0.0, @langchain/google-gauth@2.0.0, @npmcli/move-file@1.1.2, abab@2.0.6, are-we-there-yet@3.0.1, debuglog@1.0.1, domexception@4.0.0, gauge@4.0.4, glob@7.2.3, inflight@1.0.6, lodash.get@4.4.2, mailsplit@5.4.0, node-domexception@1.0.0, npmlog@6.0.2, osenv@0.1.5, q@2.0.3, read-installed@4.0.3, read-package-json@2.1.2, readdir-scoped-modules@1.1.0, rimraf@2.6.3, rimraf@3.0.2, yaeti@0.0.6
[43m[30m WARN [39m[49m Issues with peer dependencies found
[0mpackages/@n8n/create-node[0m
└─┬ @n8n/node-cli [90m0.17.0[39m
  └─┬ eslint-plugin-n8n-nodes-base [90m1.16.3[39m
    └─┬ @typescript-eslint/utils [90m6.21.0[39m
      └── [93m✕ unmet peer[39m eslint@"^7.0.0 || ^8.0.0": found 9.29.0

[0mpackages/@n8n/eslint-config[0m
└─┬ @n8n/vitest-config [90m1.5.0[39m
  ├── [31m✕ missing peer[39m vite@catalog:
  └── [93m✕ unmet peer[39m vitest@catalog:: found 3.2.4
Peer dependencies that should be installed:
  vite@catalog:

[0mpackages/@n8n/eslint-plugin-community-nodes[0m
└─┬ @n8n/vitest-config [90m1.5.0[39m
  ├── [31m✕ missing peer[39m vite@catalog:
  └── [93m✕ unmet peer[39m vitest@catalog:: found 3.2.4
Peer dependencies that should be installed:
  vite@catalog:

[0mpackages/@n8n/extension-sdk[0m
└─┬ @vitejs/plugin-vue [90m5.2.4[39m
  └── [93m✕ unmet peer[39m vite@"^5.0.0 || ^6.0.0": found 7.2.10

[0mpackages/@n8n/imap[0m
├─┬ @n8n/vitest-config [90m1.5.0[39m
│ ├── [31m✕ missing peer[39m vite@catalog:
│ └── [31m✕ missing peer[39m vitest@catalog:
└─┬ vitest-mock-extended [90m3.1.0[39m
  └── [31m✕ missing peer[39m vitest@>=3.0.0
[31m✕ Conflicting peer dependencies:[39m
[31m  vitest[39m
Peer dependencies that should be installed:
  vite@catalog:

[0mpackages/@n8n/node-cli[0m
├─┬ @n8n/vitest-config [90m1.5.0[39m
│ ├── [31m✕ missing peer[39m vite@catalog:
│ └── [93m✕ unmet peer[39m vitest@catalog:: found 3.2.4
└─┬ eslint-plugin-n8n-nodes-base [90m1.16.3[39m
  └─┬ @typescript-eslint/utils [90m6.21.0[39m
    └── [93m✕ unmet peer[39m eslint@"^7.0.0 || ^8.0.0": found 9.39.1
Peer dependencies that should be installed:
  vite@catalog:

[0mpackages/@n8n/nodes-langchain[0m
├─┬ @getzep/zep-cloud [90m1.0.6[39m
│ ├── [93m✕ unmet peer[39m langchain@~0.1.19: found 1.1.1
│ └── [93m✕ unmet peer[39m @langchain/core@~0.1.29: found 1.1.0
└─┬ @browserbasehq/stagehand [90m1.14.0[39m
  ├── [93m✕ unmet peer[39m dotenv@^16.4.5: found 17.2.3
  └── [93m✕ unmet peer[39m openai@^4.62.1: found 6.10.0

[0mpackages/@n8n/utils[0m
└─┬ @n8n/vitest-config [90m1.5.0[39m
  ├── [93m✕ unmet peer[39m vite@catalog:: found 7.2.10
  └── [93m✕ unmet peer[39m vitest@catalog:: found 3.2.4

[0mpackages/cli[0m
├─┬ epub2 [90m3.0.2[39m
│ └─┬ crlf-normalize [90m1.0.20[39m
│   └─┬ ts-type [90m3.0.1[39m
│     └── [31m✕ missing peer[39m ts-toolbelt@^9.6.0
├─┬ @n8n/n8n-nodes-langchain [90m2.0.0[39m
│ └─┬ epub2 [90m3.0.2[39m
│   └── [31m✕ missing peer[39m ts-toolbelt@^9.6.0
└─┬ @getzep/zep-cloud [90m1.0.6[39m
  ├── [93m✕ unmet peer[39m langchain@~0.1.19: found 1.1.1
  └── [93m✕ unmet peer[39m @langchain/core@~0.1.29: found 1.1.0
Peer dependencies that should be installed:
  ts-toolbelt@">=9.6.0 <10.0.0-0"

[0mpackages/extensions/insights[0m
└─┬ @n8n/extension-sdk [90m0.9.0[39m
  ├── [93m✕ unmet peer[39m vue@catalog:frontend: found 3.5.25
  └── [93m✕ unmet peer[39m vue-router@catalog:frontend: found 4.6.3

[0mpackages/frontend/@n8n/composables[0m
└─┬ @n8n/vitest-config [90m1.5.0[39m
  ├── [93m✕ unmet peer[39m vite@catalog:: found 7.2.10
  └── [93m✕ unmet peer[39m vitest@catalog:: found 3.2.4

[0mpackages/frontend/@n8n/i18n[0m
└─┬ @n8n/vitest-config [90m1.5.0[39m
  ├── [93m✕ unmet peer[39m vite@catalog:: found 7.2.10
  └── [93m✕ unmet peer[39m vitest@catalog:: found 3.2.4

[0mpackages/frontend/@n8n/rest-api-client[0m
├─┬ @n8n/i18n [90m2.0.0[39m
│ ├── [31m✕ missing peer[39m vue@catalog:frontend
│ └─┬ vue-i18n [90m11.2.2[39m
│   └── [31m✕ missing peer[39m vue@^3.0.0
└─┬ @n8n/vitest-config [90m1.5.0[39m
  ├── [93m✕ unmet peer[39m vite@catalog:: found 7.2.10
  └── [93m✕ unmet peer[39m vitest@catalog:: found 3.2.4
[31m✕ Conflicting peer dependencies:[39m
[31m  vue[39m

[0mpackages/frontend/@n8n/stores[0m
└─┬ @n8n/vitest-config [90m1.5.0[39m
  ├── [93m✕ unmet peer[39m vite@catalog:: found 7.2.10
  └── [93m✕ unmet peer[39m vitest@catalog:: found 3.2.4

[0mpackages/frontend/@n8n/storybook[0m
├─┬ @chromatic-com/storybook [90m3.2.7[39m
│ └── [93m✕ unmet peer[39m storybook@"^8.2.0 || ^8.3.0-0 || ^8.4.0-0 || ^8.5.0-0 || ^8.6.0-0": found 9.1.7
└─┬ storybook-dark-mode [90m4.0.2[39m
  ├─┬ @storybook/manager-api [90m8.6.14[39m
  │ └── [93m✕ unmet peer[39m storybook@"^8.2.0 || ^8.3.0-0 || ^8.4.0-0 || ^8.5.0-0 || ^8.6.0-0": found 9.1.7
  ├─┬ @storybook/core-events [90m8.6.14[39m
  │ └── [93m✕ unmet peer[39m storybook@"^8.2.0 || ^8.3.0-0 || ^8.4.0-0 || ^8.5.0-0 || ^8.6.0-0": found 9.1.7
  ├─┬ @storybook/theming [90m8.6.14[39m
  │ └── [93m✕ unmet peer[39m storybook@"^8.2.0 || ^8.3.0-0 || ^8.4.0-0 || ^8.5.0-0 || ^8.6.0-0": found 9.1.7
  └─┬ @storybook/components [90m8.6.14[39m
    └── [93m✕ unmet peer[39m storybook@"^8.2.0 || ^8.3.0-0 || ^8.4.0-0 || ^8.5.0-0 || ^8.6.0-0": found 9.1.7

[0mpackages/testing/playwright[0m
├─┬ n8n [90m2.0.0[39m
│ └─┬ @n8n/n8n-nodes-langchain [90m2.0.0[39m
│   ├─┬ epub2 [90m3.0.2[39m
│   │ └── [31m✕ missing peer[39m ts-toolbelt@^9.6.0
│   └─┬ @getzep/zep-cloud [90m1.0.6[39m
│     ├── ✕ unmet peer langchain@~0.1.19: found 1.1.1 in @n8n/n8n-nodes-langchain
│     └── ✕ unmet peer @langchain/core@~0.1.29: found 1.1.0 in @n8n/n8n-nodes-langchain
└─┬ @browserbasehq/stagehand [90m1.14.0[39m
  ├── [93m✕ unmet peer[39m dotenv@^16.4.5: found 17.2.3
  └── [93m✕ unmet peer[39m openai@^4.62.1: found 6.10.0
Peer dependencies that should be installed:
  ts-toolbelt@^9.6.0

[0mpackages/workflow[0m
└─┬ @n8n/vitest-config [90m1.5.0[39m
  ├── [31m✕ missing peer[39m vite@catalog:
  └── [93m✕ unmet peer[39m vitest@catalog:: found 3.2.4
Peer dependencies that should be installed:
  vite@catalog:
$ du -sh /Users/joaolucashilgert/Development/Docker/n8n8/compiled | cut -f1
1.0G
$ du -sh /Users/joaolucashilgert/Development/Docker/n8n8/dist/task-runner-javascript | cut -f1
157M
✅ Package deployment completed in 56s
INFO: Size of /Users/joaolucashilgert/Development/Docker/n8n8/compiled: 1.0G
-----------------------------------------------

================ BUILD SUMMARY ================
✅ n8n built successfully!

📦 Build Output:
   n8n:
   Directory:      /Users/joaolucashilgert/Development/Docker/n8n8/compiled
   Size:           1.0G

   task-runner-javascript:
   Directory:      /Users/joaolucashilgert/Development/Docker/n8n8/dist/task-runner-javascript
   Size:           157M

⏱️  Build Times:
   Package Build:  9s
   Package Deploy: 56s
   -----------------------------
   Total Time:     1m 15s

📋 Build Manifests:
   /Users/joaolucashilgert/Development/Docker/n8n8/compiled/build-manifest.json
   /Users/joaolucashilgert/Development/Docker/n8n8/dist/task-runner-javascript/build-manifest.json
==============================================
===== Docker Build for n8n & Runners =====
INFO: n8n Image: n8nio/n8n:local
INFO: Runners Image: n8nio/runners:local
INFO: Platform: linux/arm64
-----------------------------------------------
INFO: Building n8n Docker image using docker...
#0 building with "desktop-linux" instance using docker driver

#1 [internal] load build definition from Dockerfile
#1 transferring dockerfile: 1.62kB 0.0s done
#1 DONE 0.1s

#2 [internal] load metadata for docker.io/n8nio/base:22.21.1
#2 ...

#3 [auth] n8nio/base:pull token for registry-1.docker.io
#3 DONE 0.0s

#2 [internal] load metadata for docker.io/n8nio/base:22.21.1
#2 DONE 30.2s

#4 [internal] load .dockerignore
#4 transferring context: 418B 0.0s done
#4 DONE 0.0s

#5 [system-deps 1/1] FROM docker.io/n8nio/base:22.21.1@sha256:99d9ba9e4850e1f2a7d7237f91de99c29b899e4bf1684d8d723ff676bbb509c0
#5 resolve docker.io/n8nio/base:22.21.1@sha256:99d9ba9e4850e1f2a7d7237f91de99c29b899e4bf1684d8d723ff676bbb509c0 0.0s done
#5 sha256:8bf524413e0860c14a208c8cb897743128e3ee6de44f89e49209765fd27f3ae7 0B / 52.63kB 0.2s
#5 sha256:8e00593cc9efb83279166eeca482dcbd8c9246a8b7a3cab1ac2cf76f4d1dca87 0B / 34.61MB 0.2s
#5 sha256:8bf524413e0860c14a208c8cb897743128e3ee6de44f89e49209765fd27f3ae7 52.63kB / 52.63kB 0.8s done
#5 sha256:8e00593cc9efb83279166eeca482dcbd8c9246a8b7a3cab1ac2cf76f4d1dca87 2.10MB / 34.61MB 0.8s
#5 sha256:8e00593cc9efb83279166eeca482dcbd8c9246a8b7a3cab1ac2cf76f4d1dca87 6.29MB / 34.61MB 1.1s
#5 sha256:8e00593cc9efb83279166eeca482dcbd8c9246a8b7a3cab1ac2cf76f4d1dca87 9.44MB / 34.61MB 1.4s
#5 sha256:8e00593cc9efb83279166eeca482dcbd8c9246a8b7a3cab1ac2cf76f4d1dca87 11.53MB / 34.61MB 1.5s
#5 sha256:8e00593cc9efb83279166eeca482dcbd8c9246a8b7a3cab1ac2cf76f4d1dca87 13.63MB / 34.61MB 1.7s
#5 sha256:8e00593cc9efb83279166eeca482dcbd8c9246a8b7a3cab1ac2cf76f4d1dca87 16.78MB / 34.61MB 2.0s
#5 sha256:8e00593cc9efb83279166eeca482dcbd8c9246a8b7a3cab1ac2cf76f4d1dca87 19.92MB / 34.61MB 2.3s
#5 sha256:8e00593cc9efb83279166eeca482dcbd8c9246a8b7a3cab1ac2cf76f4d1dca87 23.07MB / 34.61MB 2.6s
#5 sha256:8e00593cc9efb83279166eeca482dcbd8c9246a8b7a3cab1ac2cf76f4d1dca87 25.17MB / 34.61MB 2.7s
#5 sha256:8e00593cc9efb83279166eeca482dcbd8c9246a8b7a3cab1ac2cf76f4d1dca87 27.26MB / 34.61MB 2.9s
#5 sha256:8e00593cc9efb83279166eeca482dcbd8c9246a8b7a3cab1ac2cf76f4d1dca87 30.41MB / 34.61MB 3.2s
#5 sha256:8e00593cc9efb83279166eeca482dcbd8c9246a8b7a3cab1ac2cf76f4d1dca87 33.55MB / 34.61MB 3.5s
#5 sha256:8e00593cc9efb83279166eeca482dcbd8c9246a8b7a3cab1ac2cf76f4d1dca87 34.61MB / 34.61MB 3.6s done
#5 extracting sha256:8e00593cc9efb83279166eeca482dcbd8c9246a8b7a3cab1ac2cf76f4d1dca87
#5 extracting sha256:8e00593cc9efb83279166eeca482dcbd8c9246a8b7a3cab1ac2cf76f4d1dca87 1.3s done
#5 extracting sha256:8bf524413e0860c14a208c8cb897743128e3ee6de44f89e49209765fd27f3ae7 0.0s done
#5 extracting sha256:4f4fb700ef54461cfa02571ae0db9a0dc1e0cdb5577484a6d75e68dc38e8acc1 0.0s done
#5 DONE 5.1s

#6 [runtime 1/6] WORKDIR /home/node
#6 DONE 0.2s

#7 [internal] load build context
#7 transferring context: 61.68MB 5.3s
#7 transferring context: 138.19MB 10.6s
#7 transferring context: 232.01MB 15.7s
#7 transferring context: 308.65MB 20.7s
#7 transferring context: 484.10MB 25.7s
#7 transferring context: 631.59MB 30.8s
#7 transferring context: 789.95MB 35.9s
#7 transferring context: 789.95MB 35.9s done
#7 DONE 37.2s

#8 [runtime 2/6] COPY ./compiled /usr/local/lib/node_modules/n8n
#8 DONE 37.6s

#9 [runtime 3/6] COPY docker/images/n8n/docker-entrypoint.sh /
#9 DONE 2.4s

#10 [runtime 4/6] RUN npm install -g npm@11.6.4
#10 7.246 
#10 7.246 removed 54 packages, and changed 98 packages in 6s
#10 7.246 
#10 7.246 16 packages are looking for funding
#10 7.246   run `npm fund` for details
#10 DONE 7.6s

#11 [runtime 5/6] RUN cd /usr/local/lib/node_modules/n8n && 		npm rebuild sqlite3 && 		ln -s /usr/local/lib/node_modules/n8n/bin/n8n /usr/local/bin/n8n &&     mkdir -p /home/node/.n8n &&     chown -R node:node /home/node
#11 5.920 rebuilt dependencies successfully
#11 5.922 npm notice
#11 5.922 npm notice New minor version of npm available! 11.6.4 -> 11.7.0
#11 5.922 npm notice Changelog: https://github.com/npm/cli/releases/tag/v11.7.0
#11 5.922 npm notice To update run: npm install -g npm@11.7.0
#11 5.922 npm notice
#11 DONE 6.2s

#12 [runtime 6/6] RUN cd /usr/local/lib/node_modules/n8n/node_modules/pdfjs-dist && npm install @napi-rs/canvas
#12 2.884 
#12 2.884 added 2 packages, and audited 3 packages in 3s
#12 2.885 
#12 2.885 found 0 vulnerabilities
#12 DONE 3.4s

#13 exporting to image
#13 exporting layers
#13 exporting layers 36.8s done
#13 exporting manifest sha256:b5ddb29d1a22e27552c4365d3298ef415fbd94029304067371ef2cb6ec89e422 done
#13 exporting config sha256:7c47d2018e8d6240f8cbf84f73c26f882e1c91cf67045a672dc4fd32d9b10d22 done
#13 exporting attestation manifest sha256:1998a73693d2de7af389cc257fab3cd2fa76fb5fcf437754ea92957d5402210d done
#13 exporting manifest list sha256:2d5a93e0d4d89b3335670ec88b32df0c3f895045c506f3aa1afba9dd9e21cab6 done
#13 naming to docker.io/n8nio/n8n:local done
#13 unpacking to docker.io/n8nio/n8n:local
#13 unpacking to docker.io/n8nio/n8n:local 16.1s done
#13 DONE 52.9s

View build details: docker-desktop://dashboard/build/desktop-linux/desktop-linux/rzj165n9wbmc5kr8pvhqnghso

INFO: Building runners Docker image using docker...
#0 building with "desktop-linux" instance using docker driver

#1 [internal] load build definition from Dockerfile
#1 transferring dockerfile: 6.59kB 0.0s done
#1 DONE 0.0s

#2 [internal] load metadata for docker.io/library/node:22.21.1-alpine
#2 ...

#3 [auth] library/python:pull token for registry-1.docker.io
#3 DONE 0.0s

#4 [auth] library/node:pull token for registry-1.docker.io
#4 DONE 0.0s

#5 [auth] library/alpine:pull token for registry-1.docker.io
#5 DONE 0.0s

#6 [internal] load metadata for docker.io/library/alpine:3.22.1
#6 ...

#2 [internal] load metadata for docker.io/library/node:22.21.1-alpine
#2 DONE 1.3s

#7 [internal] load metadata for docker.io/library/python:3.13-alpine
#7 DONE 2.0s

#6 [internal] load metadata for docker.io/library/alpine:3.22.1
#6 DONE 2.1s

#8 [internal] load .dockerignore
#8 transferring context: 418B done
#8 DONE 0.0s

#9 [javascript-runner-builder 1/6] FROM docker.io/library/node:22.21.1-alpine@sha256:9632533eda8061fc1e9960cfb3f8762781c07a00ee7317f5dc0e13c05e15166f
#9 resolve docker.io/library/node:22.21.1-alpine@sha256:9632533eda8061fc1e9960cfb3f8762781c07a00ee7317f5dc0e13c05e15166f 0.0s done
#9 CACHED

#10 [launcher-downloader 1/2] FROM docker.io/library/alpine:3.22.1@sha256:4bcff63911fcb4448bd4fdacec207030997caf25e9bea4045fa6c8c44de311d1
#10 resolve docker.io/library/alpine:3.22.1@sha256:4bcff63911fcb4448bd4fdacec207030997caf25e9bea4045fa6c8c44de311d1 0.0s done
#10 DONE 0.1s

#11 [launcher-downloader 2/2] RUN set -e;     case "linux/arm64" in         "linux/amd64") ARCH_NAME="amd64" ;;         "linux/arm64") ARCH_NAME="arm64" ;;         *) echo "Unsupported platform: linux/arm64" && exit 1 ;;     esac;     mkdir /launcher-temp && cd /launcher-temp;     wget -q "https://github.com/n8n-io/task-runner-launcher/releases/download/1.4.2/task-runner-launcher-1.4.2-linux-${ARCH_NAME}.tar.gz";     wget -q "https://github.com/n8n-io/task-runner-launcher/releases/download/1.4.2/task-runner-launcher-1.4.2-linux-${ARCH_NAME}.tar.gz.sha256";     echo "$(cat task-runner-launcher-1.4.2-linux-${ARCH_NAME}.tar.gz.sha256) task-runner-launcher-1.4.2-linux-${ARCH_NAME}.tar.gz" > checksum.sha256;     sha256sum -c checksum.sha256;     mkdir -p /launcher-bin;     tar xzf task-runner-launcher-1.4.2-linux-${ARCH_NAME}.tar.gz -C /launcher-bin;     cd / && rm -rf /launcher-temp
#11 ...

#12 [python-runner-builder 1/8] FROM docker.io/library/python:3.13-alpine@sha256:51b5354ed44df6e1a3b3faf6d3a3d40da129621046b6d5a707b7c1f44d258ed6
#12 resolve docker.io/library/python:3.13-alpine@sha256:51b5354ed44df6e1a3b3faf6d3a3d40da129621046b6d5a707b7c1f44d258ed6 0.0s done
#12 sha256:a484f6fdf542eaab9a08e24f54d382be8dc078b8db43191894b777cc58f34e4e 249B / 249B 0.3s done
#12 sha256:5a98a58dd0810c9847a0c6b1ee2ed768a55c8ddeae5d7cf59b75d703d85dbdfb 12.61MB / 12.61MB 1.8s done
#12 sha256:1afd2da73de2cf02db9f13825d4950903374bf191a8b5247e7efdc6dedd6afac 462.84kB / 462.84kB 0.6s done
#12 extracting sha256:1afd2da73de2cf02db9f13825d4950903374bf191a8b5247e7efdc6dedd6afac 0.1s done
#12 extracting sha256:5a98a58dd0810c9847a0c6b1ee2ed768a55c8ddeae5d7cf59b75d703d85dbdfb 0.4s done
#12 DONE 2.4s

#12 [python-runner-builder 1/8] FROM docker.io/library/python:3.13-alpine@sha256:51b5354ed44df6e1a3b3faf6d3a3d40da129621046b6d5a707b7c1f44d258ed6
#12 extracting sha256:a484f6fdf542eaab9a08e24f54d382be8dc078b8db43191894b777cc58f34e4e 0.0s done
#12 DONE 2.4s

#13 [python-runner-builder 2/8] RUN set -e;   case "linux/arm64" in     "linux/amd64") UV_ARCH="x86_64-unknown-linux-musl" ;;     "linux/arm64") UV_ARCH="aarch64-unknown-linux-musl" ;;     *) echo "Unsupported platform: linux/arm64" >&2; exit 1 ;;   esac;   mkdir -p /tmp/uv && cd /tmp/uv;   wget -q "https://github.com/astral-sh/uv/releases/download/0.8.14/uv-${UV_ARCH}.tar.gz";   wget -q "https://github.com/astral-sh/uv/releases/download/0.8.14/uv-${UV_ARCH}.tar.gz.sha256";   sha256sum -c "uv-${UV_ARCH}.tar.gz.sha256"; 	tar -xzf "uv-${UV_ARCH}.tar.gz";   install -m 0755 "uv-${UV_ARCH}/uv" /usr/local/bin/uv;   cd / && rm -rf /tmp/uv
#13 ...

#11 [launcher-downloader 2/2] RUN set -e;     case "linux/arm64" in         "linux/amd64") ARCH_NAME="amd64" ;;         "linux/arm64") ARCH_NAME="arm64" ;;         *) echo "Unsupported platform: linux/arm64" && exit 1 ;;     esac;     mkdir /launcher-temp && cd /launcher-temp;     wget -q "https://github.com/n8n-io/task-runner-launcher/releases/download/1.4.2/task-runner-launcher-1.4.2-linux-${ARCH_NAME}.tar.gz";     wget -q "https://github.com/n8n-io/task-runner-launcher/releases/download/1.4.2/task-runner-launcher-1.4.2-linux-${ARCH_NAME}.tar.gz.sha256";     echo "$(cat task-runner-launcher-1.4.2-linux-${ARCH_NAME}.tar.gz.sha256) task-runner-launcher-1.4.2-linux-${ARCH_NAME}.tar.gz" > checksum.sha256;     sha256sum -c checksum.sha256;     mkdir -p /launcher-bin;     tar xzf task-runner-launcher-1.4.2-linux-${ARCH_NAME}.tar.gz -C /launcher-bin;     cd / && rm -rf /launcher-temp
#11 2.726 task-runner-launcher-1.4.2-linux-arm64.tar.gz: OK
#11 DONE 3.0s

#14 [internal] load build context
#14 transferring context: 1.50MB 5.0s
#14 ...

#13 [python-runner-builder 2/8] RUN set -e;   case "linux/arm64" in     "linux/amd64") UV_ARCH="x86_64-unknown-linux-musl" ;;     "linux/arm64") UV_ARCH="aarch64-unknown-linux-musl" ;;     *) echo "Unsupported platform: linux/arm64" >&2; exit 1 ;;   esac;   mkdir -p /tmp/uv && cd /tmp/uv;   wget -q "https://github.com/astral-sh/uv/releases/download/0.8.14/uv-${UV_ARCH}.tar.gz";   wget -q "https://github.com/astral-sh/uv/releases/download/0.8.14/uv-${UV_ARCH}.tar.gz.sha256";   sha256sum -c "uv-${UV_ARCH}.tar.gz.sha256"; 	tar -xzf "uv-${UV_ARCH}.tar.gz";   install -m 0755 "uv-${UV_ARCH}/uv" /usr/local/bin/uv;   cd / && rm -rf /tmp/uv
#13 2.996 uv-aarch64-unknown-linux-musl.tar.gz: OK
#13 DONE 4.5s

#14 [internal] load build context
#14 ...

#15 [python-runner-builder 3/8] WORKDIR /app/task-runner-python
#15 DONE 0.2s

#14 [internal] load build context
#14 transferring context: 114.86MB 9.4s done
#14 DONE 9.6s

#16 [javascript-runner-builder 2/6] COPY ./dist/task-runner-javascript /app/task-runner-javascript
#16 ...

#17 [python-runner-builder 4/8] COPY packages/@n8n/task-runner-python/pyproject.toml      packages/@n8n/task-runner-python/uv.lock**      packages/@n8n/task-runner-python/.python-version**      ./
#17 DONE 0.3s

#18 [python-runner-builder 5/8] RUN uv venv
#18 0.789 Using CPython 3.13.11 interpreter at: /usr/local/bin/python3.13
#18 0.791 Creating virtual environment at: .venv
#18 DONE 0.9s

#16 [javascript-runner-builder 2/6] COPY ./dist/task-runner-javascript /app/task-runner-javascript
#16 ...

#19 [python-runner-builder 6/8] RUN uv sync 			--frozen 			--no-editable 			--no-install-project 			--no-dev 			--all-extras
#19 0.797 Prepared 4 packages in 330ms
#19 0.812 Installed 4 packages in 15ms
#19 0.813  + certifi==2025.8.3
#19 0.813  + sentry-sdk==2.35.2
#19 0.813  + urllib3==2.6.1
#19 0.813  + websockets==15.0.1
#19 DONE 0.9s

#20 [python-runner-builder 7/8] COPY packages/@n8n/task-runner-python/ ./
#20 DONE 0.0s

#21 [python-runner-builder 8/8] RUN uv sync       --frozen 			--no-dev 			--all-extras       --no-editable
#21 0.235 Audited 4 packages in 0.29ms
#21 DONE 0.3s

#16 [javascript-runner-builder 2/6] COPY ./dist/task-runner-javascript /app/task-runner-javascript
#16 ...

#22 [runtime  2/12] COPY --from=python-runner-builder /usr/local/bin/uv /usr/local/bin/uv
#22 DONE 0.6s

#23 [runtime  3/12] COPY --from=node-alpine /usr/local/bin/node /usr/local/bin/node
#23 DONE 0.8s

#16 [javascript-runner-builder 2/6] COPY ./dist/task-runner-javascript /app/task-runner-javascript
#16 DONE 4.7s

#24 [runtime  4/12] RUN apk add --no-cache ca-certificates tini libstdc++ libc6-compat &&     apk del apk-tools
#24 ...

#25 [javascript-runner-builder 3/6] WORKDIR /app/task-runner-javascript
#25 DONE 0.2s

#26 [javascript-runner-builder 4/6] RUN corepack enable pnpm
#26 DONE 0.4s

#24 [runtime  4/12] RUN apk add --no-cache ca-certificates tini libstdc++ libc6-compat &&     apk del apk-tools
#24 1.019 (1/6) Installing musl-obstack (1.2.3-r2)
#24 1.054 (2/6) Installing libucontext (1.3.3-r0)
#24 1.066 (3/6) Installing gcompat (1.1.0-r4)
#24 1.083 (4/6) Installing libgcc (15.2.0-r2)
#24 1.099 (5/6) Installing libstdc++ (15.2.0-r2)
#24 1.180 (6/6) Installing tini (0.19.0-r3)
#24 ...

#27 [javascript-runner-builder 5/6] RUN node -e "const pkg = require('./package.json');     Object.keys(pkg.dependencies || {}).forEach(k => {         const val = pkg.dependencies[k];         if (val === 'catalog:' || val.startsWith('catalog:') || val.startsWith('workspace:'))             delete pkg.dependencies[k];     });     Object.keys(pkg.devDependencies || {}).forEach(k => {         const val = pkg.devDependencies[k];         if (val === 'catalog:' || val.startsWith('catalog:') || val.startsWith('workspace:'))             delete pkg.devDependencies[k];     });     delete pkg.devDependencies;     require('fs').writeFileSync('./package.json', JSON.stringify(pkg, null, 2));"
#27 DONE 0.2s

#24 [runtime  4/12] RUN apk add --no-cache ca-certificates tini libstdc++ libc6-compat &&     apk del apk-tools
#24 1.194 Executing busybox-1.37.0-r29.trigger
#24 1.218 OK: 15 MiB in 35 packages
#24 1.259 WARNING: opening from cache https://dl-cdn.alpinelinux.org/alpine/v3.23/main/aarch64/APKINDEX.tar.gz: No such file or directory
#24 1.259 WARNING: opening from cache https://dl-cdn.alpinelinux.org/alpine/v3.23/community/aarch64/APKINDEX.tar.gz: No such file or directory
#24 1.260 (1/3) Purging apk-tools (3.0.1-r1)
#24 1.270 (2/3) Purging ca-certificates-bundle (20251003-r0)
#24 1.277 (3/3) Purging libapk (3.0.1-r1)
#24 1.277 Executing busybox-1.37.0-r29.trigger
#24 1.280 Executing ca-certificates-20251003-r0.trigger
#24 1.325 OK: 14 MiB in 32 packages
#24 DONE 1.3s

#28 [runtime  5/12] COPY --from=node-alpine /usr/local/lib/node_modules/corepack /usr/local/lib/node_modules/corepack
#28 DONE 0.0s

#29 [runtime  6/12] RUN ln -s ../lib/node_modules/corepack/dist/corepack.js /usr/local/bin/corepack && 		ln -s ../lib/node_modules/corepack/dist/pnpm.js /usr/local/bin/pnpm
#29 DONE 0.1s

#30 [javascript-runner-builder 6/6] RUN rm -f node_modules/.modules.yaml &&     pnpm add moment@2.30.1 --prod --no-lockfile
#30 ...

#31 [runtime  7/12] RUN addgroup -g 1000 -S runner  && adduser  -u 1000 -S -G runner -h /home/runner -D runner
#31 DONE 0.1s

#32 [runtime  8/12] WORKDIR /home/runner
#32 DONE 0.0s

#30 [javascript-runner-builder 6/6] RUN rm -f node_modules/.modules.yaml &&     pnpm add moment@2.30.1 --prod --no-lockfile
#30 0.770 ! Corepack is about to download https://registry.npmjs.org/pnpm/-/pnpm-10.25.0.tgz
#30 1.638 Progress: resolved 1, reused 0, downloaded 0, added 0
#30 1.661 node_modules/.pnpm                       |  WARN  Cannot find resolution of @langchain/anthropic@1.1.3(@langchain/core@1.1.0(@opentelemetry/api@1.9.0)(@opentelemetry/sdk-trace-base@1.30.1(@opentelemetry/api@1.9.0))(openai@6.10.0(ws@8.18.3(bufferutil@4.0.9)(utf-8-validate@5.0.10))(zod@3.25.67)))(zod@3.25.67) in lockfile
#30 1.661 node_modules/.pnpm                       |  WARN  Cannot find resolution of @langchain/core@1.1.0(@opentelemetry/api@1.9.0)(@opentelemetry/sdk-trace-base@1.30.1(@opentelemetry/api@1.9.0))(openai@6.10.0(ws@8.18.3(bufferutil@4.0.9)(utf-8-validate@5.0.10))(zod@3.25.67)) in lockfile
#30 1.661 node_modules/.pnpm                       |  WARN  Cannot find resolution of @langchain/langgraph@1.0.2(@langchain/core@1.1.0(@opentelemetry/api@1.9.0)(@opentelemetry/sdk-trace-base@1.30.1(@opentelemetry/api@1.9.0))(openai@6.10.0(ws@8.18.3(bufferutil@4.0.9)(utf-8-validate@5.0.10))(zod@3.25.67)))(react-dom@19.2.1(react@19.2.1))(react@19.2.1)(zod-to-json-schema@3.25.0(zod@3.25.67))(zod@3.25.67) in lockfile
#30 1.661 node_modules/.pnpm                       |  WARN  Cannot find resolution of @langchain/openai@1.1.3(@langchain/core@1.1.0(@opentelemetry/api@1.9.0)(@opentelemetry/sdk-trace-base@1.30.1(@opentelemetry/api@1.9.0))(openai@6.10.0(ws@8.18.3(bufferutil@4.0.9)(utf-8-validate@5.0.10))(zod@3.25.67)))(ws@8.18.3(bufferutil@4.0.9)(utf-8-validate@5.0.10)) in lockfile
#30 1.662 node_modules/.pnpm                       |  WARN  Cannot find resolution of @n8n/utils@file:packages/@n8n/utils in lockfile
#30 1.662 node_modules/.pnpm                       |  WARN  Cannot find resolution of @n8n_io/ai-assistant-sdk@1.19.1 in lockfile
#30 1.662 node_modules/.pnpm                       |  WARN  Cannot find resolution of csv-parse@5.5.0 in lockfile
#30 1.663 node_modules/.pnpm                       |  WARN  Cannot find resolution of langsmith@0.3.82(@opentelemetry/api@1.9.0)(@opentelemetry/sdk-trace-base@1.30.1(@opentelemetry/api@1.9.0))(openai@6.10.0(ws@8.18.3(bufferutil@4.0.9)(utf-8-validate@5.0.10))(zod@3.25.67)) in lockfile
#30 1.663 node_modules/.pnpm                       |  WARN  Cannot find resolution of xss@1.0.15 in lockfile
#30 1.663 node_modules/.pnpm                       |  WARN  Cannot find resolution of zod-class@0.0.16(zod@3.25.67) in lockfile
#30 1.664 node_modules/.pnpm                       |  WARN  Cannot find resolution of @n8n/db@file:packages/@n8n/db(@sentry/node@9.47.1)(mysql2@3.15.0)(pg@8.12.0)(sqlite3@5.1.7) in lockfile
#30 1.664 node_modules/.pnpm                       |  WARN  Cannot find resolution of @n8n/typeorm@0.3.20-15(@sentry/node@9.47.1)(mysql2@3.15.0)(pg@8.12.0)(sqlite3@5.1.7) in lockfile
#30 1.664 node_modules/.pnpm                       |  WARN  Cannot find resolution of jest-mock-extended@3.0.7(jest@29.7.0(@types/node@20.19.25))(typescript@5.9.2) in lockfile
#30 1.664 node_modules/.pnpm                       |  WARN  Cannot find resolution of @oclif/core@4.0.7 in lockfile
#30 1.664 node_modules/.pnpm                       |  WARN  Cannot find resolution of dotenv@17.2.3 in lockfile
#30 1.664 node_modules/.pnpm                       |  WARN  Cannot find resolution of zx@8.8.5 in lockfile
#30 1.664 node_modules/.pnpm                       |  WARN  Cannot find resolution of @codemirror/language@6.11.3 in lockfile
#30 1.664 node_modules/.pnpm                       |  WARN  Cannot find resolution of @lezer/highlight@1.2.3 in lockfile
#30 1.665 node_modules/.pnpm                       |  WARN  Cannot find resolution of @lezer/lr@1.4.4 in lockfile
#30 1.665 node_modules/.pnpm                       |  WARN  Cannot find resolution of @codemirror/autocomplete@6.20.0 in lockfile
#30 1.665 node_modules/.pnpm                       |  WARN  Cannot find resolution of @codemirror/state@6.5.2 in lockfile
#30 1.665 node_modules/.pnpm                       |  WARN  Cannot find resolution of @lezer/common@1.4.0 in lockfile
#30 1.665 node_modules/.pnpm                       |  WARN  Cannot find resolution of @n8n/codemirror-lang@file:packages/@n8n/codemirror-lang(@codemirror/language@6.11.3)(@lezer/highlight@1.2.3)(@lezer/lr@1.4.4) in lockfile
#30 1.665 node_modules/.pnpm                       |  WARN  Cannot find resolution of @n8n/node-cli@file:packages/@n8n/node-cli(@typescript-eslint/utils@8.48.1(eslint@9.29.0(jiti@1.21.7))(typescript@5.9.2))(eslint-import-resolver-node@0.3.9)(eslint-plugin-import@2.32.0(eslint@9.29.0(jiti@1.21.7)))(eslint@9.29.0(jiti@1.21.7))(typescript@5.9.2) in lockfile
#30 1.665 node_modules/.pnpm                       |  WARN  Cannot find resolution of @n8n/api-types@file:packages/@n8n/api-types in lockfile
#30 1.665 node_modules/.pnpm                       |  WARN  Cannot find resolution of class-validator@0.14.0 in lockfile
#30 1.666 node_modules/.pnpm                       |  WARN  Cannot find resolution of flatted@3.2.7 in lockfile
#30 1.666 node_modules/.pnpm                       |  WARN  Cannot find resolution of n8n-core@file:packages/core in lockfile
#30 1.666 node_modules/.pnpm                       |  WARN  Cannot find resolution of p-lazy@3.1.0 in lockfile
#30 1.666 node_modules/.pnpm                       |  WARN  Cannot find resolution of eslint@9.29.0(jiti@1.21.7) in lockfile
#30 1.666 node_modules/.pnpm                       |  WARN  Cannot find resolution of @typescript-eslint/utils@8.48.1(eslint@9.39.1(jiti@1.21.7))(typescript@5.9.2) in lockfile
#30 1.666 node_modules/.pnpm                       |  WARN  Cannot find resolution of eslint@9.39.1(jiti@1.21.7) in lockfile
#30 1.666 node_modules/.pnpm                       |  WARN  Cannot find resolution of fastest-levenshtein@1.0.16 in lockfile
#30 1.667 node_modules/.pnpm                       |  WARN  Cannot find resolution of imap@0.8.19 in lockfile
#30 1.667 node_modules/.pnpm                       |  WARN  Cannot find resolution of quoted-printable@1.0.1 in lockfile
#30 1.667 node_modules/.pnpm                       |  WARN  Cannot find resolution of utf8@3.0.0 in lockfile
#30 1.667 node_modules/.pnpm                       |  WARN  Cannot find resolution of uuencode@0.0.4 in lockfile
#30 1.667 node_modules/.pnpm                       |  WARN  Cannot find resolution of @clack/prompts@0.11.0 in lockfile
#30 1.667 node_modules/.pnpm                       |  WARN  Cannot find resolution of @n8n/eslint-plugin-community-nodes@file:packages/@n8n/eslint-plugin-community-nodes(eslint@9.39.1(jiti@1.21.7))(typescript@5.9.2) in lockfile
#30 1.667 node_modules/.pnpm                       |  WARN  Cannot find resolution of @oclif/core@4.8.0 in lockfile
#30 1.667 node_modules/.pnpm                       |  WARN  Cannot find resolution of change-case@5.4.4 in lockfile
#30 1.667 node_modules/.pnpm                       |  WARN  Cannot find resolution of eslint-import-resolver-typescript@4.4.4(eslint-plugin-import-x@4.16.1(@typescript-eslint/utils@8.48.1(eslint@9.39.1(jiti@1.21.7))(typescript@5.9.2))(eslint-import-resolver-node@0.3.9)(eslint@9.39.1(jiti@1.21.7)))(eslint-plugin-import@2.32.0)(eslint@9.39.1(jiti@1.21.7)) in lockfile
#30 1.667 node_modules/.pnpm                       |  WARN  Cannot find resolution of eslint-plugin-import-x@4.16.1(@typescript-eslint/utils@8.48.1(eslint@9.39.1(jiti@1.21.7))(typescript@5.9.2))(eslint-import-resolver-node@0.3.9)(eslint@9.39.1(jiti@1.21.7)) in lockfile
#30 1.667 node_modules/.pnpm                       |  WARN  Cannot find resolution of eslint-plugin-n8n-nodes-base@1.16.3(eslint@9.39.1(jiti@1.21.7))(typescript@5.9.2) in lockfile
#30 1.667 node_modules/.pnpm                       |  WARN  Cannot find resolution of handlebars@4.7.8 in lockfile
#30 1.667 node_modules/.pnpm                       |  WARN  Cannot find resolution of prettier@3.6.2 in lockfile
#30 1.667 node_modules/.pnpm                       |  WARN  Cannot find resolution of prompts@2.4.2 in lockfile
#30 1.668 node_modules/.pnpm                       |  WARN  Cannot find resolution of rimraf@6.0.1 in lockfile
#30 1.668 node_modules/.pnpm                       |  WARN  Cannot find resolution of ts-morph@26.0.0 in lockfile
#30 1.668 node_modules/.pnpm                       |  WARN  Cannot find resolution of typescript-eslint@8.48.1(eslint@9.39.1(jiti@1.21.7))(typescript@5.9.2) in lockfile
#30 1.668 node_modules/.pnpm                       |  WARN  Cannot find resolution of @aws-sdk/client-sso-oidc@3.808.0 in lockfile
#30 1.668 node_modules/.pnpm                       |  WARN  Cannot find resolution of @azure/identity@4.13.0 in lockfile
#30 1.668 node_modules/.pnpm                       |  WARN  Cannot find resolution of @azure/search-documents@12.1.0 in lockfile
#30 1.668 node_modules/.pnpm                       |  WARN  Cannot find resolution of @getzep/zep-cloud@1.0.6(@langchain/core@1.1.0(@opentelemetry/api@1.9.0)(@opentelemetry/sdk-trace-base@1.30.1(@opentelemetry/api@1.9.0))(openai@6.10.0(ws@8.18.3(bufferutil@4.0.9)(utf-8-validate@5.0.10))(zod@3.25.67)))(encoding@0.1.13)(langchain@1.1.1(@langchain/core@1.1.0(@opentelemetry/api@1.9.0)(@opentelemetry/sdk-trace-base@1.30.1(@opentelemetry/api@1.9.0))(openai@6.10.0(ws@8.18.3(bufferutil@4.0.9)(utf-8-validate@5.0.10))(zod@3.25.67)))(@opentelemetry/api@1.9.0)(@opentelemetry/sdk-trace-base@1.30.1(@opentelemetry/api@1.9.0))(openai@6.10.0(ws@8.18.3(bufferutil@4.0.9)(utf-8-validate@5.0.10))(zod@3.25.67))(zod-to-json-schema@3.23.3(zod@3.25.67))) in lockfile
#30 1.668 node_modules/.pnpm                       |  WARN  Cannot find resolution of @getzep/zep-js@0.9.0 in lockfile
#30 1.668 node_modules/.pnpm                       |  WARN  Cannot find resolution of @google-cloud/resource-manager@5.3.0(encoding@0.1.13) in lockfile
#30 1.669 node_modules/.pnpm                       |  WARN  Cannot find resolution of @google/genai@1.19.0(@modelcontextprotocol/sdk@1.24.0(@cfworker/json-schema@4.1.1)(zod@3.25.67))(bufferutil@4.0.9)(utf-8-validate@5.0.10) in lockfile
#30 1.669 node_modules/.pnpm                       |  WARN  Cannot find resolution of @google/generative-ai@0.21.0 in lockfile
#30 1.669 node_modules/.pnpm                       |  WARN  Cannot find resolution of @huggingface/inference@4.0.5 in lockfile
#30 1.669 node_modules/.pnpm                       |  WARN  Cannot find resolution of @langchain/aws@1.0.3(@langchain/core@1.1.0(@opentelemetry/api@1.9.0)(@opentelemetry/sdk-trace-base@1.30.1(@opentelemetry/api@1.9.0))(openai@6.10.0(ws@8.18.3(bufferutil@4.0.9)(utf-8-validate@5.0.10))(zod@3.25.67))) in lockfile
#30 1.669 node_modules/.pnpm                       |  WARN  Cannot find resolution of @langchain/classic@1.0.5(@langchain/core@1.1.0(@opentelemetry/api@1.9.0)(@opentelemetry/sdk-trace-base@1.30.1(@opentelemetry/api@1.9.0))(openai@6.10.0(ws@8.18.3(bufferutil@4.0.9)(utf-8-validate@5.0.10))(zod@3.25.67)))(@opentelemetry/api@1.9.0)(@opentelemetry/sdk-trace-base@1.30.1(@opentelemetry/api@1.9.0))(cheerio@1.0.0)(openai@6.10.0(ws@8.18.3(bufferutil@4.0.9)(utf-8-validate@5.0.10))(zod@3.25.67))(ws@8.18.3(bufferutil@4.0.9)(utf-8-validate@5.0.10)) in lockfile
#30 1.669 node_modules/.pnpm                       |  WARN  Cannot find resolution of @langchain/cohere@1.0.1(@langchain/core@1.1.0(@opentelemetry/api@1.9.0)(@opentelemetry/sdk-trace-base@1.30.1(@opentelemetry/api@1.9.0))(openai@6.10.0(ws@8.18.3(bufferutil@4.0.9)(utf-8-validate@5.0.10))(zod@3.25.67)))(encoding@0.1.13) in lockfile
#30 1.669 node_modules/.pnpm                       |  WARN  Cannot find resolution of @langchain/community@1.0.5(87470d977ef7945ea25dcc61c0d00fa1) in lockfile
#30 1.669 node_modules/.pnpm                       |  WARN  Cannot find resolution of @langchain/google-genai@2.0.0(@langchain/core@1.1.0(@opentelemetry/api@1.9.0)(@opentelemetry/sdk-trace-base@1.30.1(@opentelemetry/api@1.9.0))(openai@6.10.0(ws@8.18.3(bufferutil@4.0.9)(utf-8-validate@5.0.10))(zod@3.25.67))) in lockfile
#30 1.669 node_modules/.pnpm                       |  WARN  Cannot find resolution of @langchain/google-vertexai@2.0.0(@langchain/core@1.1.0(@opentelemetry/api@1.9.0)(@opentelemetry/sdk-trace-base@1.30.1(@opentelemetry/api@1.9.0))(openai@6.10.0(ws@8.18.3(bufferutil@4.0.9)(utf-8-validate@5.0.10))(zod@3.25.67))) in lockfile
#30 1.669 node_modules/.pnpm                       |  WARN  Cannot find resolution of @langchain/groq@1.0.2(@langchain/core@1.1.0(@opentelemetry/api@1.9.0)(@opentelemetry/sdk-trace-base@1.30.1(@opentelemetry/api@1.9.0))(openai@6.10.0(ws@8.18.3(bufferutil@4.0.9)(utf-8-validate@5.0.10))(zod@3.25.67)))(encoding@0.1.13) in lockfile
#30 1.669 node_modules/.pnpm                       |  WARN  Cannot find resolution of @langchain/mistralai@1.0.1(@langchain/core@1.1.0(@opentelemetry/api@1.9.0)(@opentelemetry/sdk-trace-base@1.30.1(@opentelemetry/api@1.9.0))(openai@6.10.0(ws@8.18.3(bufferutil@4.0.9)(utf-8-validate@5.0.10))(zod@3.25.67))) in lockfile
#30 1.669 node_modules/.pnpm                       |  WARN  Cannot find resolution of @langchain/mongodb@1.0.1(@aws-sdk/credential-providers@3.946.0)(@langchain/core@1.1.0(@opentelemetry/api@1.9.0)(@opentelemetry/sdk-trace-base@1.30.1(@opentelemetry/api@1.9.0))(openai@6.10.0(ws@8.18.3(bufferutil@4.0.9)(utf-8-validate@5.0.10))(zod@3.25.67)))(socks@2.8.7) in lockfile
#30 1.669 node_modules/.pnpm                       |  WARN  Cannot find resolution of @langchain/ollama@1.0.2(@langchain/core@1.1.0(@opentelemetry/api@1.9.0)(@opentelemetry/sdk-trace-base@1.30.1(@opentelemetry/api@1.9.0))(openai@6.10.0(ws@8.18.3(bufferutil@4.0.9)(utf-8-validate@5.0.10))(zod@3.25.67))) in lockfile
#30 1.670 node_modules/.pnpm                       |  WARN  Cannot find resolution of @langchain/pinecone@1.0.1(@langchain/core@1.1.0(@opentelemetry/api@1.9.0)(@opentelemetry/sdk-trace-base@1.30.1(@opentelemetry/api@1.9.0))(openai@6.10.0(ws@8.18.3(bufferutil@4.0.9)(utf-8-validate@5.0.10))(zod@3.25.67)))(@pinecone-database/pinecone@5.1.2) in lockfile
#30 1.670 node_modules/.pnpm                       |  WARN  Cannot find resolution of @langchain/qdrant@1.0.1(@langchain/core@1.1.0(@opentelemetry/api@1.9.0)(@opentelemetry/sdk-trace-base@1.30.1(@opentelemetry/api@1.9.0))(openai@6.10.0(ws@8.18.3(bufferutil@4.0.9)(utf-8-validate@5.0.10))(zod@3.25.67)))(typescript@5.9.2) in lockfile
#30 1.670 node_modules/.pnpm                       |  WARN  Cannot find resolution of @langchain/redis@1.0.1(@langchain/core@1.1.0(@opentelemetry/api@1.9.0)(@opentelemetry/sdk-trace-base@1.30.1(@opentelemetry/api@1.9.0))(openai@6.10.0(ws@8.18.3(bufferutil@4.0.9)(utf-8-validate@5.0.10))(zod@3.25.67))) in lockfile
#30 1.670 node_modules/.pnpm                       |  WARN  Cannot find resolution of @langchain/textsplitters@1.0.1(@langchain/core@1.1.0(@opentelemetry/api@1.9.0)(@opentelemetry/sdk-trace-base@1.30.1(@opentelemetry/api@1.9.0))(openai@6.10.0(ws@8.18.3(bufferutil@4.0.9)(utf-8-validate@5.0.10))(zod@3.25.67))) in lockfile
#30 1.670 node_modules/.pnpm                       |  WARN  Cannot find resolution of @langchain/weaviate@1.0.1(@langchain/core@1.1.0(@opentelemetry/api@1.9.0)(@opentelemetry/sdk-trace-base@1.30.1(@opentelemetry/api@1.9.0))(openai@6.10.0(ws@8.18.3(bufferutil@4.0.9)(utf-8-validate@5.0.10))(zod@3.25.67)))(encoding@0.1.13) in lockfile
#30 1.670 node_modules/.pnpm                       |  WARN  Cannot find resolution of @modelcontextprotocol/sdk@1.24.0(@cfworker/json-schema@4.1.1)(zod@3.25.67) in lockfile
#30 1.670 node_modules/.pnpm                       |  WARN  Cannot find resolution of @mozilla/readability@0.6.0 in lockfile
#30 1.670 node_modules/.pnpm                       |  WARN  Cannot find resolution of @n8n/json-schema-to-zod@file:packages/@n8n/json-schema-to-zod(zod@3.25.67) in lockfile
#30 1.670 node_modules/.pnpm                       |  WARN  Cannot find resolution of @n8n/typescript-config@file:packages/@n8n/typescript-config in lockfile
#30 1.670 node_modules/.pnpm                       |  WARN  Cannot find resolution of @n8n/vm2@3.9.25 in lockfile
#30 1.670 node_modules/.pnpm                       |  WARN  Cannot find resolution of @pinecone-database/pinecone@5.1.2 in lockfile
#30 1.670 node_modules/.pnpm                       |  WARN  Cannot find resolution of @qdrant/js-client-rest@1.16.2(typescript@5.9.2) in lockfile
#30 1.670 node_modules/.pnpm                       |  WARN  Cannot find resolution of @supabase/supabase-js@2.49.9(bufferutil@4.0.9)(utf-8-validate@5.0.10) in lockfile
#30 1.670 node_modules/.pnpm                       |  WARN  Cannot find resolution of @xata.io/client@0.28.4(typescript@5.9.2) in lockfile
#30 1.670 node_modules/.pnpm                       |  WARN  Cannot find resolution of @zilliz/milvus2-sdk-node@2.6.5 in lockfile
#30 1.670 node_modules/.pnpm                       |  WARN  Cannot find resolution of basic-auth@2.0.1 in lockfile
#30 1.670 node_modules/.pnpm                       |  WARN  Cannot find resolution of cheerio@1.0.0 in lockfile
#30 1.670 node_modules/.pnpm                       |  WARN  Cannot find resolution of cohere-ai@7.14.0(encoding@0.1.13) in lockfile
#30 1.670 node_modules/.pnpm                       |  WARN  Cannot find resolution of d3-dsv@2.0.0 in lockfile
#30 1.671 node_modules/.pnpm                       |  WARN  Cannot find resolution of epub2@3.0.2(ts-toolbelt@9.6.0) in lockfile
#30 1.671 node_modules/.pnpm                       |  WARN  Cannot find resolution of generate-schema@2.6.0 in lockfile
#30 1.671 node_modules/.pnpm                       |  WARN  Cannot find resolution of html-to-text@9.0.5 in lockfile
#30 1.671 node_modules/.pnpm                       |  WARN  Cannot find resolution of ignore@5.3.2 in lockfile
#30 1.671 node_modules/.pnpm                       |  WARN  Cannot find resolution of jsdom@23.0.1(bufferutil@4.0.9)(utf-8-validate@5.0.10) in lockfile
#30 1.671 node_modules/.pnpm                       |  WARN  Cannot find resolution of langchain@1.1.1(@langchain/core@1.1.0(@opentelemetry/api@1.9.0)(@opentelemetry/sdk-trace-base@1.30.1(@opentelemetry/api@1.9.0))(openai@6.10.0(ws@8.18.3(bufferutil@4.0.9)(utf-8-validate@5.0.10))(zod@3.25.67)))(@opentelemetry/api@1.9.0)(@opentelemetry/sdk-trace-base@1.30.1(@opentelemetry/api@1.9.0))(openai@6.10.0(ws@8.18.3(bufferutil@4.0.9)(utf-8-validate@5.0.10))(zod@3.25.67))(zod-to-json-schema@3.23.3(zod@3.25.67)) in lockfile
#30 1.671 node_modules/.pnpm                       |  WARN  Cannot find resolution of mammoth@1.11.0 in lockfile
#30 1.671 node_modules/.pnpm                       |  WARN  Cannot find resolution of mongodb@6.21.0(@aws-sdk/credential-providers@3.946.0)(socks@2.8.7) in lockfile
#30 1.671 node_modules/.pnpm                       |  WARN  Cannot find resolution of n8n-nodes-base@file:packages/nodes-base(@aws-sdk/credential-providers@3.946.0)(asn1.js@5.4.1)(bufferutil@4.0.9)(date-fns@2.30.0)(encoding@0.1.13)(promise-ftp-common@1.1.5)(socks@2.8.7)(utf-8-validate@5.0.10)(zod@3.25.67) in lockfile
#30 1.671 node_modules/.pnpm                       |  WARN  Cannot find resolution of openai@6.10.0(ws@8.18.3(bufferutil@4.0.9)(utf-8-validate@5.0.10))(zod@3.25.67) in lockfile
#30 1.671 node_modules/.pnpm                       |  WARN  Cannot find resolution of pdf-parse@1.1.1 in lockfile
#30 1.671 node_modules/.pnpm                       |  WARN  Cannot find resolution of pg@8.12.0 in lockfile
#30 1.671 node_modules/.pnpm                       |  WARN  Cannot find resolution of redis@4.6.14 in lockfile
#30 1.671 node_modules/.pnpm                       |  WARN  Cannot find resolution of sanitize-html@2.12.1 in lockfile
#30 1.671 node_modules/.pnpm                       |  WARN  Cannot find resolution of sqlite3@5.1.7 in lockfile
#30 1.671 node_modules/.pnpm                       |  WARN  Cannot find resolution of temp@0.9.4 in lockfile
#30 1.671 node_modules/.pnpm                       |  WARN  Cannot find resolution of tmp-promise@3.0.3 in lockfile
#30 1.671 node_modules/.pnpm                       |  WARN  Cannot find resolution of undici@6.22.0 in lockfile
#30 1.672 node_modules/.pnpm                       |  WARN  Cannot find resolution of weaviate-client@3.6.2(encoding@0.1.13) in lockfile
#30 1.672 node_modules/.pnpm                       |  WARN  Cannot find resolution of zod-to-json-schema@3.23.3(zod@3.25.67) in lockfile
#30 1.672 node_modules/.pnpm                       |  WARN  Cannot find resolution of @n8n/eslint-plugin-community-nodes@file:packages/@n8n/eslint-plugin-community-nodes(eslint@9.29.0(jiti@1.21.7))(typescript@5.9.2) in lockfile
#30 1.672 node_modules/.pnpm                       |  WARN  Cannot find resolution of tmp@0.2.4 in lockfile
#30 1.672 node_modules/.pnpm                       |  WARN  Cannot find resolution of postcss-html@1.8.0 in lockfile
#30 1.672 node_modules/.pnpm                       |  WARN  Cannot find resolution of postcss-scss@4.0.9(postcss@8.5.6) in lockfile
#30 1.672 node_modules/.pnpm                       |  WARN  Cannot find resolution of stylelint@16.26.1(typescript@5.9.2) in lockfile
#30 1.672 node_modules/.pnpm                       |  WARN  Cannot find resolution of stylelint-config-standard-scss@15.0.1(postcss@8.5.6)(stylelint@16.26.1(typescript@5.9.2)) in lockfile
#30 1.672 node_modules/.pnpm                       |  WARN  Cannot find resolution of stylelint-scss@6.13.0(stylelint@16.26.1(typescript@5.9.2)) in lockfile
#30 1.674 node_modules/.pnpm                       |  WARN  Cannot find resolution of cpu-features@0.0.10 in lockfile
#30 1.674 node_modules/.pnpm                       |  WARN  Cannot find resolution of nan@2.24.0 in lockfile
#30 1.674 node_modules/.pnpm                       |  WARN  Cannot find resolution of bufferutil@4.0.9 in lockfile
#30 1.675 node_modules/.pnpm                       |  WARN  Cannot find resolution of utf-8-validate@5.0.10 in lockfile
#30 1.675 node_modules/.pnpm                       |  WARN  Cannot find resolution of @aws-sdk/client-secrets-manager@3.808.0 in lockfile
#30 1.675 node_modules/.pnpm                       |  WARN  Cannot find resolution of @azure/keyvault-secrets@4.8.0 in lockfile
#30 1.675 node_modules/.pnpm                       |  WARN  Cannot find resolution of @azure/msal-node@2.16.3 in lockfile
#30 1.675 node_modules/.pnpm                       |  WARN  Cannot find resolution of @google-cloud/secret-manager@5.6.0(encoding@0.1.13) in lockfile
#30 1.675 node_modules/.pnpm                       |  WARN  Cannot find resolution of @n8n/ai-workflow-builder@file:packages/@n8n/ai-workflow-builder.ee(@opentelemetry/api@1.9.0)(@opentelemetry/sdk-trace-base@1.30.1(@opentelemetry/api@1.9.0))(openai@6.10.0(ws@8.18.3(bufferutil@4.0.9)(utf-8-validate@5.0.10))(zod@3.25.67))(react-dom@19.2.1(react@19.2.1))(react@19.2.1)(ws@8.18.3(bufferutil@4.0.9)(utf-8-validate@5.0.10))(zod-to-json-schema@3.25.0(zod@3.25.67)) in lockfile
#30 1.675 node_modules/.pnpm                       |  WARN  Cannot find resolution of @n8n/db@file:packages/@n8n/db(@opentelemetry/api@1.9.0)(@opentelemetry/sdk-trace-base@1.30.1(@opentelemetry/api@1.9.0))(@sentry/node@9.47.1)(mysql2@3.15.0)(openai@6.10.0(ws@8.18.3(bufferutil@4.0.9)(utf-8-validate@5.0.10))(zod@3.25.67))(pg@8.12.0)(sqlite3@5.1.7) in lockfile
#30 1.675 node_modules/.pnpm                       |  WARN  Cannot find resolution of @n8n/localtunnel@3.0.0 in lockfile
#30 1.675 node_modules/.pnpm                       |  WARN  Cannot find resolution of @n8n/n8n-nodes-langchain@file:packages/@n8n/nodes-langchain(d87e25ff7163e0a68fa6a1318ca7d4d4) in lockfile
#30 1.675 node_modules/.pnpm                       |  WARN  Cannot find resolution of @n8n/task-runner@file:packages/@n8n/task-runner(@opentelemetry/api@1.9.0)(@opentelemetry/sdk-trace-base@1.30.1(@opentelemetry/api@1.9.0))(bufferutil@4.0.9)(openai@6.10.0(ws@8.18.3(bufferutil@4.0.9)(utf-8-validate@5.0.10))(zod@3.25.67))(utf-8-validate@5.0.10) in lockfile
#30 1.675 node_modules/.pnpm                       |  WARN  Cannot find resolution of @n8n_io/license-sdk@2.24.1 in lockfile
#30 1.675 node_modules/.pnpm                       |  WARN  Cannot find resolution of @parcel/watcher@2.5.1 in lockfile
#30 1.675 node_modules/.pnpm                       |  WARN  Cannot find resolution of @rudderstack/rudder-sdk-node@2.1.4(tslib@2.8.1) in lockfile
#30 1.675 node_modules/.pnpm                       |  WARN  Cannot find resolution of aws4@1.11.0 in lockfile
#30 1.675 node_modules/.pnpm                       |  WARN  Cannot find resolution of bcryptjs@2.4.3 in lockfile
#30 1.675 node_modules/.pnpm                       |  WARN  Cannot find resolution of bull@4.16.4(patch_hash=a4b6d56db16fe5870646929938466d6a5c668435fd1551bed6a93fffb597ba42) in lockfile
#30 1.676 node_modules/.pnpm                       |  WARN  Cannot find resolution of cache-manager@5.2.3 in lockfile
#30 1.676 node_modules/.pnpm                       |  WARN  Cannot find resolution of change-case@4.1.2 in lockfile
#30 1.676 node_modules/.pnpm                       |  WARN  Cannot find resolution of class-transformer@0.5.1 in lockfile
#30 1.676 node_modules/.pnpm                       |  WARN  Cannot find resolution of compression@1.8.1 in lockfile
#30 1.676 node_modules/.pnpm                       |  WARN  Cannot find resolution of convict@6.2.4 in lockfile
#30 1.676 node_modules/.pnpm                       |  WARN  Cannot find resolution of cookie-parser@1.4.7 in lockfile
#30 1.676 node_modules/.pnpm                       |  WARN  Cannot find resolution of csrf@3.1.0 in lockfile
#30 1.676 node_modules/.pnpm                       |  WARN  Cannot find resolution of express@5.1.0 in lockfile
#30 1.676 node_modules/.pnpm                       |  WARN  Cannot find resolution of express-handlebars@8.0.1 in lockfile
#30 1.676 node_modules/.pnpm                       |  WARN  Cannot find resolution of express-openapi-validator@5.5.3(express@5.1.0) in lockfile
#30 1.676 node_modules/.pnpm                       |  WARN  Cannot find resolution of express-prom-bundle@8.0.0(prom-client@15.1.3) in lockfile
#30 1.676 node_modules/.pnpm                       |  WARN  Cannot find resolution of express-rate-limit@7.5.0(express@5.1.0) in lockfile
#30 1.676 node_modules/.pnpm                       |  WARN  Cannot find resolution of flat@5.0.2 in lockfile
#30 1.676 node_modules/.pnpm                       |  WARN  Cannot find resolution of formidable@3.5.4 in lockfile
#30 1.676 node_modules/.pnpm                       |  WARN  Cannot find resolution of helmet@8.1.0 in lockfile
#30 1.676 node_modules/.pnpm                       |  WARN  Cannot find resolution of http-proxy-middleware@3.0.5 in lockfile
#30 1.676 node_modules/.pnpm                       |  WARN  Cannot find resolution of infisical-node@1.3.0 in lockfile
#30 1.677 node_modules/.pnpm                       |  WARN  Cannot find resolution of ioredis@5.3.2 in lockfile
#30 1.677 node_modules/.pnpm                       |  WARN  Cannot find resolution of isbot@3.6.13 in lockfile
#30 1.677 node_modules/.pnpm                       |  WARN  Cannot find resolution of json-diff@1.0.6 in lockfile
#30 1.677 node_modules/.pnpm                       |  WARN  Cannot find resolution of jsonschema@1.4.1 in lockfile
#30 1.677 node_modules/.pnpm                       |  WARN  Cannot find resolution of ldapts@4.2.6 in lockfile
#30 1.677 node_modules/.pnpm                       |  WARN  Cannot find resolution of mysql2@3.15.0 in lockfile
#30 1.678 node_modules/.pnpm                       |  WARN  Cannot find resolution of n8n-core@file:packages/core(@opentelemetry/api@1.9.0)(@opentelemetry/sdk-trace-base@1.30.1(@opentelemetry/api@1.9.0))(openai@6.10.0(ws@8.18.3(bufferutil@4.0.9)(utf-8-validate@5.0.10))(zod@3.25.67)) in lockfile
#30 1.678 node_modules/.pnpm                       |  WARN  Cannot find resolution of n8n-editor-ui@file:packages/frontend/editor-ui in lockfile
#30 1.678 node_modules/.pnpm                       |  WARN  Cannot find resolution of nodemailer@7.0.11 in lockfile
#30 1.678 node_modules/.pnpm                       |  WARN  Cannot find resolution of open@7.4.2 in lockfile
#30 1.678 node_modules/.pnpm                       |  WARN  Cannot find resolution of openid-client@6.5.0 in lockfile
#30 1.679 node_modules/.pnpm                       |  WARN  Cannot find resolution of otpauth@9.1.1 in lockfile
#30 1.679 node_modules/.pnpm                       |  WARN  Cannot find resolution of pkce-challenge@5.0.0(patch_hash=651e785d0b7bbf5be9210e1e895c39a16dc3ce8a5a3843b4819565fb6e175b90) in lockfile
#30 1.680 node_modules/.pnpm                       |  WARN  Cannot find resolution of posthog-node@3.2.1 in lockfile
#30 1.680 node_modules/.pnpm                       |  WARN  Cannot find resolution of prom-client@15.1.3 in lockfile
#30 1.680 node_modules/.pnpm                       |  WARN  Cannot find resolution of psl@1.9.0 in lockfile
#30 1.680 node_modules/.pnpm                       |  WARN  Cannot find resolution of raw-body@3.0.0 in lockfile
#30 1.680 node_modules/.pnpm                       |  WARN  Cannot find resolution of replacestream@4.0.3 in lockfile
#30 1.680 node_modules/.pnpm                       |  WARN  Cannot find resolution of samlify@2.10.0 in lockfile
#30 1.680 node_modules/.pnpm                       |  WARN  Cannot find resolution of shelljs@0.8.5 in lockfile
#30 1.681 node_modules/.pnpm                       |  WARN  Cannot find resolution of simple-git@3.28.0 in lockfile
#30 1.681 node_modules/.pnpm                       |  WARN  Cannot find resolution of source-map-support@0.5.21 in lockfile
#30 1.681 node_modules/.pnpm                       |  WARN  Cannot find resolution of sshpk@1.18.0 in lockfile
#30 1.681 node_modules/.pnpm                       |  WARN  Cannot find resolution of swagger-ui-express@5.0.1(express@5.1.0) in lockfile
#30 1.681 node_modules/.pnpm                       |  WARN  Cannot find resolution of syslog-client@1.1.1 in lockfile
#30 1.681 node_modules/.pnpm                       |  WARN  Cannot find resolution of undici@7.16.0 in lockfile
#30 1.682 node_modules/.pnpm                       |  WARN  Cannot find resolution of validator@13.15.22 in lockfile
#30 1.682 node_modules/.pnpm                       |  WARN  Cannot find resolution of xmllint-wasm@3.0.1 in lockfile
#30 1.682 node_modules/.pnpm                       |  WARN  Cannot find resolution of yamljs@0.3.0 in lockfile
#30 1.682 node_modules/.pnpm                       |  WARN  Cannot find resolution of @n8n/extension-sdk@file:packages/@n8n/extension-sdk(vue-router@4.6.3(vue@3.5.25(typescript@5.9.2)))(vue@3.5.25(typescript@5.9.2)) in lockfile
#30 1.682 node_modules/.pnpm                       |  WARN  Cannot find resolution of @n8n/design-system@file:packages/frontend/@n8n/design-system in lockfile
#30 1.682 node_modules/.pnpm                       |  WARN  Cannot find resolution of @vueuse/core@10.11.1(vue@3.5.25(typescript@5.9.2)) in lockfile
#30 1.682 node_modules/.pnpm                       |  WARN  Cannot find resolution of highlight.js@11.8.0 in lockfile
#30 1.682 node_modules/.pnpm                       |  WARN  Cannot find resolution of markdown-it-link-attributes@4.0.1 in lockfile
#30 1.682 node_modules/.pnpm                       |  WARN  Cannot find resolution of vue@3.5.25(typescript@5.9.2) in lockfile
#30 1.682 node_modules/.pnpm                       |  WARN  Cannot find resolution of vue-markdown-render@2.3.0(vue@3.5.25(typescript@5.9.2)) in lockfile
#30 1.682 node_modules/.pnpm                       |  WARN  Cannot find resolution of vue-i18n@11.2.2(vue@3.5.25(typescript@5.9.2)) in lockfile
#30 1.683 node_modules/.pnpm                       |  WARN  Cannot find resolution of inquirer@7.3.3 in lockfile
#30 1.683 node_modules/.pnpm                       |  WARN  Cannot find resolution of replace-in-file@6.3.5 in lockfile
#30 1.683 node_modules/.pnpm                       |  WARN  Cannot find resolution of @kafkajs/confluent-schema-registry@3.8.0 in lockfile
#30 1.683 node_modules/.pnpm                       |  WARN  Cannot find resolution of @n8n/imap@file:packages/@n8n/imap in lockfile
#30 1.683 node_modules/.pnpm                       |  WARN  Cannot find resolution of alasql@4.4.0(encoding@0.1.13) in lockfile
#30 1.683 node_modules/.pnpm                       |  WARN  Cannot find resolution of amqplib@0.10.6 in lockfile
#30 1.683 node_modules/.pnpm                       |  WARN  Cannot find resolution of cheerio@1.0.0-rc.6 in lockfile
#30 1.683 node_modules/.pnpm                       |  WARN  Cannot find resolution of chokidar@4.0.3 in lockfile
#30 1.683 node_modules/.pnpm                       |  WARN  Cannot find resolution of currency-codes@2.1.0 in lockfile
#30 1.683 node_modules/.pnpm                       |  WARN  Cannot find resolution of eventsource@2.0.2 in lockfile
#30 1.683 node_modules/.pnpm                       |  WARN  Cannot find resolution of fflate@0.7.4 in lockfile
#30 1.683 node_modules/.pnpm                       |  WARN  Cannot find resolution of get-system-fonts@2.0.2 in lockfile
#30 1.683 node_modules/.pnpm                       |  WARN  Cannot find resolution of gm@1.25.1 in lockfile
#30 1.683 node_modules/.pnpm                       |  WARN  Cannot find resolution of ics@2.40.0 in lockfile
#30 1.683 node_modules/.pnpm                       |  WARN  Cannot find resolution of iso-639-1@2.1.15 in lockfile
#30 1.684 node_modules/.pnpm                       |  WARN  Cannot find resolution of js-nacl@1.4.0 in lockfile
#30 1.684 node_modules/.pnpm                       |  WARN  Cannot find resolution of kafkajs@2.2.4 in lockfile
#30 1.684 node_modules/.pnpm                       |  WARN  Cannot find resolution of lossless-json@1.0.5 in lockfile
#30 1.684 node_modules/.pnpm                       |  WARN  Cannot find resolution of mailparser@3.6.7 in lockfile
#30 1.684 node_modules/.pnpm                       |  WARN  Cannot find resolution of minifaker@1.34.1 in lockfile
#30 1.684 node_modules/.pnpm                       |  WARN  Cannot find resolution of moment-timezone@0.5.48 in lockfile
#30 1.684 node_modules/.pnpm                       |  WARN  Cannot find resolution of mongodb@6.11.0(@aws-sdk/credential-providers@3.946.0)(socks@2.8.7) in lockfile
#30 1.684 node_modules/.pnpm                       |  WARN  Cannot find resolution of mqtt@5.7.2(bufferutil@4.0.9)(utf-8-validate@5.0.10) in lockfile
#30 1.684 node_modules/.pnpm                       |  WARN  Cannot find resolution of mssql@10.0.2 in lockfile
#30 1.684 node_modules/.pnpm                       |  WARN  Cannot find resolution of node-html-markdown@1.2.0 in lockfile
#30 1.684 node_modules/.pnpm                       |  WARN  Cannot find resolution of node-ssh@13.2.0 in lockfile
#30 1.684 node_modules/.pnpm                       |  WARN  Cannot find resolution of oracledb@6.9.0 in lockfile
#30 1.684 node_modules/.pnpm                       |  WARN  Cannot find resolution of pdfjs-dist@5.3.31(patch_hash=421253c8e411cdaef58ba96d2bb44ae0784e1b3e446f5caca50710daa1fa5dcd) in lockfile
#30 1.685 node_modules/.pnpm                       |  WARN  Cannot find resolution of pg-promise@11.9.1 in lockfile
#30 1.685 node_modules/.pnpm                       |  WARN  Cannot find resolution of promise-ftp@1.3.5(promise-ftp-common@1.1.5) in lockfile
#30 1.685 node_modules/.pnpm                       |  WARN  Cannot find resolution of pyodide@0.28.0(bufferutil@4.0.9)(utf-8-validate@5.0.10) in lockfile
#30 1.685 node_modules/.pnpm                       |  WARN  Cannot find resolution of rfc2047@4.0.1 in lockfile
#30 1.685 node_modules/.pnpm                       |  WARN  Cannot find resolution of rhea@3.0.4 in lockfile
#30 1.685 node_modules/.pnpm                       |  WARN  Cannot find resolution of rrule@2.8.1 in lockfile
#30 1.685 node_modules/.pnpm                       |  WARN  Cannot find resolution of rss-parser@3.13.0 in lockfile
#30 1.685 node_modules/.pnpm                       |  WARN  Cannot find resolution of showdown@2.1.0 in lockfile
#30 1.685 node_modules/.pnpm                       |  WARN  Cannot find resolution of snowflake-sdk@2.1.0(asn1.js@5.4.1)(encoding@0.1.13) in lockfile
#30 1.685 node_modules/.pnpm                       |  WARN  Cannot find resolution of ssh2-sftp-client@12.0.1 in lockfile
#30 1.685 node_modules/.pnpm                       |  WARN  Cannot find resolution of ts-ics@1.2.2(date-fns@2.30.0)(lodash@4.17.21)(zod@3.25.67) in lockfile
#30 1.686 node_modules/.pnpm                       |  WARN  Cannot find resolution of xlsx@https://cdn.sheetjs.com/xlsx-0.20.2/xlsx-0.20.2.tgz in lockfile
#30 1.686 node_modules/.pnpm                       |  WARN  Cannot find resolution of xmlhttprequest-ssl@3.1.0 in lockfile
#30 1.719 Packages: +4
#30 1.719 ++++
#30 1.962 Progress: resolved 4, reused 0, downloaded 4, added 4, done
#30 2.025 
#30 2.025 dependencies:
#30 2.025 + moment 2.30.1
#30 2.025 + ws 8.18.3
#30 2.025 
#30 2.025 devDependencies: skipped
#30 2.025 
#30 2.032 Done in 822ms using pnpm v10.25.0
#30 DONE 2.1s

#33 [runtime  9/12] COPY --from=javascript-runner-builder --chown=root:root /app/task-runner-javascript /opt/runners/task-runner-javascript
#33 DONE 2.7s

#34 [runtime 10/12] COPY --from=python-runner-builder --chown=root:root /app/task-runner-python /opt/runners/task-runner-python
#34 DONE 0.3s

#35 [runtime 11/12] COPY --from=launcher-downloader /launcher-bin/* /usr/local/bin/
#35 DONE 0.1s

#36 [runtime 12/12] COPY --chown=root:root docker/images/runners/n8n-task-runners.json /etc/n8n-task-runners.json
#36 DONE 0.0s

#37 exporting to image
#37 exporting layers
#37 exporting layers 4.8s done
#37 exporting manifest sha256:4f47145f0165d8fe5bcb93f86fede87d3a152e5094429c88c374c6263185b37a done
#37 exporting config sha256:ed5886aaa2b39a6baa4004265983f62db300f8cda6a7ff5b74d3a31c2eb25b82 done
#37 exporting attestation manifest sha256:9d86c5565016ae9c5f22dd779dc9e41e04978531121e8bbd9e1bd1a1f446d939 done
#37 exporting manifest list sha256:b675ff42d75eea70a29c52daed2bc4cc1d8977eced6b89c96fe366a96b9c4ad8 done
#37 naming to docker.io/n8nio/runners:local done
#37 unpacking to docker.io/n8nio/runners:local
#37 unpacking to docker.io/n8nio/runners:local 3.1s done
#37 DONE 8.0s

View build details: docker-desktop://dashboard/build/desktop-linux/desktop-linux/tzsxvhhzxykamua0so5ky9lwl


══════════════════════════════════════════════════════
           DOCKER BUILD COMPLETE
══════════════════════════════════════════════════════
✅ Image built: n8nio/n8n:local
   Platform: linux/arm64
   Size: 1.81GB
   Build time: 179s

✅ Image built: n8nio/runners:local
   Platform: linux/arm64
   Size: 543MB
   Build time: 35s

══════════════════════════════════════════════════════
